,no rank,superkingdom,order,family,genus,species,phylum,class,clade,strain,isolate,subphylum
2162,cellular organisms,Archaea,Methanobacteriales,Methanobacteriaceae,Methanobacterium,Methanobacterium formicicum,Euryarchaeota,Methanobacteria,Methanomada group,,,
420247,cellular organisms,Archaea,Methanobacteriales,Methanobacteriaceae,Methanobrevibacter,Methanobrevibacter smithii,Euryarchaeota,Methanobacteria,Methanomada group,Methanobrevibacter smithii ATCC 35061,,
2173,cellular organisms,Archaea,Methanobacteriales,Methanobacteriaceae,Methanobrevibacter,Methanobrevibacter smithii,Euryarchaeota,Methanobacteria,Methanomada group,,,
547558,cellular organisms,Archaea,Methanosarcinales,Methanosarcinaceae,Methanohalophilus,Methanohalophilus mahii,Euryarchaeota,Methanomicrobia,Stenosarchaea group,Methanohalophilus mahii DSM 5219,,
2177,cellular organisms,Archaea,Methanosarcinales,Methanosarcinaceae,Methanohalophilus,Methanohalophilus halophilus,Euryarchaeota,Methanomicrobia,Stenosarchaea group,,,
523846,cellular organisms,Archaea,Methanobacteriales,Methanothermaceae,Methanothermus,Methanothermus fervidus,Euryarchaeota,Methanobacteria,Methanomada group,Methanothermus fervidus DSM 2088,,
406327,cellular organisms,Archaea,Methanococcales,Methanococcaceae,Methanococcus,Methanococcus vannielii,Euryarchaeota,Methanococci,Methanomada group,Methanococcus vannielii SB,,
456320,cellular organisms,Archaea,Methanococcales,Methanococcaceae,Methanococcus,Methanococcus voltae,Euryarchaeota,Methanococci,Methanomada group,Methanococcus voltae A3,,
880724,cellular organisms,Archaea,Methanococcales,Methanocaldococcaceae,Methanotorris,Methanotorris igneus,Euryarchaeota,Methanococci,Methanomada group,Methanotorris igneus Kol 5,,
243232,cellular organisms,Archaea,Methanococcales,Methanocaldococcaceae,Methanocaldococcus,Methanocaldococcus jannaschii,Euryarchaeota,Methanococci,Methanomada group,Methanocaldococcus jannaschii DSM 2661,,
368407,cellular organisms,Archaea,Methanomicrobiales,Methanomicrobiaceae,Methanoculleus,Methanoculleus marisnigri,Euryarchaeota,Methanomicrobia,Stenosarchaea group,Methanoculleus marisnigri JR1,,
323259,cellular organisms,Archaea,Methanomicrobiales,Methanospirillaceae,Methanospirillum,Methanospirillum hungatei,Euryarchaeota,Methanomicrobia,Stenosarchaea group,Methanospirillum hungatei JF-1,,
269797,cellular organisms,Archaea,Methanosarcinales,Methanosarcinaceae,Methanosarcina,Methanosarcina barkeri,Euryarchaeota,Methanomicrobia,Stenosarchaea group,Methanosarcina barkeri str. Fusaro,,
1434109,cellular organisms,Archaea,Methanosarcinales,Methanosarcinaceae,Methanosarcina,Methanosarcina barkeri,Euryarchaeota,Methanomicrobia,Stenosarchaea group,Methanosarcina barkeri str. Wiesmoor,,
1434108,cellular organisms,Archaea,Methanosarcinales,Methanosarcinaceae,Methanosarcina,Methanosarcina barkeri,Euryarchaeota,Methanomicrobia,Stenosarchaea group,Methanosarcina barkeri MS,,
1434106,cellular organisms,Archaea,Methanosarcinales,Methanosarcinaceae,Methanosarcina,Methanosarcina barkeri,Euryarchaeota,Methanomicrobia,Stenosarchaea group,Methanosarcina barkeri 227,,
1434107,cellular organisms,Archaea,Methanosarcinales,Methanosarcinaceae,Methanosarcina,Methanosarcina barkeri,Euryarchaeota,Methanomicrobia,Stenosarchaea group,Methanosarcina barkeri 3,,
796385,cellular organisms,Archaea,Methanosarcinales,Methanosarcinaceae,Methanosarcina,Methanosarcina barkeri,Euryarchaeota,Methanomicrobia,Stenosarchaea group,Methanosarcina barkeri CM1,,
192952,cellular organisms,Archaea,Methanosarcinales,Methanosarcinaceae,Methanosarcina,Methanosarcina mazei,Euryarchaeota,Methanomicrobia,Stenosarchaea group,Methanosarcina mazei Go1,,
1434117,cellular organisms,Archaea,Methanosarcinales,Methanosarcinaceae,Methanosarcina,Methanosarcina mazei,Euryarchaeota,Methanomicrobia,Stenosarchaea group,Methanosarcina mazei WWM610,,
1434115,cellular organisms,Archaea,Methanosarcinales,Methanosarcinaceae,Methanosarcina,Methanosarcina mazei,Euryarchaeota,Methanomicrobia,Stenosarchaea group,Methanosarcina mazei SarPi,,
213585,cellular organisms,Archaea,Methanosarcinales,Methanosarcinaceae,Methanosarcina,Methanosarcina mazei,Euryarchaeota,Methanomicrobia,Stenosarchaea group,Methanosarcina mazei S-6,,
1434114,cellular organisms,Archaea,Methanosarcinales,Methanosarcinaceae,Methanosarcina,Methanosarcina mazei,Euryarchaeota,Methanomicrobia,Stenosarchaea group,Methanosarcina mazei LYC,,
1434113,cellular organisms,Archaea,Methanosarcinales,Methanosarcinaceae,Methanosarcina,Methanosarcina mazei,Euryarchaeota,Methanomicrobia,Stenosarchaea group,Methanosarcina mazei C16,,
2209,cellular organisms,Archaea,Methanosarcinales,Methanosarcinaceae,Methanosarcina,Methanosarcina mazei,Euryarchaeota,Methanomicrobia,Stenosarchaea group,,,
523844,cellular organisms,Archaea,Methanosarcinales,Methanosarcinaceae,Methanosarcina,Methanosarcina thermophila,Euryarchaeota,Methanomicrobia,Stenosarchaea group,Methanosarcina thermophila TM-1,,
1434121,cellular organisms,Archaea,Methanosarcinales,Methanosarcinaceae,Methanosarcina,Methanosarcina thermophila,Euryarchaeota,Methanomicrobia,Stenosarchaea group,Methanosarcina thermophila CHTI-55,,
188937,cellular organisms,Archaea,Methanosarcinales,Methanosarcinaceae,Methanosarcina,Methanosarcina acetivorans,Euryarchaeota,Methanomicrobia,Stenosarchaea group,Methanosarcina acetivorans C2A,,
1434123,cellular organisms,Archaea,Methanosarcinales,Methanosarcinaceae,Methanosarcina,Methanosarcina vacuolata,Euryarchaeota,Methanomicrobia,Stenosarchaea group,Methanosarcina vacuolata Z-761,,
990316,cellular organisms,Archaea,Methanosarcinales,Methanotrichaceae,Methanothrix,Methanothrix soehngenii,Euryarchaeota,Methanomicrobia,Stenosarchaea group,Methanothrix soehngenii GP6,,
349307,cellular organisms,Archaea,Methanosarcinales,Methanotrichaceae,Methanothrix,Methanothrix thermoacetophila,Euryarchaeota,Methanomicrobia,Stenosarchaea group,Methanothrix thermoacetophila PT,,
1434104,cellular organisms,Archaea,Methanosarcinales,Methanosarcinaceae,Methanococcoides,Methanococcoides methylutens,Euryarchaeota,Methanomicrobia,Stenosarchaea group,Methanococcoides methylutens MM1,,
224325,cellular organisms,Archaea,Archaeoglobales,Archaeoglobaceae,Archaeoglobus,Archaeoglobus fulgidus,Euryarchaeota,Archaeoglobi,,Archaeoglobus fulgidus DSM 4304,,
1344584,cellular organisms,Archaea,Archaeoglobales,Archaeoglobaceae,Archaeoglobus,Archaeoglobus fulgidus,Euryarchaeota,Archaeoglobi,,Archaeoglobus fulgidus DSM 8774,,
272569,cellular organisms,Archaea,Halobacteriales,Haloarculaceae,Haloarcula,Haloarcula marismortui,Euryarchaeota,Halobacteria,Stenosarchaea group,Haloarcula marismortui ATCC 43049,,
64091,cellular organisms,Archaea,Halobacteriales,Halobacteriaceae,Halobacterium,Halobacterium salinarum,Euryarchaeota,Halobacteria,Stenosarchaea group,Halobacterium salinarum NRC-1,,
478009,cellular organisms,Archaea,Halobacteriales,Halobacteriaceae,Halobacterium,Halobacterium salinarum,Euryarchaeota,Halobacteria,Stenosarchaea group,Halobacterium salinarum R1,,
2242,cellular organisms,Archaea,Halobacteriales,Halobacteriaceae,Halobacterium,Halobacterium salinarum,Euryarchaeota,Halobacteria,Stenosarchaea group,,,
309800,cellular organisms,Archaea,Haloferacales,Haloferacaceae,Haloferax,Haloferax volcanii,Euryarchaeota,Halobacteria,Stenosarchaea group,Haloferax volcanii DS2,,
416348,cellular organisms,Archaea,Haloferacales,Halorubraceae,Halorubrum,Halorubrum lacusprofundi,Euryarchaeota,Halobacteria,Stenosarchaea group,Halorubrum lacusprofundi ATCC 49239,,
523841,cellular organisms,Archaea,Haloferacales,Haloferacaceae,Haloferax,Haloferax mediterranei,Euryarchaeota,Halobacteria,Stenosarchaea group,Haloferax mediterranei ATCC 33500,,
348780,cellular organisms,Archaea,Halobacteriales,Haloarculaceae,Natronomonas,Natronomonas pharaonis,Euryarchaeota,Halobacteria,Stenosarchaea group,Natronomonas pharaonis DSM 2160,,
186497,cellular organisms,Archaea,Thermococcales,Thermococcaceae,Pyrococcus,Pyrococcus furiosus,Euryarchaeota,Thermococci,,Pyrococcus furiosus DSM 3638,,
1185654,cellular organisms,Archaea,Thermococcales,Thermococcaceae,Pyrococcus,Pyrococcus furiosus,Euryarchaeota,Thermococci,,Pyrococcus furiosus COM1,,
1293037,cellular organisms,Archaea,Thermococcales,Thermococcaceae,Thermococcus,Thermococcus celer,Euryarchaeota,Thermococci,,Thermococcus celer Vu 13 = JCM 8558,,
523849,cellular organisms,Archaea,Thermococcales,Thermococcaceae,Thermococcus,Thermococcus litoralis,Euryarchaeota,Thermococci,,Thermococcus litoralis DSM 5473,,
368408,cellular organisms,Archaea,Thermoproteales,Thermofilaceae,Thermofilum,Thermofilum pendens,Crenarchaeota,Thermoprotei,TACK group,Thermofilum pendens Hrk 5,,
768679,cellular organisms,Archaea,Thermoproteales,Thermoproteaceae,Thermoproteus,Thermoproteus tenax,Crenarchaeota,Thermoprotei,TACK group,Thermoproteus tenax Kra 1,,
765177,cellular organisms,Archaea,Desulfurococcales,Desulfurococcaceae,Desulfurococcus,Desulfurococcus mucosus,Crenarchaeota,Thermoprotei,TACK group,Desulfurococcus mucosus DSM 2162,,
384616,cellular organisms,Archaea,Thermoproteales,Thermoproteaceae,Pyrobaculum,Pyrobaculum islandicum,Crenarchaeota,Thermoprotei,TACK group,Pyrobaculum islandicum DSM 4184,,
399550,cellular organisms,Archaea,Desulfurococcales,Desulfurococcaceae,Staphylothermus,Staphylothermus marinus,Crenarchaeota,Thermoprotei,TACK group,Staphylothermus marinus F1,,
2283,cellular organisms,Archaea,Sulfolobales,Sulfolobaceae,Acidianus,Acidianus ambivalens,Crenarchaeota,Thermoprotei,TACK group,,,
330779,cellular organisms,Archaea,Sulfolobales,Sulfolobaceae,Sulfolobus,Sulfolobus acidocaldarius,Crenarchaeota,Thermoprotei,TACK group,Sulfolobus acidocaldarius DSM 639,,
1028567,cellular organisms,Archaea,Sulfolobales,Sulfolobaceae,Sulfolobus,Sulfolobus acidocaldarius,Crenarchaeota,Thermoprotei,TACK group,Sulfolobus acidocaldarius Ron12/I,,
1028566,cellular organisms,Archaea,Sulfolobales,Sulfolobaceae,Sulfolobus,Sulfolobus acidocaldarius,Crenarchaeota,Thermoprotei,TACK group,Sulfolobus acidocaldarius N8,,
2285,cellular organisms,Archaea,Sulfolobales,Sulfolobaceae,Sulfolobus,Sulfolobus acidocaldarius,Crenarchaeota,Thermoprotei,TACK group,,,
273057,cellular organisms,Archaea,Sulfolobales,Sulfolobaceae,Saccharolobus,Saccharolobus solfataricus,Crenarchaeota,Thermoprotei,TACK group,Saccharolobus solfataricus P2,,
555311,cellular organisms,Archaea,Sulfolobales,Sulfolobaceae,Saccharolobus,Saccharolobus solfataricus,Crenarchaeota,Thermoprotei,TACK group,Saccharolobus solfataricus 98/2,,
2287,cellular organisms,Archaea,Sulfolobales,Sulfolobaceae,Saccharolobus,Saccharolobus solfataricus,Crenarchaeota,Thermoprotei,TACK group,,,
273075,cellular organisms,Archaea,Thermoplasmatales,Thermoplasmataceae,Thermoplasma,Thermoplasma acidophilum,Euryarchaeota,Thermoplasmata,Diaforarchaea group,Thermoplasma acidophilum DSM 1728,,
339860,cellular organisms,Archaea,Methanobacteriales,Methanobacteriaceae,Methanosphaera,Methanosphaera stadtmanae,Euryarchaeota,Methanobacteria,Methanomada group,Methanosphaera stadtmanae DSM 3091,,
2317,cellular organisms,Archaea,Methanobacteriales,Methanobacteriaceae,Methanosphaera,Methanosphaera stadtmanae,Euryarchaeota,Methanobacteria,Methanomada group,,,
190192,cellular organisms,Archaea,Methanopyrales,Methanopyraceae,Methanopyrus,Methanopyrus kandleri,Euryarchaeota,Methanopyri,,Methanopyrus kandleri AV19,,
644295,cellular organisms,Archaea,Methanosarcinales,Methanosarcinaceae,Methanohalobium,Methanohalobium evestigatum,Euryarchaeota,Methanomicrobia,Stenosarchaea group,Methanohalobium evestigatum Z-7303,,
547559,cellular organisms,Archaea,Natrialbales,Natrialbaceae,Natrialba,Natrialba magadii,Euryarchaeota,Halobacteria,Stenosarchaea group,Natrialba magadii ATCC 43099,,
178306,cellular organisms,Archaea,Thermoproteales,Thermoproteaceae,Pyrobaculum,Pyrobaculum aerophilum,Crenarchaeota,Thermoprotei,TACK group,Pyrobaculum aerophilum str. IM2,,
29284,cellular organisms,Archaea,Haloferacales,Halorubraceae,Halorubrum,Halorubrum trapanicum,Euryarchaeota,Halobacteria,Stenosarchaea group,,,
694430,cellular organisms,Archaea,Natrialbales,Natrialbaceae,Natronococcus,Natronococcus occultus,Euryarchaeota,Halobacteria,Stenosarchaea group,Natronococcus occultus SP4,,
259564,cellular organisms,Archaea,Methanosarcinales,Methanosarcinaceae,Methanococcoides,Methanococcoides burtonii,Euryarchaeota,Methanomicrobia,Stenosarchaea group,Methanococcoides burtonii DSM 6242,,
272844,cellular organisms,Archaea,Thermococcales,Thermococcaceae,Pyrococcus,Pyrococcus abyssi,Euryarchaeota,Thermococci,,Pyrococcus abyssi GE5,,
35746,cellular organisms,Archaea,Haloferacales,Haloferacaceae,Haloferax,Haloferax gibbonsii,Euryarchaeota,Halobacteria,Stenosarchaea group,,,
1434120,cellular organisms,Archaea,Methanosarcinales,Methanosarcinaceae,Methanosarcina,Methanosarcina siciliae,Euryarchaeota,Methanomicrobia,Stenosarchaea group,Methanosarcina siciliae T4/M,,
1434119,cellular organisms,Archaea,Methanosarcinales,Methanosarcinaceae,Methanosarcina,Methanosarcina siciliae,Euryarchaeota,Methanomicrobia,Stenosarchaea group,Methanosarcina siciliae HI350,,
1434118,cellular organisms,Archaea,Methanosarcinales,Methanosarcinaceae,Methanosarcina,Methanosarcina siciliae,Euryarchaeota,Methanomicrobia,Stenosarchaea group,Methanosarcina siciliae C2J,,
267377,cellular organisms,Archaea,Methanococcales,Methanococcaceae,Methanococcus,Methanococcus maripaludis,Euryarchaeota,Methanococci,Methanomada group,Methanococcus maripaludis S2,,
402880,cellular organisms,Archaea,Methanococcales,Methanococcaceae,Methanococcus,Methanococcus maripaludis,Euryarchaeota,Methanococci,Methanomada group,Methanococcus maripaludis C5,,
426368,cellular organisms,Archaea,Methanococcales,Methanococcaceae,Methanococcus,Methanococcus maripaludis,Euryarchaeota,Methanococci,Methanomada group,Methanococcus maripaludis C7,,
444158,cellular organisms,Archaea,Methanococcales,Methanococcaceae,Methanococcus,Methanococcus maripaludis,Euryarchaeota,Methanococci,Methanomada group,Methanococcus maripaludis C6,,
1053692,cellular organisms,Archaea,Methanococcales,Methanococcaceae,Methanococcus,Methanococcus maripaludis,Euryarchaeota,Methanococci,Methanomada group,Methanococcus maripaludis X1,,
637914,cellular organisms,Archaea,Methanococcales,Methanococcaceae,Methanococcus,Methanococcus maripaludis,Euryarchaeota,Methanococci,Methanomada group,Methanococcus maripaludis KA1,,
637915,cellular organisms,Archaea,Methanococcales,Methanococcaceae,Methanococcus,Methanococcus maripaludis,Euryarchaeota,Methanococci,Methanomada group,Methanococcus maripaludis OS7,,
39152,cellular organisms,Archaea,Methanococcales,Methanococcaceae,Methanococcus,Methanococcus maripaludis,Euryarchaeota,Methanococci,Methanomada group,,,
679901,cellular organisms,Archaea,Methanosarcinales,Methanosarcinaceae,Methanosalsum,Methanosalsum zhilinae,Euryarchaeota,Methanomicrobia,Stenosarchaea group,Methanosalsum zhilinae DSM 4017,,
41673,cellular organisms,Archaea,Sulfolobales,Sulfolobaceae,Acidianus,Acidianus brierleyi,Crenarchaeota,Thermoprotei,TACK group,,,
41675,cellular organisms,Archaea,Sulfolobales,Sulfolobaceae,Stygiolobus,Stygiolobus azoricus,Crenarchaeota,Thermoprotei,TACK group,,,
419665,cellular organisms,Archaea,Methanococcales,Methanococcaceae,Methanococcus,Methanococcus aeolicus,Euryarchaeota,Methanococci,Methanomada group,Methanococcus aeolicus Nankai-3,,
429572,cellular organisms,Archaea,Sulfolobales,Sulfolobaceae,Sulfolobus,Sulfolobus islandicus,Crenarchaeota,Thermoprotei,TACK group,Sulfolobus islandicus L.S.2.15,,
427317,cellular organisms,Archaea,Sulfolobales,Sulfolobaceae,Sulfolobus,Sulfolobus islandicus,Crenarchaeota,Thermoprotei,TACK group,Sulfolobus islandicus M.14.25,,
427318,cellular organisms,Archaea,Sulfolobales,Sulfolobaceae,Sulfolobus,Sulfolobus islandicus,Crenarchaeota,Thermoprotei,TACK group,Sulfolobus islandicus M.16.27,,
426118,cellular organisms,Archaea,Sulfolobales,Sulfolobaceae,Sulfolobus,Sulfolobus islandicus,Crenarchaeota,Thermoprotei,TACK group,Sulfolobus islandicus M.16.4,,
439386,cellular organisms,Archaea,Sulfolobales,Sulfolobaceae,Sulfolobus,Sulfolobus islandicus,Crenarchaeota,Thermoprotei,TACK group,Sulfolobus islandicus Y.G.57.14,,
419942,cellular organisms,Archaea,Sulfolobales,Sulfolobaceae,Sulfolobus,Sulfolobus islandicus,Crenarchaeota,Thermoprotei,TACK group,Sulfolobus islandicus Y.N.15.51,,
930945,cellular organisms,Archaea,Sulfolobales,Sulfolobaceae,Sulfolobus,Sulfolobus islandicus,Crenarchaeota,Thermoprotei,TACK group,Sulfolobus islandicus REY15A,,
930943,cellular organisms,Archaea,Sulfolobales,Sulfolobaceae,Sulfolobus,Sulfolobus islandicus,Crenarchaeota,Thermoprotei,TACK group,Sulfolobus islandicus HVE10/4,,
1241935,cellular organisms,Archaea,Sulfolobales,Sulfolobaceae,Sulfolobus,Sulfolobus islandicus,Crenarchaeota,Thermoprotei,TACK group,Sulfolobus islandicus LAL14/1,,
399549,cellular organisms,Archaea,Sulfolobales,Sulfolobaceae,Metallosphaera,Metallosphaera sedula,Crenarchaeota,Thermoprotei,TACK group,Metallosphaera sedula DSM 5348,,
43687,cellular organisms,Archaea,Sulfolobales,Sulfolobaceae,Metallosphaera,Metallosphaera sedula,Crenarchaeota,Thermoprotei,TACK group,,,
797304,cellular organisms,Archaea,Natrialbales,Natrialbaceae,Natronobacterium,Natronobacterium gregoryi,Euryarchaeota,Halobacteria,Stenosarchaea group,Natronobacterium gregoryi SP2,,
49899,cellular organisms,Archaea,Thermococcales,Thermococcaceae,Thermococcus,Thermococcus profundus,Euryarchaeota,Thermococci,,,,
273116,cellular organisms,Archaea,Thermoplasmatales,Thermoplasmataceae,Thermoplasma,Thermoplasma volcanium,Euryarchaeota,Thermoplasmata,Diaforarchaea group,Thermoplasma volcanium GSS1,,
634497,cellular organisms,Archaea,Halobacteriales,Haloarculaceae,Haloarcula,Haloarcula hispanica,Euryarchaeota,Halobacteria,Stenosarchaea group,Haloarcula hispanica ATCC 33960,,
1417673,cellular organisms,Archaea,Halobacteriales,Haloarculaceae,Haloarcula,Haloarcula hispanica,Euryarchaeota,Halobacteria,Stenosarchaea group,Haloarcula hispanica N601,,
53952,cellular organisms,Archaea,Thermococcales,Thermococcaceae,Thermococcus,Thermococcus peptonophilus,Euryarchaeota,Thermococci,,,,
70601,cellular organisms,Archaea,Thermococcales,Thermococcaceae,Pyrococcus,Pyrococcus horikoshii,Euryarchaeota,Thermococci,,Pyrococcus horikoshii OT3,,
54077,cellular organisms,Archaea,Thermococcales,Thermococcaceae,Thermococcus,Thermococcus barossii,Euryarchaeota,Thermococci,,,,
679926,cellular organisms,Archaea,Methanomicrobiales,Methanomicrobiaceae,Methanolacinia,Methanolacinia petrolearia,Euryarchaeota,Methanomicrobia,Stenosarchaea group,Methanolacinia petrolearia DSM 11571,,
415426,cellular organisms,Archaea,Desulfurococcales,Pyrodictiaceae,Hyperthermus,Hyperthermus butylicus,Crenarchaeota,Thermoprotei,TACK group,Hyperthermus butylicus DSM 5456,,
694429,cellular organisms,Archaea,Desulfurococcales,Pyrodictiaceae,Pyrolobus,Pyrolobus fumarii,Crenarchaeota,Thermoprotei,TACK group,Pyrolobus fumarii 1A,,
633148,cellular organisms,Archaea,Desulfurococcales,Desulfurococcaceae,Thermosphaera,Thermosphaera aggregans,Crenarchaeota,Thermoprotei,TACK group,Thermosphaera aggregans DSM 11486,,
940295,cellular organisms,Archaea,Desulfurococcales,Desulfurococcaceae,Ignicoccus,Ignicoccus islandicus,Crenarchaeota,Thermoprotei,TACK group,Ignicoccus islandicus DSM 13165,,
589924,cellular organisms,Archaea,Archaeoglobales,Archaeoglobaceae,Ferroglobus,Ferroglobus placidus,Euryarchaeota,Archaeoglobi,,Ferroglobus placidus DSM 10642,,
54262,cellular organisms,Archaea,Thermococcales,Thermococcaceae,Thermococcus,Thermococcus chitonophagus,Euryarchaeota,Thermococci,,,,
391623,cellular organisms,Archaea,Thermococcales,Thermococcaceae,Thermococcus,Thermococcus barophilus,Euryarchaeota,Thermococci,,Thermococcus barophilus MP,,
55802,cellular organisms,Archaea,Thermococcales,Thermococcaceae,Thermococcus,Thermococcus barophilus,Euryarchaeota,Thermococci,,,,
272557,cellular organisms,Archaea,Desulfurococcales,Desulfurococcaceae,Aeropyrum,Aeropyrum pernix,Crenarchaeota,Thermoprotei,TACK group,Aeropyrum pernix K1,,
485914,cellular organisms,Archaea,Halobacteriales,Haloarculaceae,Halomicrobium,Halomicrobium mukohataei,Euryarchaeota,Halobacteria,Stenosarchaea group,Halomicrobium mukohataei DSM 12286,,
57705,cellular organisms,Archaea,Halobacteriales,Haloarculaceae,Halomicrobium,Halomicrobium mukohataei,Euryarchaeota,Halobacteria,Stenosarchaea group,,,
693661,cellular organisms,Archaea,Archaeoglobales,Archaeoglobaceae,Archaeoglobus,Archaeoglobus veneficus,Euryarchaeota,Archaeoglobi,,Archaeoglobus veneficus SNP6,,
59277,cellular organisms,Archaea,Methanobacteriales,Methanobacteriaceae,Methanobacterium,Methanobacterium subterraneum,Euryarchaeota,Methanobacteria,Methanomada group,,,
469382,cellular organisms,Archaea,Haloferacales,Haloferacaceae,Halogeometricum,Halogeometricum borinquense,Euryarchaeota,Halobacteria,Stenosarchaea group,Halogeometricum borinquense DSM 11551,,
60847,cellular organisms,Archaea,Haloferacales,Haloferacaceae,Halogeometricum,Halogeometricum borinquense,Euryarchaeota,Halobacteria,Stenosarchaea group,,,
61858,cellular organisms,Archaea,Natrialbales,Natrialbaceae,Natronorubrum,Natronorubrum bangense,Euryarchaeota,Halobacteria,Stenosarchaea group,,,
543526,cellular organisms,Archaea,Natrialbales,Natrialbaceae,Haloterrigena,Haloterrigena turkmenica,Euryarchaeota,Halobacteria,Stenosarchaea group,Haloterrigena turkmenica DSM 5511,,
573063,cellular organisms,Archaea,Methanococcales,Methanocaldococcaceae,Methanocaldococcus,Methanocaldococcus infernus,Euryarchaeota,Methanococci,Methanomada group,Methanocaldococcus infernus ME,,
797303,cellular organisms,Archaea,Natrialbales,Natrialbaceae,Natrinema,Natrinema pellirubrum,Euryarchaeota,Halobacteria,Stenosarchaea group,Natrinema pellirubrum DSM 15624,,
69527,cellular organisms,Archaea,Natrialbales,Natrialbaceae,Natrinema,Natrinema pallidum,Euryarchaeota,Halobacteria,Stenosarchaea group,,,
69656,cellular organisms,Archaea,Sulfolobales,Sulfolobaceae,Sulfurisphaera,Sulfurisphaera ohwakuensis,Crenarchaeota,Thermoprotei,TACK group,,,
444157,cellular organisms,Archaea,Thermoproteales,Thermoproteaceae,Pyrobaculum,Pyrobaculum neutrophilum,Crenarchaeota,Thermoprotei,TACK group,Pyrobaculum neutrophilum V24Sta,,
71997,cellular organisms,Archaea,Thermococcales,Thermococcaceae,Thermococcus,Thermococcus gorgonarius,Euryarchaeota,Thermococci,,,,
71998,cellular organisms,Archaea,Thermococcales,Thermococcaceae,Thermococcus,Thermococcus pacificus,Euryarchaeota,Thermococci,,,,
72803,cellular organisms,Archaea,Thermococcales,Thermococcaceae,Thermococcus,Thermococcus siculi,Euryarchaeota,Thermococci,,,,
579137,cellular organisms,Archaea,Methanococcales,Methanocaldococcaceae,Methanocaldococcus,Methanocaldococcus vulcanius,Euryarchaeota,Methanococci,Methanomada group,Methanocaldococcus vulcanius M7,,
74969,cellular organisms,Archaea,Thermoplasmatales,Ferroplasmaceae,Ferroplasma,Ferroplasma acidiphilum,Euryarchaeota,Thermoplasmata,Diaforarchaea group,,,
397948,cellular organisms,Archaea,Thermoproteales,Thermoproteaceae,Caldivirga,Caldivirga maquilingensis,Crenarchaeota,Thermoprotei,TACK group,Caldivirga maquilingensis IC-167,,
1293036,cellular organisms,Archaea,Sulfolobales,Sulfolobaceae,Metallosphaera,Metallosphaera hakonensis,Crenarchaeota,Thermoprotei,TACK group,Metallosphaera hakonensis JCM 8857 = DSM 7519,,
263820,cellular organisms,Archaea,Thermoplasmatales,Picrophilaceae,Picrophilus,Picrophilus torridus,Euryarchaeota,Thermoplasmata,Diaforarchaea group,Picrophilus torridus DSM 9790,,
573064,cellular organisms,Archaea,Methanococcales,Methanocaldococcaceae,Methanocaldococcus,Methanocaldococcus fervens,Euryarchaeota,Methanococci,Methanomada group,Methanocaldococcus fervens AG86,,
634498,cellular organisms,Archaea,Methanobacteriales,Methanobacteriaceae,Methanobrevibacter,Methanobrevibacter ruminantium,Euryarchaeota,Methanobacteria,Methanomada group,Methanobrevibacter ruminantium M1,,
410358,cellular organisms,Archaea,Methanomicrobiales,Methanocorpusculaceae,Methanocorpusculum,Methanocorpusculum labreanum,Euryarchaeota,Methanomicrobia,Stenosarchaea group,Methanocorpusculum labreanum Z,,
1201294,cellular organisms,Archaea,Methanomicrobiales,Methanomicrobiaceae,Methanoculleus,Methanoculleus bourgensis,Euryarchaeota,Methanomicrobia,Stenosarchaea group,Methanoculleus bourgensis MS2,,
572546,cellular organisms,Archaea,Archaeoglobales,Archaeoglobaceae,Archaeoglobus,Archaeoglobus profundus,Euryarchaeota,Archaeoglobi,,Archaeoglobus profundus DSM 5631,,
591019,cellular organisms,Archaea,Desulfurococcales,Desulfurococcaceae,Staphylothermus,Staphylothermus hellenicus,Crenarchaeota,Thermoprotei,TACK group,Staphylothermus hellenicus DSM 12710,,
86622,unclassified Methanoculleus,Archaea,Methanomicrobiales,Methanomicrobiaceae,Methanoculleus,Methanoculleus sp. MAB1,Euryarchaeota,Methanomicrobia,Stenosarchaea group,,,
88724,cellular organisms,Archaea,Natrialbales,Natrialbaceae,Natrinema,Natrinema versiforme,Euryarchaeota,Halobacteria,Stenosarchaea group,,,
490899,cellular organisms,Archaea,Desulfurococcales,Desulfurococcaceae,Desulfurococcus,Desulfurococcus amylolyticus,Crenarchaeota,Thermoprotei,TACK group,Desulfurococcus amylolyticus 1221n,,
768672,cellular organisms,Archaea,Desulfurococcales,Desulfurococcaceae,Desulfurococcus,Desulfurococcus amylolyticus,Crenarchaeota,Thermoprotei,TACK group,Desulfurococcus amylolyticus DSM 16532,,
333146,cellular organisms,Archaea,Thermoplasmatales,Ferroplasmaceae,Ferroplasma,Ferroplasma acidarmanus,Euryarchaeota,Thermoplasmata,Diaforarchaea group,Ferroplasma acidarmanus fer1,,
867904,cellular organisms,Archaea,Methanosarcinales,Methanosarcinaceae,Methanomethylovorans,Methanomethylovorans hollandica,Euryarchaeota,Methanomicrobia,Stenosarchaea group,Methanomethylovorans hollandica DSM 15978,,
1432656,cellular organisms,Archaea,Thermococcales,Thermococcaceae,Thermococcus,Thermococcus guaymasensis,Euryarchaeota,Thermococci,,Thermococcus guaymasensis DSM 11113,,
273063,cellular organisms,Archaea,Sulfolobales,Sulfolobaceae,Sulfurisphaera,Sulfurisphaera tokodaii,Crenarchaeota,Thermoprotei,TACK group,Sulfurisphaera tokodaii str. 7,,
113653,cellular organisms,Archaea,Archaeoglobales,Archaeoglobaceae,Geoglobus,Geoglobus ahangari,Euryarchaeota,Archaeoglobi,,,,
114529,cellular organisms,Archaea,Haloferacales,Haloferacaceae,Haloferax,Haloferax alexandrinus,Euryarchaeota,Halobacteria,Stenosarchaea group,,,
118062,cellular organisms,Archaea,Methanobacteriales,Methanobacteriaceae,Methanobacterium,Methanobacterium congolense,Euryarchaeota,Methanobacteria,Methanomada group,,,
340102,cellular organisms,Archaea,Thermoproteales,Thermoproteaceae,Pyrobaculum,Pyrobaculum arsenaticum,Crenarchaeota,Thermoprotei,TACK group,Pyrobaculum arsenaticum DSM 13514,,
122420,unclassified Thermococcus,Archaea,Thermococcales,Thermococcaceae,Thermococcus,Thermococcus sp. P6,Euryarchaeota,Thermococci,,,,
145261,cellular organisms,Archaea,Methanobacteriales,Methanobacteriaceae,Methanothermobacter,Methanothermobacter wolfeii,Euryarchaeota,Methanobacteria,Methanomada group,,,
187420,cellular organisms,Archaea,Methanobacteriales,Methanobacteriaceae,Methanothermobacter,Methanothermobacter thermautotrophicus,Euryarchaeota,Methanobacteria,Methanomada group,Methanothermobacter thermautotrophicus str. Delta H,,
79929,cellular organisms,Archaea,Methanobacteriales,Methanobacteriaceae,Methanothermobacter,Methanothermobacter marburgensis,Euryarchaeota,Methanobacteria,Methanomada group,Methanothermobacter marburgensis str. Marburg,,
519442,cellular organisms,Archaea,Halobacteriales,Haloarculaceae,Halorhabdus,Halorhabdus utahensis,Euryarchaeota,Halobacteria,Stenosarchaea group,Halorhabdus utahensis DSM 12940,,
647113,cellular organisms,Archaea,Methanococcales,Methanococcaceae,Methanothermococcus,Methanothermococcus okinawensis,Euryarchaeota,Methanococci,Methanomada group,Methanothermococcus okinawensis IH1,,
453591,cellular organisms,Archaea,Desulfurococcales,Desulfurococcaceae,Ignicoccus,Ignicoccus hospitalis,Crenarchaeota,Thermoprotei,TACK group,Ignicoccus hospitalis KIN4/I,,
163003,cellular organisms,Archaea,Thermococcales,Thermococcaceae,Thermococcus,Thermococcus cleftensis,Euryarchaeota,Thermococci,,,,
572478,cellular organisms,Archaea,Thermoproteales,Thermoproteaceae,Vulcanisaeta,Vulcanisaeta distributa,Crenarchaeota,Thermoprotei,TACK group,Vulcanisaeta distributa DSM 14429,,
1434111,cellular organisms,Archaea,Methanosarcinales,Methanosarcinaceae,Methanosarcina,Methanosarcina lacustris,Euryarchaeota,Methanomicrobia,Stenosarchaea group,Methanosarcina lacustris Z-7289,,
604354,cellular organisms,Archaea,Thermococcales,Thermococcaceae,Thermococcus,Thermococcus sibiricus,Euryarchaeota,Thermococci,,Thermococcus sibiricus MM 739,,
999630,cellular organisms,Archaea,Thermoproteales,Thermoproteaceae,Thermoproteus,Thermoproteus uzoniensis,Crenarchaeota,Thermoprotei,TACK group,Thermoproteus uzoniensis 768-20,,
593117,cellular organisms,Archaea,Thermococcales,Thermococcaceae,Thermococcus,Thermococcus gammatolerans,Euryarchaeota,Thermococci,,Thermococcus gammatolerans EJ3,,
187880,cellular organisms,Archaea,Thermococcales,Thermococcaceae,Thermococcus,Thermococcus radiotolerans,Euryarchaeota,Thermococci,,,,
195522,cellular organisms,Archaea,Thermococcales,Thermococcaceae,Thermococcus,Thermococcus nautili,Euryarchaeota,Thermococci,,,,
1056495,cellular organisms,Archaea,Acidilobales,Caldisphaeraceae,Caldisphaera,Caldisphaera lagunensis,Crenarchaeota,Thermoprotei,TACK group,Caldisphaera lagunensis DSM 15908,,
224719,unclassified Methanobrevibacter,Archaea,Methanobacteriales,Methanobacteriaceae,Methanobrevibacter,Methanobrevibacter sp. AbM4,Euryarchaeota,Methanobacteria,Methanomada group,,,
358396,cellular organisms,Archaea,Natrialbales,Natrialbaceae,Halobiforma,Halobiforma lacisalsi,Euryarchaeota,Halobacteria,Stenosarchaea group,Halobiforma lacisalsi AJ5,,
1198449,cellular organisms,Archaea,Desulfurococcales,Desulfurococcaceae,Aeropyrum,Aeropyrum camini,Crenarchaeota,Thermoprotei,TACK group,Aeropyrum camini SY1 = JCM 12091,,
230361,cellular organisms,Archaea,Methanobacteriales,Methanobacteriaceae,Methanobrevibacter,Methanobrevibacter millerae,Euryarchaeota,Methanobacteria,Methanomada group,,,
666510,cellular organisms,Archaea,Acidilobales,Acidilobaceae,Acidilobus,Acidilobus saccharovorans,Crenarchaeota,Thermoprotei,TACK group,Acidilobus saccharovorans 345-15,,
246969,unclassified Thermococcus,Archaea,Thermococcales,Thermococcaceae,Thermococcus,Thermococcus sp. AM4,Euryarchaeota,Thermococci,,,,
277988,cellular organisms,Archaea,Thermococcales,Thermococcaceae,Thermococcus,Thermococcus thioreducens,Euryarchaeota,Thermococci,,,,
282676,cellular organisms,Archaea,Sulfolobales,Sulfolobaceae,Acidianus,Acidianus manzaensis,Crenarchaeota,Thermoprotei,TACK group,,,
362976,cellular organisms,Archaea,Haloferacales,Haloferacaceae,Haloquadratum,Haloquadratum walsbyi,Euryarchaeota,Halobacteria,Stenosarchaea group,Haloquadratum walsbyi DSM 16790,,
768065,cellular organisms,Archaea,Haloferacales,Haloferacaceae,Haloquadratum,Haloquadratum walsbyi,Euryarchaeota,Halobacteria,Stenosarchaea group,Haloquadratum walsbyi C23,,
294671,cellular organisms,Archaea,Methanobacteriales,Methanobacteriaceae,Methanobrevibacter,Methanobrevibacter olleyae,Euryarchaeota,Methanobacteria,Methanomada group,,,
1110509,cellular organisms,Archaea,Methanosarcinales,Methanotrichaceae,Methanothrix,Methanosaeta harundinacea,Euryarchaeota,Methanomicrobia,Stenosarchaea group,Methanosaeta harundinacea 6Ac,,
69014,cellular organisms,Archaea,Thermococcales,Thermococcaceae,Thermococcus,Thermococcus kodakarensis,Euryarchaeota,Thermococci,,Thermococcus kodakarensis KOD1,,
619593,cellular organisms,Archaea,Sulfolobales,Sulfolobaceae,Acidianus,Acidianus sulfidivorans,Crenarchaeota,Thermoprotei,TACK group,Acidianus sulfidivorans JP7,,
337243,cellular organisms,Archaea,Haloferacales,Halorubraceae,Halorubrum,Halorubrum ezzemoulense,Euryarchaeota,Halobacteria,Stenosarchaea group,,,
436308,cellular organisms,Archaea,Nitrosopumilales,Nitrosopumilaceae,Nitrosopumilus,Nitrosopumilus maritimus,Thaumarchaeota,,TACK group,Nitrosopumilus maritimus SCM1,,
523850,cellular organisms,Archaea,Thermococcales,Thermococcaceae,Thermococcus,Thermococcus onnurineus,Euryarchaeota,Thermococci,,Thermococcus onnurineus NA1,,
342949,unclassified Pyrococcus,Archaea,Thermococcales,Thermococcaceae,Pyrococcus,Pyrococcus sp. NA2,Euryarchaeota,Thermococci,,,,
348826,cellular organisms,Archaea,Natrialbales,Natrialbaceae,Natronorubrum,Natronorubrum aibiense,Euryarchaeota,Halobacteria,Stenosarchaea group,,,
797299,cellular organisms,Archaea,Natrialbales,Natrialbaceae,Halostagnicola,Halostagnicola larsenii,Euryarchaeota,Halobacteria,Stenosarchaea group,Halostagnicola larsenii XH-48,,
456442,cellular organisms,Archaea,Methanomicrobiales,Methanoregulaceae,Methanoregula,Methanoregula boonei,Euryarchaeota,Methanomicrobia,Stenosarchaea group,Methanoregula boonei 6A8,,
439481,cellular organisms,Archaea,,,Aciduliprofundum,Aciduliprofundum boonei,Euryarchaeota,,Diaforarchaea group,Aciduliprofundum boonei T469,,
797302,cellular organisms,Archaea,Natrialbales,Natrialbaceae,Halovivax,Halovivax ruber,Euryarchaeota,Halobacteria,Stenosarchaea group,Halovivax ruber XH-70,,
797210,cellular organisms,Archaea,Natrialbales,Natrialbaceae,Halopiger,Halopiger xanaduensis,Euryarchaeota,Halobacteria,Stenosarchaea group,Halopiger xanaduensis SH-6,,
406552,unclassified Natrinema,Archaea,Natrialbales,Natrialbaceae,Natrinema,Natrinema sp. J7-2,Euryarchaeota,Halobacteria,Stenosarchaea group,,,
795797,cellular organisms,Archaea,Halobacteriales,Halobacteriaceae,Halalkalicoccus,Halalkalicoccus jeotgali,Euryarchaeota,Halobacteria,Stenosarchaea group,Halalkalicoccus jeotgali B3,,
268739,cellular organisms,Archaea,Halobacteriales,Haloarculaceae,Natronomonas,Natronomonas moolapensis,Euryarchaeota,Halobacteria,Stenosarchaea group,Natronomonas moolapensis 8.8.11,,
1434110,cellular organisms,Archaea,Methanosarcinales,Methanosarcinaceae,Methanosarcina,Methanosarcina horonobensis,Euryarchaeota,Methanomicrobia,Stenosarchaea group,Methanosarcina horonobensis HB-1 = JCM 15518,,
1033806,cellular organisms,Archaea,Halobacteriales,Haloarculaceae,Halorhabdus,Halorhabdus tiamatea,Euryarchaeota,Halobacteria,Stenosarchaea group,Halorhabdus tiamatea SARL4B,,
521011,cellular organisms,Archaea,Methanomicrobiales,Methanoregulaceae,Methanosphaerula,Methanosphaerula palustris,Euryarchaeota,Methanomicrobia,Stenosarchaea group,Methanosphaerula palustris E1-9c,,
1237085,cellular organisms,Archaea,Nitrososphaerales,Nitrososphaeraceae,Nitrososphaera,Candidatus Nitrososphaera gargensis,Thaumarchaeota,Nitrososphaeria,TACK group,,Candidatus Nitrososphaera gargensis Ga9.2,
374847,cellular organisms,Archaea,,,Candidatus Korarchaeum,Candidatus Korarchaeum cryptofilum,Candidatus Korarchaeota,,TACK group,Candidatus Korarchaeum cryptofilum OPF8,,
536044,cellular organisms,Archaea,Methanosarcinales,Methanosarcinaceae,Methanolobus,Methanolobus zinderi,Euryarchaeota,Methanomicrobia,Stenosarchaea group,,,
933801,cellular organisms,Archaea,Sulfolobales,Sulfolobaceae,Acidianus,Acidianus hospitalis,Crenarchaeota,Thermoprotei,TACK group,Acidianus hospitalis W1,,
565033,cellular organisms,Archaea,Archaeoglobales,Archaeoglobaceae,Geoglobus,Geoglobus acetivorans,Euryarchaeota,Archaeoglobi,,,,
304371,cellular organisms,Archaea,Methanocellales,Methanocellaceae,Methanocella,Methanocella paludicola,Euryarchaeota,Methanomicrobia,Stenosarchaea group,Methanocella paludicola SANAE,,
582419,cellular organisms,Archaea,Thermococcales,Thermococcaceae,Thermococcus,Thermococcus paralvinellae,Euryarchaeota,Thermococci,,,,
588898,cellular organisms,Archaea,Natrialbales,Natrialbaceae,Haloterrigena,Haloterrigena daqingensis,Euryarchaeota,Halobacteria,Stenosarchaea group,,,
634157,unclassified Halorubrum,Archaea,Haloferacales,Halorubraceae,Halorubrum,Halorubrum sp. PV6,Euryarchaeota,Halobacteria,Stenosarchaea group,,,
644281,unclassified Methanocaldococcus,Archaea,Methanococcales,Methanocaldococcaceae,Methanocaldococcus,Methanocaldococcus sp. FS406-22,Euryarchaeota,Methanococci,Methanomada group,,,
660522,cellular organisms,Archaea,Haloferacales,Haloferacaceae,Haloplanus,Haloplanus aerogenes,Euryarchaeota,Halobacteria,Stenosarchaea group,,,
673860,unclassified Aciduliprofundum,Archaea,,,Aciduliprofundum,Aciduliprofundum sp. MAR08-339,Euryarchaeota,,Diaforarchaea group,,,
1163730,cellular organisms,Archaea,Fervidicoccales,Fervidicoccaceae,Fervidicoccus,Fervidicoccus fontis,Crenarchaeota,Thermoprotei,TACK group,Fervidicoccus fontis Kam940,,
699433,cellular organisms,Archaea,Haloferacales,Haloferacaceae,Halobellus,Halobellus limi,Euryarchaeota,Halobacteria,Stenosarchaea group,,,
745377,cellular organisms,Archaea,Natrialbales,Natrialbaceae,Natronolimnobius,Natronolimnobius aegyptiacus,Euryarchaeota,Halobacteria,Stenosarchaea group,,,
751944,unclassified Halobacterium,Archaea,Halobacteriales,Halobacteriaceae,Halobacterium,Halobacterium sp. DL1,Euryarchaeota,Halobacteria,Stenosarchaea group,,,
755307,cellular organisms,Archaea,Haloferacales,Halorubraceae,Salinigranum,Salinigranum rubrum,Euryarchaeota,Halobacteria,Stenosarchaea group,,,
756883,unclassified Haloferacales,Archaea,Haloferacales,,,halophilic archaeon DL31,Euryarchaeota,Halobacteria,Stenosarchaea group,,,
866790,unclassified Methanothermobacter,Archaea,Methanobacteriales,Methanobacteriaceae,Methanothermobacter,Methanothermobacter sp. CaT2,Euryarchaeota,Methanobacteria,Methanomada group,,,
868131,cellular organisms,Archaea,Methanobacteriales,Methanobacteriaceae,Methanobacterium,Methanobacterium paludis,Euryarchaeota,Methanobacteria,Methanomada group,,,
869886,cellular organisms,Archaea,Halobacteriales,Haloarculaceae,Halosimplex,Halosimplex pelagicum,Euryarchaeota,Halobacteria,Stenosarchaea group,,,
869889,cellular organisms,Archaea,Halobacteriales,Haloarculaceae,Halosimplex,Halosimplex rubrum,Euryarchaeota,Halobacteria,Stenosarchaea group,,,
877455,cellular organisms,Archaea,Methanobacteriales,Methanobacteriaceae,Methanobacterium,Methanobacterium lacus,Euryarchaeota,Methanobacteria,Methanomada group,,,
593750,cellular organisms,Archaea,Methanomicrobiales,Methanoregulaceae,Methanoregula,Methanoregula formicica,Euryarchaeota,Methanomicrobia,Stenosarchaea group,Methanoregula formicica SMSP,,
1343739,cellular organisms,Archaea,Thermococcales,Thermococcaceae,Palaeococcus,Palaeococcus pacificus,Euryarchaeota,Thermococci,,Palaeococcus pacificus DY20341,,
985053,cellular organisms,Archaea,Thermoproteales,Thermoproteaceae,Vulcanisaeta,Vulcanisaeta moutnovskia,Crenarchaeota,Thermoprotei,TACK group,Vulcanisaeta moutnovskia 768-28,,
1006006,cellular organisms,Archaea,Sulfolobales,Sulfolobaceae,Metallosphaera,Metallosphaera cuprina,Crenarchaeota,Thermoprotei,TACK group,Metallosphaera cuprina Ar-4,,
529709,cellular organisms,Archaea,Thermococcales,Thermococcaceae,Pyrococcus,Pyrococcus yayanosii,Euryarchaeota,Thermococci,,Pyrococcus yayanosii CH1,,
926571,cellular organisms,Archaea,Nitrososphaerales,Nitrososphaeraceae,Nitrososphaera,Nitrososphaera viennensis,Thaumarchaeota,Nitrososphaeria,TACK group,Nitrososphaera viennensis EN76,,
1042877,unclassified Thermococcus,Archaea,Thermococcales,Thermococcaceae,Thermococcus,Thermococcus sp. 4557,Euryarchaeota,Thermococci,,,,
1048396,cellular organisms,Archaea,Haloferacales,Halorubraceae,Halopenitus,Halopenitus persicus,Euryarchaeota,Halobacteria,Stenosarchaea group,,,
1054217,unclassified Thermoplasmatales,Archaea,Thermoplasmatales,,,Thermoplasmatales archaeon BRNA1,Euryarchaeota,Thermoplasmata,Diaforarchaea group,,,
1071085,cellular organisms,Archaea,Halobacteriales,,,haloarchaeon 3A1-DGR,Euryarchaeota,Halobacteria,Stenosarchaea group,,,
1078905,Thaumarchaeota incertae sedis,Archaea,,,Candidatus Nitrosotalea,Candidatus Nitrosotalea devanaterra,Thaumarchaeota,,TACK group,,,
1104324,cellular organisms,Archaea,Thermoproteales,Thermoproteaceae,Pyrobaculum,Pyrobaculum ferrireducens,Crenarchaeota,Thermoprotei,TACK group,,,
1041930,cellular organisms,Archaea,Methanocellales,Methanocellaceae,Methanocella,Methanocella conradii,Euryarchaeota,Methanomicrobia,Stenosarchaea group,Methanocella conradii HZ254,,
351160,cellular organisms,Archaea,Methanocellales,Methanocellaceae,Methanocella,Methanocella arvoryzae,Euryarchaeota,Methanomicrobia,Stenosarchaea group,Methanocella arvoryzae MRE50,,
1183377,unclassified Pyrococcus,Archaea,Thermococcales,Thermococcaceae,Pyrococcus,Pyrococcus sp. ST04,Euryarchaeota,Thermococci,,,,
1184251,cellular organisms,Archaea,Desulfurococcales,Desulfurococcaceae,Thermogladius,Thermogladius calderae,Crenarchaeota,Thermoprotei,TACK group,Thermogladius calderae 1633,,
1229909,cellular organisms,Archaea,Nitrosopumilales,Nitrosopumilaceae,Nitrosopumilus,Candidatus Nitrosopumilus sediminis,Thaumarchaeota,,TACK group,,,
1273541,cellular organisms,Archaea,Desulfurococcales,Pyrodictiaceae,Pyrodictium,Pyrodictium delaneyi,Crenarchaeota,Thermoprotei,TACK group,,,
1236689,cellular organisms,Archaea,Methanomassiliicoccales,Candidatus Methanomethylophilaceae,Candidatus Methanomethylophilus,Candidatus Methanomethylophilus alvus,Euryarchaeota,Thermoplasmata,Diaforarchaea group,Candidatus Methanomethylophilus alvus Mx1201,,
1291540,cellular organisms,Archaea,Methanomassiliicoccales,Candidatus Methanomethylophilaceae,Candidatus Methanomethylophilus,Candidatus Methanomethylophilus alvus,Euryarchaeota,Thermoplasmata,Diaforarchaea group,,,
1294262,cellular organisms,Archaea,Sulfolobales,Sulfolobaceae,Sulfuracidifex,Sulfuracidifex tepidarius,Crenarchaeota,Thermoprotei,TACK group,,,
1301915,cellular organisms,Archaea,Methanococcales,Methanocaldococcaceae,Methanocaldococcus,Methanocaldococcus bathoardescens,Euryarchaeota,Methanococci,Methanomada group,,,
387631,cellular organisms,Archaea,Archaeoglobales,Archaeoglobaceae,Archaeoglobus,Archaeoglobus sulfaticallidus,Euryarchaeota,Archaeoglobi,,Archaeoglobus sulfaticallidus PM70-1,,
1333523,unclassified Salinarchaeum,Archaea,Natrialbales,Natrialbaceae,Salinarchaeum,Salinarchaeum sp. Harcht-Bsk1,Euryarchaeota,Halobacteria,Stenosarchaea group,,,
1365176,cellular organisms,Archaea,Thermoproteales,Thermofilaceae,Thermofilum,Thermofilum adornatum,Crenarchaeota,Thermoprotei,TACK group,,,
697581,cellular organisms,Archaea,Thermoproteales,Thermofilaceae,Thermofilum,Thermofilum adornatum,Crenarchaeota,Thermoprotei,TACK group,Thermofilum adornatus 1505,,
1379702,unclassified Methanobacterium,Archaea,Methanobacteriales,Methanobacteriaceae,Methanobacterium,Methanobacterium sp. MB1,Euryarchaeota,Methanobacteria,Methanomada group,,,
1380432,unclassified Halorhabdus,Archaea,Halobacteriales,Haloarculaceae,Halorhabdus,Halorhabdus sp. CBA1104,Euryarchaeota,Halobacteria,Stenosarchaea group,,,
1295009,cellular organisms,Archaea,Methanomassiliicoccales,Methanomassiliicoccaceae,Methanomassiliicoccus,Candidatus Methanomassiliicoccus intestinalis,Euryarchaeota,Thermoplasmata,Diaforarchaea group,Candidatus Methanomassiliicoccus intestinalis Issoire-Mx1,,
1406512,cellular organisms,Archaea,Methanomassiliicoccales,Methanomassiliicoccaceae,Methanomassiliicoccus,Candidatus Methanomassiliicoccus intestinalis,Euryarchaeota,Thermoplasmata,Diaforarchaea group,,,
1407499,cellular organisms,Archaea,Halobacteriales,Halobacteriaceae,Halobacterium,Halobacterium hubeiense,Euryarchaeota,Halobacteria,Stenosarchaea group,,,
1410606,Thaumarchaeota incertae sedis,Archaea,,,Candidatus Nitrosopelagicus,Candidatus Nitrosopelagicus brevis,Thaumarchaeota,,TACK group,,,
1434099,unclassified Methanosarcina,Archaea,Methanosarcinales,Methanosarcinaceae,Methanosarcina,Methanosarcina sp. Kolksee,Euryarchaeota,Methanomicrobia,Stenosarchaea group,,,
1434100,unclassified Methanosarcina,Archaea,Methanosarcinales,Methanosarcinaceae,Methanosarcina,Methanosarcina sp. MTP4,Euryarchaeota,Methanomicrobia,Stenosarchaea group,,,
1434102,unclassified Methanosarcina,Archaea,Methanosarcinales,Methanosarcinaceae,Methanosarcina,Methanosarcina sp. WH1,Euryarchaeota,Methanomicrobia,Stenosarchaea group,,,
1434103,unclassified Methanosarcina,Archaea,Methanosarcinales,Methanosarcinaceae,Methanosarcina,Methanosarcina sp. WWM596,Euryarchaeota,Methanomicrobia,Stenosarchaea group,,,
1457250,cellular organisms,Archaea,Halobacteriales,Haloarculaceae,Halapricum,Halapricum salinum,Euryarchaeota,Halobacteria,Stenosarchaea group,,,
1459636,cellular organisms,Archaea,Nitrososphaerales,Nitrososphaeraceae,Nitrososphaera,Candidatus Nitrososphaera evergladensis,Thaumarchaeota,Nitrososphaeria,TACK group,,Candidatus Nitrososphaera evergladensis SR1,
1470066,cellular organisms,Archaea,Nitrosopumilales,Nitrosopumilaceae,Nitrosopumilus,Nitrosopumilus cobalaminigenes,Thaumarchaeota,,TACK group,,,
1470067,cellular organisms,Archaea,Nitrosopumilales,Nitrosopumilaceae,Nitrosopumilus,Nitrosopumilus ureiphilus,Thaumarchaeota,,TACK group,,,
1495144,unclassified Thermoplasmata,Archaea,,,,methanogenic archaeon ISO4-H5,Euryarchaeota,Thermoplasmata,Diaforarchaea group,,,
1505907,cellular organisms,Archaea,Thermococcales,Thermococcaceae,Thermococcus,Thermococcus eurythermalis,Euryarchaeota,Thermococci,,,,
1229908,cellular organisms,Archaea,Nitrosopumilales,Nitrosopumilaceae,Nitrosopumilus,Candidatus Nitrosopumilus koreensis,Thaumarchaeota,,TACK group,Candidatus Nitrosopumilus koreensis AR1,,
1532350,cellular organisms,Archaea,Sulfolobales,Sulfolobaceae,Metallosphaera,Metallosphaera tengchongensis,Crenarchaeota,Thermoprotei,TACK group,,,
1535962,unclassified Methanomassiliicoccaceae,Archaea,Methanomassiliicoccales,Methanomassiliicoccaceae,,Methanomassiliicoccaceae archaeon DOK,Euryarchaeota,Thermoplasmata,Diaforarchaea group,,,
1547898,unclassified Haloplanus,Archaea,Haloferacales,Haloferacaceae,Haloplanus,Haloplanus sp. CBA1112,Euryarchaeota,Halobacteria,Stenosarchaea group,,,
1547899,unclassified Haloplanus,Archaea,Haloferacales,Haloferacaceae,Haloplanus,Haloplanus sp. CBA1113,Euryarchaeota,Halobacteria,Stenosarchaea group,,,
1550241,cellular organisms,Archaea,Thermoproteales,Thermofilaceae,Thermofilum,Thermofilum uzonense,Crenarchaeota,Thermoprotei,TACK group,,,
1577685,unclassified Acidilobus,Archaea,Acidilobales,Acidilobaceae,Acidilobus,Acidilobus sp. 7A,Crenarchaeota,Thermoprotei,TACK group,,,
1577791,cellular organisms,Archaea,Methanomassiliicoccales,Methanomassiliicoccaceae,Candidatus Methanoplasma,Candidatus Methanoplasma termitum,Euryarchaeota,Thermoplasmata,Diaforarchaea group,,,
1580092,cellular organisms,Archaea,Nitrosopumilales,Nitrosopumilaceae,Nitrosopumilus,Nitrosopumilus adriaticus,Thaumarchaeota,,TACK group,,,
1582439,cellular organisms,Archaea,Nitrosopumilales,Nitrosopumilaceae,Nitrosopumilus,Nitrosopumilus piranensis,Thaumarchaeota,,TACK group,,,
1592728,unclassified Haloarcula,Archaea,Halobacteriales,Haloarculaceae,Haloarcula,Haloarcula sp. CBA1115,Euryarchaeota,Halobacteria,Stenosarchaea group,,,
1603555,Thaumarchaeota incertae sedis,Archaea,,,Candidatus Nitrosotenuis,Candidatus Nitrosotenuis cloacae,Thaumarchaeota,,TACK group,,,
1604004,cellular organisms,Archaea,Halobacteriales,Halobacteriaceae,Halanaeroarchaeum,Halanaeroarchaeum sulfurireducens,Euryarchaeota,Halobacteria,Stenosarchaea group,,,
1609559,cellular organisms,Archaea,Thermococcales,Thermococcaceae,Pyrococcus,Pyrococcus kukulkanii,Euryarchaeota,Thermococci,,,,
1609968,unclassified Methanobrevibacter,Archaea,Methanobacteriales,Methanobacteriaceae,Methanobrevibacter,Methanobrevibacter sp. YE315,Euryarchaeota,Methanobacteria,Methanomada group,,,
1670455,cellular organisms,Archaea,Sulfolobales,Sulfolobaceae,Sulfodiicoccus,Sulfodiicoccus acidiphilus,Crenarchaeota,Thermoprotei,TACK group,,,
1673428,cellular organisms,Archaea,Thermoplasmatales,Cuniculiplasmataceae,Cuniculiplasma,Cuniculiplasma divulgatum,Euryarchaeota,Thermoplasmata,Diaforarchaea group,,,
1674923,unclassified Thermococcus,Archaea,Thermococcales,Thermococcaceae,Thermococcus,Thermococcus sp. 2319x1,Euryarchaeota,Thermococci,,,,
1679096,unclassified Haloarculaceae,Archaea,Halobacteriales,Haloarculaceae,,Haloarculaceae archaeon HArcel1,Euryarchaeota,Halobacteria,Stenosarchaea group,,,
1699371,unclassified Haloterrigena,Archaea,Natrialbales,Natrialbaceae,Haloterrigena,Haloterrigena sp. YPL8,Euryarchaeota,Halobacteria,Stenosarchaea group,,,
1710539,unclassified Natrinema,Archaea,Natrialbales,Natrialbaceae,Natrinema,Natrinema sp. YPL30,Euryarchaeota,Halobacteria,Stenosarchaea group,,,
1710540,unclassified Natronomonas,Archaea,Halobacteriales,Haloarculaceae,Natronomonas,Natronomonas sp. YPL13,Euryarchaeota,Halobacteria,Stenosarchaea group,,,
1710541,Halobacteriales incertae sedis,Archaea,Halobacteriales,,Salinibaculum,Salinibaculum litoreum,Euryarchaeota,Halobacteria,Stenosarchaea group,,,
1712654,cellular organisms,Archaea,Thermococcales,Thermococcaceae,Thermococcus,Thermococcus piezophilus,Euryarchaeota,Thermococci,,,,
1715806,cellular organisms,Archaea,Methanosarcinales,Methanosarcinaceae,Methanosarcina,Methanosarcina flavescens,Euryarchaeota,Methanomicrobia,Stenosarchaea group,,,
1789762,unclassified Methanosphaera,Archaea,Methanobacteriales,Methanobacteriaceae,Methanosphaera,Methanosphaera sp. BMS,Euryarchaeota,Methanobacteria,Methanomada group,,,
1798806,cellular organisms,Archaea,Nitrososphaerales,Nitrososphaeraceae,Candidatus Nitrosocosmicus,Candidatus Nitrosocosmicus franklandus,Thaumarchaeota,Nitrososphaeria,TACK group,,,
1816183,cellular organisms,Archaea,Haloferacales,Haloferacaceae,Haloplanus,Haloplanus rallus,Euryarchaeota,Halobacteria,Stenosarchaea group,,,
1826872,cellular organisms,Archaea,Nitrososphaerales,Nitrososphaeraceae,Candidatus Nitrosocosmicus,Candidatus Nitrosocosmicus exaquare,Thaumarchaeota,Nitrososphaeria,TACK group,,,
1846278,Thaumarchaeota incertae sedis,Archaea,,,Candidatus Nitrosotenuis,Candidatus Nitrosotenuis aquarius,Thaumarchaeota,,TACK group,,,
1853682,unclassified Halarchaeum,Archaea,Halobacteriales,Halobacteriaceae,Halarchaeum,Halarchaeum sp. CBA1220,Euryarchaeota,Halobacteria,Stenosarchaea group,,,
1853690,unclassified Halolamina,Archaea,Haloferacales,Halorubraceae,Halolamina,Halolamina sp. CBA1230,Euryarchaeota,Halobacteria,Stenosarchaea group,,,
1853699,unclassified Halorubrum,Archaea,Haloferacales,Halorubraceae,Halorubrum,Halorubrum sp. CBA1229,Euryarchaeota,Halobacteria,Stenosarchaea group,,,
1873524,cellular organisms,Archaea,Halobacteriales,Halobacteriaceae,Halodesulfurarchaeum,Halodesulfurarchaeum formicicum,Euryarchaeota,Halobacteria,Stenosarchaea group,,,
1874277,cellular organisms,Archaea,,,Conexivisphaera,Conexivisphaera calidus,Candidatus Geothermarchaeota,,TACK group,,,
1891280,unclassified Sulfolobus,Archaea,Sulfolobales,Sulfolobaceae,Sulfolobus,Sulfolobus sp. A20,Crenarchaeota,Thermoprotei,TACK group,,,
1898749,cellular organisms,Archaea,Nitrosopumilales,Nitrosopumilaceae,Candidatus Nitrosomarinus,Candidatus Nitrosomarinus catalina,Thaumarchaeota,,TACK group,,,
1911685,unclassified Methanobacterium,Archaea,Methanobacteriales,Methanobacteriaceae,Methanobacterium,Methanobacterium sp. MZ-A1,Euryarchaeota,Methanobacteria,Methanomada group,,,
1920749,cellular organisms,Archaea,,,Candidatus Mancarchaeum,Candidatus Mancarchaeum acidiphilum,Candidatus Micrarchaeota,,DPANN group,,,
1932004,cellular organisms,Archaea,Halobacteriales,Haloarculaceae,Haloarcula,Haloarcula taiwanensis,Euryarchaeota,Halobacteria,Stenosarchaea group,,,
1932360,unclassified Halorientalis,Archaea,Halobacteriales,Haloarculaceae,Halorientalis,Halorientalis sp. IM1011,Euryarchaeota,Halobacteria,Stenosarchaea group,,,
1959104,cellular organisms,Archaea,Nitrosopumilales,Nitrosopumilaceae,Nitrosopumilus,Nitrosopumilus oxyclinae,Thaumarchaeota,,TACK group,,,
2008440,unclassified Thermococcus,Archaea,Thermococcales,Thermococcaceae,Thermococcus,Thermococcus sp. 5-4,Euryarchaeota,Thermococci,,,,
2016361,unclassified Thermococcus,Archaea,Thermococcales,Thermococcaceae,Thermococcus,Thermococcus sp. EXT12c,Euryarchaeota,Thermococci,,,,
2044521,cellular organisms,Archaea,Natrialbales,Natrialbaceae,Natronolimnobius,Natronolimnobius sulfurireducens,Euryarchaeota,Halobacteria,Stenosarchaea group,,,
2045011,cellular organisms,Archaea,Candidatus Nitrosocaldales,Candidatus Nitrosocaldaceae,Candidatus Nitrosocaldus,Candidatus Nitrosocaldus islandicus,Thaumarchaeota,Nitrososphaeria,TACK group,,,
2055893,Haloferacales incertae sedis,Archaea,Haloferacales,,Halalkaliarchaeum,Halalkaliarchaeum desulfuricum,Euryarchaeota,Halobacteria,Stenosarchaea group,,,
2058097,cellular organisms,Archaea,Candidatus Nitrosocaldales,Candidatus Nitrosocaldaceae,Candidatus Nitrosocaldus,Candidatus Nitrosocaldus cavascurensis,Thaumarchaeota,Nitrososphaeria,TACK group,,,
2259672,unclassified Candidatus Nitrosotenuis,Archaea,,,Candidatus Nitrosotenuis,Candidatus Nitrosotenuis sp. DW1,Thaumarchaeota,,TACK group,,,
2259673,unclassified Nitrosarchaeum,Archaea,Nitrosopumilales,Nitrosopumilaceae,Nitrosarchaeum,Nitrosarchaeum sp. AC2,Thaumarchaeota,,TACK group,,,
2419781,unclassified Natrialbaceae,Archaea,Natrialbales,Natrialbaceae,,Natrialbaceae archaeon XQ-INN 246,Euryarchaeota,Halobacteria,Stenosarchaea group,,,
2497325,unclassified Halorubrum,Archaea,Haloferacales,Halorubraceae,Halorubrum,Halorubrum sp. BOL3-1,Euryarchaeota,Halobacteria,Stenosarchaea group,,,
2505977,unclassified Halorussus,Archaea,Halobacteriales,Halobacteriaceae,Halorussus,Halorussus sp. RC-68,Euryarchaeota,Halobacteria,Stenosarchaea group,,,
2508726,cellular organisms,Archaea,Nitrosopumilales,Nitrosopumilaceae,Nitrosopumilus,Candidatus Nitrosopumilus sp. SW,Thaumarchaeota,,TACK group,,,
2512240,unclassified Sulfolobus,Archaea,Sulfolobales,Sulfolobaceae,Sulfolobus,Sulfolobus sp. S-194,Crenarchaeota,Thermoprotei,TACK group,,,
2565781,unclassified DPANN group,Archaea,,,,DPANN group archaeon LC1Nh,,,DPANN group,,,
2572921,unclassified Haloprofundus,Archaea,Haloferacales,Haloferacaceae,Haloprofundus,Haloprofundus sp. MHR1,Euryarchaeota,Halobacteria,Stenosarchaea group,,,
2583824,cellular organisms,Archaea,Halobacteriales,Halobacteriaceae,Halostella,Halostella pelagica,Euryarchaeota,Halobacteria,Stenosarchaea group,,,
2586643,unclassified Thermococcus,Archaea,Thermococcales,Thermococcaceae,Thermococcus,Thermococcus sp. IOH1,Euryarchaeota,Thermococci,,,,
2594042,cellular organisms,Archaea,,,Candidatus Prometheoarchaeum,Candidatus Prometheoarchaeum syntrophicum,Candidatus Lokiarchaeota,,Asgard group,,,
2594798,unclassified Nanohaloarchaea,Archaea,,,,Nanohaloarchaea archaeon,Euryarchaeota,Nanohaloarchaea,Stenosarchaea group,,,Candidatus Nanohaloarchaeota
2598455,unclassified Thermococcus,Archaea,Thermococcales,Thermococcaceae,Thermococcus,Thermococcus sp. SY113,Euryarchaeota,Thermococci,,,,
2599399,unclassified Salarchaeum,Archaea,Halobacteriales,Halobacteriaceae,Salarchaeum,Salarchaeum sp. JOR-1,Euryarchaeota,Halobacteria,Stenosarchaea group,,,
2603820,unclassified Methanothermobacter,Archaea,Methanobacteriales,Methanobacteriaceae,Methanothermobacter,Methanothermobacter sp. KEPCO-1,Euryarchaeota,Methanobacteria,Methanomada group,,,
2606912,unclassified Methanothermobacter,Archaea,Methanobacteriales,Methanobacteriaceae,Methanothermobacter,Methanothermobacter sp. THM-2,Euryarchaeota,Methanobacteria,Methanomada group,,,
2607662,unclassified Methanofervidicoccus,Archaea,Methanococcales,,Methanofervidicoccus,Methanofervidicoccus sp. A16,Euryarchaeota,Methanococci,Methanomada group,,,
2610902,unclassified Halomicrobium,Archaea,Halobacteriales,Haloarculaceae,Halomicrobium,Halomicrobium sp. LC1Hm,Euryarchaeota,Halobacteria,Stenosarchaea group,,,
2650975,unclassified Halorussus,Archaea,Halobacteriales,Halobacteriaceae,Halorussus,Halorussus sp. ZS-3,Euryarchaeota,Halobacteria,Stenosarchaea group,,,
2663019,unclassified Sulfolobus,Archaea,Sulfolobales,Sulfolobaceae,Sulfolobus,Sulfolobus sp. E5-1-F,Crenarchaeota,Thermoprotei,TACK group,,,
2663020,unclassified Sulfolobus,Archaea,Sulfolobales,Sulfolobaceae,Sulfolobus,Sulfolobus sp. E11-6,Crenarchaeota,Thermoprotei,TACK group,,,
2716717,unclassified Haloarcula,Archaea,Halobacteriales,Haloarculaceae,Haloarcula,Haloarcula sp. JP-L23,Euryarchaeota,Halobacteria,Stenosarchaea group,,,
2739057,unclassified Halorubrum,Archaea,Haloferacales,Halorubraceae,Halorubrum,Halorubrum sp. RHB-C,Euryarchaeota,Halobacteria,Stenosarchaea group,,,
2743089,unclassified Halobonum,Archaea,Haloferacales,Halorubraceae,Candidatus Halobonum,Halobonum sp. NJ-3-1,Euryarchaeota,Halobacteria,Stenosarchaea group,,,
2743090,unclassified Halobonum,Archaea,Haloferacales,Halorubraceae,Candidatus Halobonum,Halobonum sp. Gai3-2,Euryarchaeota,Halobacteria,Stenosarchaea group,,,
2747817,unclassified Natronomonas,Archaea,Halobacteriales,Haloarculaceae,Natronomonas,Natronomonas sp. C90,Euryarchaeota,Halobacteria,Stenosarchaea group,,,
