,parent_id,rank,tax_name,root,below_root,superkingdom,below_superkingdom,below_below_superkingdom,below_below_below_superkingdom,below_below_below_below_superkingdom,kingdom,subkingdom,phylum,below_phylum,below_below_phylum,subphylum,below_subphylum,below_below_subphylum,below_below_below_subphylum,below_below_below_below_subphylum,below_below_below_below_below_subphylum,below_below_below_below_below_below_subphylum,below_below_below_below_below_below_below_subphylum,below_below_below_below_below_below_below_below_subphylum,below_below_below_below_below_below_below_below_below_subphylum,below_below_below_below_below_below_below_below_below_below_subphylum,below_below_below_below_below_below_below_below_below_below_below_subphylum,class,below_class,subclass,below_subclass,order,below_order,suborder,superfamily,family,below_family,subfamily,tribe,genus,below_genus,subgenus,species,below_species,varietas,below_varietas
605,1,root,,,,,,,,,,,,,,,,,,,,,,,,,,,,,,,,,,,,,,,,,,,,
604,1,root,,,,,,,,,,,,,,,,,,,,,,,,,,,,,,,,,,,,,,,,,,,,
602,1,root,,,,,,,,,,,,,,,,,,,,,,,,,,,,,,,,,,,,,,,,,,,,
601,1,root,,,,,,,,,,,,,,,,,,,,,,,,,,,,,,,,,,,,,,,,,,,,
5,2759,below_superkingdom,Stramenopiles,root,cellular organisms,,Stramenopiles,,,,,,,,,,,,,,,,,,,,,,,,,,,,,,,,,,,,,,,
600,1,root,,,,,,,,,,,,,,,,,,,,,,,,,,,,,,,,,,,,,,,,,,,,
598,1,root,,,,,,,,,,,,,,,,,,,,,,,,,,,,,,,,,,,,,,,,,,,,
597,1,root,,,,,,,,,,,,,,,,,,,,,,,,,,,,,,,,,,,,,,,,,,,,
17,131567,superkingdom,Eukaryota,root,,Eukaryota,,,,,,,,,,,,,,,,,,,,,,,,,,,,,,,,,,,,,,,,
13,131567,superkingdom,Eukaryota,root,,Eukaryota,,,,,,,,,,,,,,,,,,,,,,,,,,,,,,,,,,,,,,,,
12,131567,superkingdom,Eukaryota,root,,Eukaryota,,,,,,,,,,,,,,,,,,,,,,,,,,,,,,,,,,,,,,,,
10,131567,superkingdom,Eukaryota,root,,Eukaryota,,,,,,,,,,,,,,,,,,,,,,,,,,,,,,,,,,,,,,,,
16,1004267,family,Pinguiochrysidaceae,root,cellular organisms,Eukaryota,Stramenopiles,,,,,,,,,,,,,,,,,,,,,Pinguiophyceae,,,,,,,,Pinguiochrysidaceae,,,,,,,,,,
596,1,root,,,,,,,,,,,,,,,,,,,,,,,,,,,,,,,,,,,,,,,,,,,,
58,2759,below_superkingdom,Stramenopiles,root,cellular organisms,,Stramenopiles,,,,,,,,,,,,,,,,,,,,,,,,,,,,,,,,,,,,,,,
34,33634,class,Dictyochophyceae,root,cellular organisms,Eukaryota,,,,,,,,,,,,,,,,,,,,,,Dictyochophyceae,,,,,,,,,,,,,,,,,,
24,33634,class,Dictyochophyceae,root,cellular organisms,Eukaryota,,,,,,,,,,,,,,,,,,,,,,Dictyochophyceae,,,,,,,,,,,,,,,,,,
23,590977,genus,Florenciella,root,cellular organisms,Eukaryota,Stramenopiles,,,,,,,,,,,,,,,,,,,,,Dictyochophyceae,,,,Florenciellales,,,,,,,,Florenciella,,,,,,
21,590977,genus,Florenciella,root,cellular organisms,Eukaryota,Stramenopiles,,,,,,,,,,,,,,,,,,,,,Dictyochophyceae,,,,Florenciellales,,,,,,,,Florenciella,,,,,,
33,33634,class,Dictyochophyceae,root,cellular organisms,Eukaryota,,,,,,,,,,,,,,,,,,,,,,Dictyochophyceae,,,,,,,,,,,,,,,,,,
32,39119,order,Pedinellales,root,cellular organisms,Eukaryota,Stramenopiles,,,,,,,,,,,,,,,,,,,,,,,,,Pedinellales,,,,,,,,,,,,,,
31,39119,order,Pedinellales,root,cellular organisms,Eukaryota,Stramenopiles,,,,,,,,,,,,,,,,,,,,,Dictyochophyceae,,,,Pedinellales,,,,,,,,,,,,,,
29,39119,order,Pedinellales,root,cellular organisms,Eukaryota,Stramenopiles,,,,,,,,,,,,,,,,,,,,,Dictyochophyceae,,,,Pedinellales,,,,,,,,,,,,,,
57,33634,class,Pelagophyceae,root,cellular organisms,Eukaryota,,,,,,,,,,,,,,,,,,,,,,Pelagophyceae,,,,,,,,,,,,,,,,,,
45,33634,class,Pelagophyceae,root,cellular organisms,Eukaryota,,,,,,,,,,,,,,,,,,,,,,Pelagophyceae,,,,,,,,,,,,,,,,,,
44,33634,class,Pelagophyceae,root,cellular organisms,Eukaryota,,,,,,,,,,,,,,,,,,,,,,Pelagophyceae,,,,,,,,,,,,,,,,,,
42,33634,class,Pelagophyceae,root,cellular organisms,Eukaryota,,,,,,,,,,,,,,,,,,,,,,Pelagophyceae,,,,,,,,,,,,,,,,,,
41,35675,order,Pelagomonadales,root,cellular organisms,Eukaryota,Stramenopiles,,,,,,,,,,,,,,,,,,,,,,,,,Pelagomonadales,,,,,,,,,,,,,,
40,35675,order,Pelagomonadales,root,cellular organisms,Eukaryota,Stramenopiles,,,,,,,,,,,,,,,,,,,,,,,,,Pelagomonadales,,,,,,,,,,,,,,
56,33634,class,Pelagophyceae,root,cellular organisms,Eukaryota,,,,,,,,,,,,,,,,,,,,,,Pelagophyceae,,,,,,,,,,,,,,,,,,
48,35675,order,Sarcinochrysidales,root,cellular organisms,Eukaryota,Stramenopiles,,,,,,,,,,,,,,,,,,,,,,,,,Sarcinochrysidales,,,,,,,,,,,,,,
55,33634,class,Pelagophyceae,root,cellular organisms,Eukaryota,Stramenopiles,,,,,,,,,,,,,,,,,,,,,Pelagophyceae,,,,,,,,,,,,,,,,,,
54,33634,class,Pelagophyceae,root,cellular organisms,Eukaryota,,,,,,,,,,,,,,,,,,,,,,Pelagophyceae,,,,,,,,,,,,,,,,,,
53,33634,class,Pelagophyceae,root,cellular organisms,Eukaryota,,,,,,,,,,,,,,,,,,,,,,Pelagophyceae,,,,,,,,,,,,,,,,,,
595,1,root,,,,,,,,,,,,,,,,,,,,,,,,,,,,,,,,,,,,,,,,,,,,
453,1,root,,,,,,,,,,,,,,,,,,,,,,,,,,,,,,,,,,,,,,,,,,,,
452,1,root,root,root,,,,,,,,,,,,,,,,,,,,,,,,,,,,,,,,,,,,,,,,,,
72,131567,superkingdom,Eukaryota,root,cellular organisms,Eukaryota,,,,,,,,,,,,,,,,,,,,,,,,,,,,,,,,,,,,,,,,
68,131567,superkingdom,Eukaryota,root,cellular organisms,Eukaryota,,,,,,,,,,,,,,,,,,,,,,,,,,,,,,,,,,,,,,,,
62,131567,superkingdom,Eukaryota,root,cellular organisms,Eukaryota,,,,,,,,,,,,,,,,,,,,,,,,,,,,,,,,,,,,,,,,
67,131567,superkingdom,Eukaryota,root,,Eukaryota,,,,,,,,,,,,,,,,,,,,,,,,,,,,,,,,,,,,,,,,
66,35131,family,Thraustochytriaceae,root,cellular organisms,Eukaryota,Stramenopiles,,,,,,,,,,,,,,,,,,,,,,,,,,,,,Thraustochytriaceae,,,,,,,,,,
71,33674,genus,Aplanochytrium,root,cellular organisms,Eukaryota,Stramenopiles,,,,,,,,,,,,,,,,,,,,,Labyrinthulomycetes,,,,,,,,,,,,Aplanochytrium,,,,,,
451,1,root,,,,,,,,,,,,,,,,,,,,,,,,,,,,,,,,,,,,,,,,,,,,
207,1,root,,,,,,,,,,,,,,,,,,,,,,,,,,,,,,,,,,,,,,,,,,,,
159,1,root,,,,,,,,,,,,,,,,,,,,,,,,,,,,,,,,,,,,,,,,,,,,
157,1,root,,,,,,,,,,,,,,,,,,,,,,,,,,,,,,,,,,,,,,,,,,,,
155,1,root,,,,,,,,,,,,,,,,,,,,,,,,,,,,,,,,,,,,,,,,,,,,
153,1,root,,,,,,,,,,,,,,,,,,,,,,,,,,,,,,,,,,,,,,,,,,,,
149,1,root,,,,,,,,,,,,,,,,,,,,,,,,,,,,,,,,,,,,,,,,,,,,
93,33630,class,Dinophyceae,root,cellular organisms,Eukaryota,,,,,,,,,,,,,,,,,,,,,,Dinophyceae,,,,,,,,,,,,,,,,,,
92,33630,class,Dinophyceae,root,cellular organisms,Eukaryota,,,,,,,,,,,,,,,,,,,,,,Dinophyceae,,,,,,,,,,,,,,,,,,
88,33630,class,Dinophyceae,root,cellular organisms,Eukaryota,,,,,,,,,,,,,,,,,,,,,,Dinophyceae,,,,,,,,,,,,,,,,,,
87,33630,class,Dinophyceae,root,cellular organisms,Eukaryota,,,,,,,,,,,,,,,,,,,,,,Dinophyceae,,,,,,,,,,,,,,,,,,
86,33630,class,Dinophyceae,root,cellular organisms,Eukaryota,,,,,,,,,,,,,,,,,,,,,,Dinophyceae,,,,,,,,,,,,,,,,,,
84,33834,genus,Alexandrium,root,cellular organisms,Eukaryota,Alveolata,,,,,,,,,,,,,,,,,,,,,Dinophyceae,,,,Gonyaulacales,,,,,,,,Alexandrium,,,,,,
83,33834,genus,Alexandrium,root,cellular organisms,Eukaryota,Alveolata,,,,,,,,,,,,,,,,,,,,,Dinophyceae,,,,Gonyaulacales,,,,,,,,Alexandrium,,,,,,
79,33834,genus,Alexandrium,root,cellular organisms,Eukaryota,Alveolata,,,,,,,,,,,,,,,,,,,,,Dinophyceae,,,,Gonyaulacales,,,,,,,,Alexandrium,,,,,,
82,33834,genus,Alexandrium,root,cellular organisms,Eukaryota,Alveolata,,,,,,,,,,,,,,,,,,,,,Dinophyceae,,,,Gonyaulacales,,,,,,,,Alexandrium,,,,,,
91,2864,order,Gonyaulacales,root,cellular organisms,Eukaryota,Alveolata,,,,,,,,,,,,,,,,,,,,,,,,,Gonyaulacales,,,,,,,,,,,,,,
148,1,root,,,,,,,,,,,,,,,,,,,,,,,,,,,,,,,,,,,,,,,,,,,,
130,1,root,,,,,,,,,,,,,,,,,,,,,,,,,,,,,,,,,,,,,,,,,,,,
100,33835,family,Thoracosphaeraceae,root,cellular organisms,Eukaryota,Alveolata,,,,,,,,,,,,,,,,,,,,,Dinophyceae,,,,,,,,Thoracosphaeraceae,,,,,,,,,,
99,33835,family,Thoracosphaeraceae,root,cellular organisms,Eukaryota,Alveolata,,,,,,,,,,,,,,,,,,,,,Dinophyceae,,,,,,,,Thoracosphaeraceae,,,,,,,,,,
97,33835,family,Thoracosphaeraceae,root,cellular organisms,Eukaryota,Alveolata,,,,,,,,,,,,,,,,,,,,,Dinophyceae,,,,,,,,Thoracosphaeraceae,,,,,,,,,,
129,1,root,root,root,,,,,,,,,,,,,,,,,,,,,,,,,,,,,,,,,,,,,,,,,,
127,1,root,root,root,,,,,,,,,,,,,,,,,,,,,,,,,,,,,,,,,,,,,,,,,,
117,1,root,root,root,,,,,,,,,,,,,,,,,,,,,,,,,,,,,,,,,,,,,,,,,,
115,1,root,root,root,,,,,,,,,,,,,,,,,,,,,,,,,,,,,,,,,,,,,,,,,,
103,1,root,root,root,,,,,,,,,,,,,,,,,,,,,,,,,,,,,,,,,,,,,,,,,,
114,1,root,,,,,,,,,,,,,,,,,,,,,,,,,,,,,,,,,,,,,,,,,,,,
112,1,root,,,,,,,,,,,,,,,,,,,,,,,,,,,,,,,,,,,,,,,,,,,,
111,1,root,,,,,,,,,,,,,,,,,,,,,,,,,,,,,,,,,,,,,,,,,,,,
109,1,root,,,,,,,,,,,,,,,,,,,,,,,,,,,,,,,,,,,,,,,,,,,,
126,2759,below_superkingdom,Alveolata,root,cellular organisms,Eukaryota,Alveolata,,,,,,,,,,,,,,,,,,,,,,,,,,,,,,,,,,,,,,,
122,2759,below_superkingdom,Alveolata,root,cellular organisms,Eukaryota,Alveolata,,,,,,,,,,,,,,,,,,,,,,,,,,,,,,,,,,,,,,,
120,2759,below_superkingdom,Alveolata,root,cellular organisms,Eukaryota,Alveolata,,,,,,,,,,,,,,,,,,,,,,,,,,,,,,,,,,,,,,,
125,66802,genus,Heterocapsa,root,cellular organisms,Eukaryota,Alveolata,,,,,,,,,,,,,,,,,,,,,Dinophyceae,,,,Peridiniales,,,,,,,,Heterocapsa,,,,,,
147,33630,class,Dinophyceae,root,cellular organisms,Eukaryota,,,,,,,,,,,,,,,,,,,,,,Dinophyceae,,,,,,,,,,,,,,,,,,
133,2943,genus,Prorocentrum,root,cellular organisms,Eukaryota,Alveolata,,,,,,,,,,,,,,,,,,,,,Dinophyceae,,,,Prorocentrales,,,,,,,,Prorocentrum,,,,,,
146,33630,class,Dinophyceae,root,cellular organisms,Eukaryota,Alveolata,,,,,,,,,,,,,,,,,,,,,Dinophyceae,,,,,,,,,,,,,,,,,,
140,33630,class,Dinophyceae,root,cellular organisms,Eukaryota,Alveolata,,,,,,,,,,,,,,,,,,,,,Dinophyceae,,,,,,,,,,,,,,,,,,
136,33630,class,Dinophyceae,root,cellular organisms,Eukaryota,Alveolata,,,,,,,,,,,,,,,,,,,,,Dinophyceae,,,,,,,,,,,,,,,,,,
139,33630,class,Dinophyceae,root,cellular organisms,Eukaryota,Alveolata,,,,,,,,,,,,,,,,,,,,,Dinophyceae,,,,,,,,,,,,,,,,,,
145,33630,class,Dinophyceae,root,cellular organisms,Eukaryota,,,,,,,,,,,,,,,,,,,,,,Dinophyceae,,,,,,,,,,,,,,,,,,
144,33630,class,Dinophyceae,root,cellular organisms,Eukaryota,,,,,,,,,,,,,,,,,,,,,,Dinophyceae,,,,,,,,,,,,,,,,,,
152,33630,class,Dinophyceae,root,cellular organisms,Eukaryota,,,,,,,,,,,,,,,,,,,,,,Dinophyceae,,,,,,,,,,,,,,,,,,
206,131567,superkingdom,Eukaryota,root,,Eukaryota,,,,,,,,,,,,,,,,,,,,,,,,,,,,,,,,,,,,,,,,
162,197907,family,Mesodiniidae,root,cellular organisms,Eukaryota,Alveolata,Ciliophora,,,,,,,,Intramacronucleata,,,,,,,,,,,,Litostomatea,,Haptoria,,,,,,Mesodiniidae,,,,,,,,,,
205,131567,superkingdom,Eukaryota,root,,Eukaryota,,,,,,,,,,,,,,,,,,,,,,,,,,,,,,,,,,,,,,,,
165,194287,order,Heterotrichida,root,cellular organisms,Eukaryota,Alveolata,Ciliophora,,,,,,,,Postciliodesmatophora,,,,,,,,,,,,,,,,Heterotrichida,,,,,,,,,,,,,,
204,131567,superkingdom,Eukaryota,root,,Eukaryota,,,,,,,,,,,,,,,,,,,,,,,,,,,,,,,,,,,,,,,,
203,131567,superkingdom,Eukaryota,root,,Eukaryota,,,,,,,,,,,,,,,,,,,,,,,,,,,,,,,,,,,,,,,,
175,5878,subphylum,Intramacronucleata,root,cellular organisms,Eukaryota,Alveolata,,,,,,,,,Intramacronucleata,,,,,,,,,,,,,,,,,,,,,,,,,,,,,,
169,5878,subphylum,Intramacronucleata,root,cellular organisms,Eukaryota,Alveolata,,,,,,,,,Intramacronucleata,,,,,,,,,,,,,,,,,,,,,,,,,,,,,,
174,5878,subphylum,Intramacronucleata,root,cellular organisms,Eukaryota,Alveolata,,,,,,,,,Intramacronucleata,,,,,,,,,,,,,,,,,,,,,,,,,,,,,,
173,35094,order,Philasterida,root,cellular organisms,Eukaryota,Alveolata,Ciliophora,,,,,,,,Intramacronucleata,,,,,,,,,,,,Oligohymenophorea,,,,Philasterida,,,,,,,,,,,,,,
202,131567,superkingdom,Eukaryota,root,,Eukaryota,,,,,,,,,,,,,,,,,,,,,,,,,,,,,,,,,,,,,,,,
192,131567,superkingdom,Eukaryota,root,,Eukaryota,,,,,,,,,,,,,,,,,,,,,,,,,,,,,,,,,,,,,,,,
188,131567,superkingdom,Eukaryota,root,,Eukaryota,,,,,,,,,,,,,,,,,,,,,,,,,,,,,,,,,,,,,,,,
184,431838,class,Spirotrichea,root,cellular organisms,Eukaryota,Alveolata,Ciliophora,,,,,,,,,,,,,,,,,,,,Spirotrichea,,,,,,,,,,,,,,,,,,
178,60004,genus,Strombidium,root,cellular organisms,Eukaryota,Alveolata,Ciliophora,,,,,,,,Intramacronucleata,,,,,,,,,,,,Spirotrichea,,Oligotrichia,,,,,,,,,,Strombidium,,,,,,
183,33829,subclass,Choreotrichia,root,cellular organisms,Eukaryota,Alveolata,Ciliophora,,,,,,,,Intramacronucleata,,,,,,,,,,,,,,Choreotrichia,,,,,,,,,,,,,,,,
182,141412,genus,Strombidinopsis,root,cellular organisms,Eukaryota,Alveolata,Ciliophora,,,,,,,,Intramacronucleata,,,,,,,,,,,,Spirotrichea,,Choreotrichia,,Choreotrichida,,,,,,,,Strombidinopsis,,,,,,
187,131567,superkingdom,Eukaryota,root,,Eukaryota,,,,,,,,,,,,,,,,,,,,,,,,,,,,,,,,,,,,,,,,
191,100127,genus,Euplotes,root,cellular organisms,Eukaryota,Alveolata,Ciliophora,,,,,,,,Intramacronucleata,,,,,,,,,,,,Spirotrichea,,Hypotrichia,,Euplotida,,,,,,,,Euplotes,,,,,,
201,131567,superkingdom,Eukaryota,root,,Eukaryota,,,,,,,,,,,,,,,,,,,,,,,,,,,,,,,,,,,,,,,,
199,543769,below_below_superkingdom,Foraminifera,root,cellular organisms,Eukaryota,,Foraminifera,,,,,,,,,,,,,,,,,,,,,,,,,,,,,,,,,,,,,,
197,29178,order,Rotaliida,root,cellular organisms,Eukaryota,Rhizaria,,,,,,,,,,,,,,,,,,,,,,,,,Rotaliida,,,,,,,,,,,,,,
195,29178,order,Rotaliida,root,cellular organisms,Eukaryota,Rhizaria,,,,,,,,,,,,,,,,,,,,,,,,,Rotaliida,,,,,,,,,,,,,,
450,1,root,,,,,,,,,,,,,,,,,,,,,,,,,,,,,,,,,,,,,,,,,,,,
420,1,root,,,,,,,,,,,,,,,,,,,,,,,,,,,,,,,,,,,,,,,,,,,,
228,1,root,,,,,,,,,,,,,,,,,,,,,,,,,,,,,,,,,,,,,,,,,,,,
210,2759,below_superkingdom,Opisthokonta,root,cellular organisms,,Opisthokonta,,,,,,,,,,,,,,,,,,,,,,,,,,,,,,,,,,,,,,,
227,1,root,,,,,,,,,,,,,,,,,,,,,,,,,,,,,,,,,,,,,,,,,,,,
226,1,root,,,,,,,,,,,,,,,,,,,,,,,,,,,,,,,,,,,,,,,,,,,,
224,131567,superkingdom,Eukaryota,root,,Eukaryota,,,,,,,,,,,,,,,,,,,,,,,,,,,,,,,,,,,,,,,,
218,2759,phylum,Cryptophyta,root,cellular organisms,,,,,,,,Cryptophyta,,,,,,,,,,,,,,,,,,,,,,,,,,,,,,,,,
214,589344,genus,Rhodomonas,root,cellular organisms,Eukaryota,,,,,,,Cryptophyta,,,,,,,,,,,,,,,,,,,Pyrenomonadales,,,,,,,,Rhodomonas,,,,,,
217,3027,order,Cryptomonadales,root,cellular organisms,Eukaryota,,,,,,,,,,,,,,,,,,,,,,,,,,Cryptomonadales,,,,,,,,,,,,,,
223,2759,phylum,Rhodophyta,root,cellular organisms,,,,,,,,Rhodophyta,,,,,,,,,,,,,,,,,,,,,,,,,,,,,,,,,
221,2798,family,Porphyridiaceae,root,cellular organisms,Eukaryota,,,,,,,Rhodophyta,,,,,,,,,,,,,,,Bangiophyceae,,,,,,,,Porphyridiaceae,,,,,,,,,,
419,1,root,root,root,,,,,,,,,,,,,,,,,,,,,,,,,,,,,,,,,,,,,,,,,,
271,2759,class,Haptophyceae,root,cellular organisms,Eukaryota,,,,,,,,,,,,,,,,,,,,,,Haptophyceae,,,,,,,,,,,,,,,,,,
259,2759,class,Haptophyceae,root,cellular organisms,Eukaryota,,,,,,,,,,,,,,,,,,,,,,Haptophyceae,,,,,,,,,,,,,,,,,,
235,418920,genus,Phaeocystis,root,cellular organisms,Eukaryota,,,,,,,,,,,,,,,,,,,,,,Haptophyceae,,,,Phaeocystales,,,,Phaeocystaceae,,,,Phaeocystis,,,,,,
233,418920,genus,Phaeocystis,root,cellular organisms,Eukaryota,,,,,,,,,,,,,,,,,,,,,,Haptophyceae,,,,Phaeocystales,,,,Phaeocystaceae,,,,Phaeocystis,,,,,,
232,418920,genus,Phaeocystis,root,cellular organisms,Eukaryota,,,,,,,,,,,,,,,,,,,,,,Haptophyceae,,,,Phaeocystales,,,,,,,,Phaeocystis,,,,,,
258,2759,class,Haptophyceae,root,cellular organisms,,,,,,,,,,,,,,,,,,,,,,,Haptophyceae,,,,,,,,,,,,,,,,,,
246,2759,class,Haptophyceae,root,cellular organisms,,,,,,,,,,,,,,,,,,,,,,,Haptophyceae,,,,,,,,,,,,,,,,,,
244,2830,order,Isochrysidales,root,cellular organisms,Eukaryota,,,,,,,,,,,,,,,,,,,,,,,,,,Isochrysidales,,,,,,,,,,,,,,
238,418951,genus,Isochrysis,root,cellular organisms,Eukaryota,,,,,,,,,,,,,,,,,,,,,,Haptophyceae,,,,Isochrysidales,,,,,,,,Isochrysis,,,,,,
243,2830,order,Isochrysidales,root,cellular organisms,Eukaryota,,,,,,,,,,,,,,,,,,,,,,Haptophyceae,,,,Isochrysidales,,,,,,,,,,,,,,
242,2830,order,Isochrysidales,root,cellular organisms,Eukaryota,,,,,,,,,,,,,,,,,,,,,,,,,,Isochrysidales,,,,,,,,,,,,,,
257,2830,order,Prymnesiales,root,cellular organisms,Eukaryota,,,,,,,,,,,,,,,,,,,,,,,,,,Prymnesiales,,,,,,,,,,,,,,
255,73028,family,Prymnesiaceae,root,cellular organisms,Eukaryota,,,,,,,,,,,,,,,,,,,,,,Haptophyceae,,,,,,,,Prymnesiaceae,,,,,,,,,,
253,73028,family,Prymnesiaceae,root,cellular organisms,Eukaryota,,,,,,,,,,,,,,,,,,,,,,Haptophyceae,,,,,,,,Prymnesiaceae,,,,,,,,,,
252,418967,genus,Prymnesium,root,cellular organisms,Eukaryota,,,,,,,,,,,,,,,,,,,,,,Haptophyceae,,,,Prymnesiales,,,,Prymnesiaceae,,,,Prymnesium,,,,,,
250,418967,genus,Prymnesium,root,cellular organisms,Eukaryota,,,,,,,,,,,,,,,,,,,,,,Haptophyceae,,,,Prymnesiales,,,,Prymnesiaceae,,,,Prymnesium,,,,,,
270,2759,class,Haptophyceae,root,cellular organisms,,,,,,,,,,,,,,,,,,,,,,,Haptophyceae,,,,,,,,,,,,,,,,,,
269,2830,order,Pavlovales,root,cellular organisms,Eukaryota,,,,,,,,,,,,,,,,,,,,,,,,,,Pavlovales,,,,,,,,,,,,,,
268,2830,order,Pavlovales,root,cellular organisms,Eukaryota,,,,,,,,,,,,,,,,,,,,,,,,,,Pavlovales,,,,,,,,,,,,,,
267,2830,order,Pavlovales,root,cellular organisms,Eukaryota,,,,,,,,,,,,,,,,,,,,,,,,,,Pavlovales,,,,,,,,,,,,,,
265,2830,order,Pavlovales,root,cellular organisms,Eukaryota,,,,,,,,,,,,,,,,,,,,,,,,,,Pavlovales,,,,,,,,,,,,,,
418,1,root,,,,,,,,,,,,,,,,,,,,,,,,,,,,,,,,,,,,,,,,,,,,
274,2759,class,Glaucocystophyceae,root,cellular organisms,,,,,,,,,,,,,,,,,,,,,,,Glaucocystophyceae,,,,,,,,,,,,,,,,,,
417,1,root,,,,,,,,,,,,,,,,,,,,,,,,,,,,,,,,,,,,,,,,,,,,
327,131567,superkingdom,Eukaryota,root,,Eukaryota,,,,,,,,,,,,,,,,,,,,,,,,,,,,,,,,,,,,,,,,
297,131567,superkingdom,Eukaryota,root,,Eukaryota,,,,,,,,,,,,,,,,,,,,,,,,,,,,,,,,,,,,,,,,
295,131567,superkingdom,Eukaryota,root,,Eukaryota,,,,,,,,,,,,,,,,,,,,,,,,,,,,,,,,,,,,,,,,
283,131567,superkingdom,Eukaryota,root,,Eukaryota,,,,,,,,,,,,,,,,,,,,,,,,,,,,,,,,,,,,,,,,
281,131567,superkingdom,Eukaryota,root,,Eukaryota,,,,,,,,,,,,,,,,,,,,,,,,,,,,,,,,,,,,,,,,
280,131567,superkingdom,Eukaryota,root,,Eukaryota,,,,,,,,,,,,,,,,,,,,,,,,,,,,,,,,,,,,,,,,
279,131567,superkingdom,Eukaryota,root,,Eukaryota,,,,,,,,,,,,,,,,,,,,,,,,,,,,,,,,,,,,,,,,
294,554915,below_below_superkingdom,Discosea,root,cellular organisms,Eukaryota,,Discosea,,,,,,,,,,,,,,,,,,,,,,,,,,,,,,,,,,,,,,
288,554915,below_below_superkingdom,Discosea,root,cellular organisms,Eukaryota,,Discosea,,,,,,,,,,,,,,,,,,,,,,,,,,,,,,,,,,,,,,
287,554915,below_below_superkingdom,Discosea,root,cellular organisms,Eukaryota,,Discosea,,,,,,,,,,,,,,,,,,,,,,,,,,,,,,,,,,,,,,
293,555280,below_below_below_superkingdom,Flabellinia,root,cellular organisms,Eukaryota,Amoebozoa,,Flabellinia,,,,,,,,,,,,,,,,,,,,,,,,,,,,,,,,,,,,,
291,555280,below_below_below_superkingdom,Flabellinia,root,cellular organisms,Eukaryota,Amoebozoa,,Flabellinia,,,,,,,,,,,,,,,,,,,,,,,,,,,,,,,,,,,,,
326,131567,superkingdom,Eukaryota,root,,Eukaryota,,,,,,,,,,,,,,,,,,,,,,,,,,,,,,,,,,,,,,,,
325,2759,phylum,Cryptophyta,root,cellular organisms,,,,,,,,Cryptophyta,,,,,,,,,,,,,,,,,,,,,,,,,,,,,,,,,
301,31323,genus,Goniomonas,root,cellular organisms,Eukaryota,,,,,,,Cryptophyta,,,,,,,,,,,,,,,,,,,Cryptomonadales,,,,,,,,Goniomonas,,,,,,
324,2759,phylum,Cryptophyta,root,cellular organisms,,,,,,,,Cryptophyta,,,,,,,,,,,,,,,,,,,,,,,,,,,,,,,,,
312,2759,phylum,Cryptophyta,root,cellular organisms,,,,,,,,Cryptophyta,,,,,,,,,,,,,,,,,,,,,,,,,,,,,,,,,
310,2759,phylum,Cryptophyta,root,cellular organisms,,,,,,,,Cryptophyta,,,,,,,,,,,,,,,,,,,,,,,,,,,,,,,,,
308,2759,phylum,Cryptophyta,root,cellular organisms,,,,,,,,Cryptophyta,,,,,,,,,,,,,,,,,,,,,,,,,,,,,,,,,
306,589342,family,Geminigeraceae,root,cellular organisms,Eukaryota,,,,,,,Cryptophyta,,,,,,,,,,,,,,,,,,,,,,,Geminigeraceae,,,,,,,,,,
304,589342,family,Geminigeraceae,root,cellular organisms,Eukaryota,,,,,,,Cryptophyta,,,,,,,,,,,,,,,,,,,,,,,Geminigeraceae,,,,,,,,,,
323,2759,phylum,Cryptophyta,root,cellular organisms,,,,,,,,Cryptophyta,,,,,,,,,,,,,,,,,,,,,,,,,,,,,,,,,
322,589351,genus,Hemiselmis,root,cellular organisms,Eukaryota,,,,,,,Cryptophyta,,,,,,,,,,,,,,,,,,,Cryptomonadales,,,,Hemiselmidaceae,,,,Hemiselmis,,,,,,
320,589351,genus,Hemiselmis,root,cellular organisms,Eukaryota,,,,,,,Cryptophyta,,,,,,,,,,,,,,,,,,,Cryptomonadales,,,,Hemiselmidaceae,,,,Hemiselmis,,,,,,
319,589351,genus,Hemiselmis,root,cellular organisms,Eukaryota,,,,,,,Cryptophyta,,,,,,,,,,,,,,,,,,,Cryptomonadales,,,,Hemiselmidaceae,,,,Hemiselmis,,,,,,
318,589351,genus,Hemiselmis,root,cellular organisms,Eukaryota,,,,,,,Cryptophyta,,,,,,,,,,,,,,,,,,,Cryptomonadales,,,,Hemiselmidaceae,,,,Hemiselmis,,,,,,
416,1,root,root,root,,,,,,,,,,,,,,,,,,,,,,,,,,,,,,,,,,,,,,,,,,
402,1,root,root,root,,,,,,,,,,,,,,,,,,,,,,,,,,,,,,,,,,,,,,,,,,
376,1,root,root,root,,,,,,,,,,,,,,,,,,,,,,,,,,,,,,,,,,,,,,,,,,
334,1,root,root,root,,,,,,,,,,,,,,,,,,,,,,,,,,,,,,,,,,,,,,,,,,
333,1,root,root,root,,,,,,,,,,,,,,,,,,,,,,,,,,,,,,,,,,,,,,,,,,
331,1,root,root,root,,,,,,,,,,,,,,,,,,,,,,,,,,,,,,,,,,,,,,,,,,
375,1,root,root,root,,,,,,,,,,,,,,,,,,,,,,,,,,,,,,,,,,,,,,,,,,
373,1,root,root,root,,,,,,,,,,,,,,,,,,,,,,,,,,,,,,,,,,,,,,,,,,
353,1,root,root,root,,,,,,,,,,,,,,,,,,,,,,,,,,,,,,,,,,,,,,,,,,
337,1,root,root,root,,,,,,,,,,,,,,,,,,,,,,,,,,,,,,,,,,,,,,,,,,
352,1,root,root,root,,,,,,,,,,,,,,,,,,,,,,,,,,,,,,,,,,,,,,,,,,
351,1,root,root,root,,,,,,,,,,,,,,,,,,,,,,,,,,,,,,,,,,,,,,,,,,
345,1,root,root,root,,,,,,,,,,,,,,,,,,,,,,,,,,,,,,,,,,,,,,,,,,
343,33090,phylum,Chlorophyta,root,cellular organisms,Eukaryota,,,,,,,Chlorophyta,,,,,,,,,,,,,,,,,,,,,,,,,,,,,,,,,
349,131567,superkingdom,Eukaryota,root,,Eukaryota,,,,,,,,,,,,,,,,,,,,,,,,,,,,,,,,,,,,,,,,
372,131567,superkingdom,Eukaryota,root,,Eukaryota,,,,,,,,,,,,,,,,,,,,,,,,,,,,,,,,,,,,,,,,
360,35429,genus,Tetraselmis,root,cellular organisms,Eukaryota,,,,,Viridiplantae,,Chlorophyta,,,,,,,,,,,,,,,Chlorodendrophyceae,,,,Chlorodendrales,,,,,,,,Tetraselmis,,,,,,
359,35429,genus,Tetraselmis,root,cellular organisms,Eukaryota,,,,,Viridiplantae,,Chlorophyta,,,,,,,,,,,,,,,Chlorodendrophyceae,,,,Chlorodendrales,,,,,,,,Tetraselmis,,,,,,
357,35429,genus,Tetraselmis,root,cellular organisms,Eukaryota,,,,,Viridiplantae,,Chlorophyta,,,,,,,,,,,,,,,Chlorodendrophyceae,,,,Chlorodendrales,,,,,,,,Tetraselmis,,,,,,
371,131567,superkingdom,Eukaryota,root,,Eukaryota,,,,,,,,,,,,,,,,,,,,,,,,,,,,,,,,,,,,,,,,
363,75981,genus,Picochlorum,root,cellular organisms,Eukaryota,,,,,Viridiplantae,,Chlorophyta,,,,,,,,,,,,,,,Trebouxiophyceae,,,,,,,,,,,,Picochlorum,,,,,,
370,131567,superkingdom,Eukaryota,root,,Eukaryota,,,,,,,,,,,,,,,,,,,,,,,,,,,,,,,,,,,,,,,,
369,3166,order,Chlamydomonadales,root,cellular organisms,Eukaryota,,,,,Viridiplantae,,Chlorophyta,,,,,,,,,,,,,,,,,,,Chlamydomonadales,,,,,,,,,,,,,,
368,3166,order,Chlamydomonadales,root,cellular organisms,Eukaryota,,,,,Viridiplantae,,Chlorophyta,,,,,,,,,,,,,,,,,,,Chlamydomonadales,,,,,,,,,,,,,,
401,3041,class,Mamiellophyceae,root,cellular organisms,Eukaryota,,,,,Viridiplantae,,,,,,,,,,,,,,,,,Mamiellophyceae,,,,,,,,,,,,,,,,,,
379,1035538,order,Dolichomastigales,root,cellular organisms,Eukaryota,,,,,Viridiplantae,,Chlorophyta,,,,,,,,,,,,,,,,,,,Dolichomastigales,,,,,,,,,,,,,,
400,3041,class,Mamiellophyceae,root,cellular organisms,Eukaryota,,,,,Viridiplantae,,,,,,,,,,,,,,,,,Mamiellophyceae,,,,,,,,,,,,,,,,,,
398,3041,class,Mamiellophyceae,root,cellular organisms,Eukaryota,,,,,Viridiplantae,,,,,,,,,,,,,,,,,Mamiellophyceae,,,,,,,,,,,,,,,,,,
396,3041,class,Mamiellophyceae,root,cellular organisms,Eukaryota,,,,,Viridiplantae,,,,,,,,,,,,,,,,,Mamiellophyceae,,,,,,,,,,,,,,,,,,
395,3041,class,Mamiellophyceae,root,cellular organisms,Eukaryota,,,,,Viridiplantae,,,,,,,,,,,,,,,,,Mamiellophyceae,,,,,,,,,,,,,,,,,,
389,3041,class,Mamiellophyceae,root,cellular organisms,Eukaryota,,,,,Viridiplantae,,,,,,,,,,,,,,,,,Mamiellophyceae,,,,,,,,,,,,,,,,,,
388,3041,class,Mamiellophyceae,root,cellular organisms,Eukaryota,,,,,Viridiplantae,,,,,,,,,,,,,,,,,Mamiellophyceae,,,,,,,,,,,,,,,,,,
387,3041,class,Mamiellophyceae,root,cellular organisms,Eukaryota,,,,,Viridiplantae,,,,,,,,,,,,,,,,,Mamiellophyceae,,,,,,,,,,,,,,,,,,
385,3041,class,Mamiellophyceae,root,cellular organisms,Eukaryota,,,,,Viridiplantae,,,,,,,,,,,,,,,,,Mamiellophyceae,,,,,,,,,,,,,,,,,,
394,3041,class,Mamiellophyceae,root,cellular organisms,Eukaryota,,,,,Viridiplantae,,,,,,,,,,,,,,,,,Mamiellophyceae,,,,,,,,,,,,,,,,,,
392,3041,class,Mamiellophyceae,root,cellular organisms,Eukaryota,,,,,Viridiplantae,,,,,,,,,,,,,,,,,Mamiellophyceae,,,,,,,,,,,,,,,,,,
415,33090,phylum,Chlorophyta,root,cellular organisms,Eukaryota,,,,,,,Chlorophyta,,,,,,,,,,,,,,,,,,,,,,,,,,,,,,,,,
407,485343,family,Prasinococcaceae,root,cellular organisms,Eukaryota,,,,,Viridiplantae,,Chlorophyta,,,,,,,,,,,,,,,Palmophyllophyceae,,,,,,,,Prasinococcaceae,,,,,,,,,,
406,2201465,genus,Prasinoderma,root,cellular organisms,Eukaryota,,,,,Viridiplantae,,Chlorophyta,,,,,,,,,,,,,,,Palmophyllophyceae,,,,Prasinococcales,,,,,,,,Prasinoderma,,,,,,
414,38834,genus,Pyramimonas,root,cellular organisms,Eukaryota,,,,,Viridiplantae,,Chlorophyta,,,,,,,,,,,,,,,,,,,,,,,,,,,Pyramimonas,,,,,,
410,38834,genus,Pyramimonas,root,cellular organisms,Eukaryota,,,,,Viridiplantae,,Chlorophyta,,,,,,,,,,,,,,,,,,,,,,,,,,,Pyramimonas,,,,,,
413,38834,genus,Pyramimonas,root,cellular organisms,Eukaryota,,,,,Viridiplantae,,Chlorophyta,,,,,,,,,,,,,,,,,,,,,,,,,,,Pyramimonas,,,,,,
449,1,root,,,,,,,,,,,,,,,,,,,,,,,,,,,,,,,,,,,,,,,,,,,,
448,1,root,,,,,,,,,,,,,,,,,,,,,,,,,,,,,,,,,,,,,,,,,,,,
447,1,root,,,,,,,,,,,,,,,,,,,,,,,,,,,,,,,,,,,,,,,,,,,,
443,131567,superkingdom,Eukaryota,root,,Eukaryota,,,,,,,,,,,,,,,,,,,,,,,,,,,,,,,,,,,,,,,,
425,131567,superkingdom,Eukaryota,root,,Eukaryota,,,,,,,,,,,,,,,,,,,,,,,,,,,,,,,,,,,,,,,,
442,136419,class,Chlorarachniophyceae,root,cellular organisms,Eukaryota,Rhizaria,,,,,,,,,,,,,,,,,,,,,Chlorarachniophyceae,,,,,,,,,,,,,,,,,,
436,136419,class,Chlorarachniophyceae,root,cellular organisms,Eukaryota,Rhizaria,,,,,,,,,,,,,,,,,,,,,Chlorarachniophyceae,,,,,,,,,,,,,,,,,,
435,136419,class,Chlorarachniophyceae,root,cellular organisms,Eukaryota,Rhizaria,Cercozoa,,,,,,,,,,,,,,,,,,,,Chlorarachniophyceae,,,,,,,,,,,,,,,,,,
433,227085,species,Bigelowiella natans,root,cellular organisms,Eukaryota,Rhizaria,Cercozoa,,,,,,,,,,,,,,,,,,,,Chlorarachniophyceae,,,,,,,,,,,,Bigelowiella,,,Bigelowiella natans,,,
432,227085,species,Bigelowiella natans,root,cellular organisms,Eukaryota,Rhizaria,Cercozoa,,,,,,,,,,,,,,,,,,,,Chlorarachniophyceae,,,,,,,,,,,,Bigelowiella,,,Bigelowiella natans,,,
431,227085,species,Bigelowiella natans,root,cellular organisms,Eukaryota,Rhizaria,Cercozoa,,,,,,,,,,,,,,,,,,,,Chlorarachniophyceae,,,,,,,,,,,,,,,Bigelowiella natans,,,
441,29197,genus,Lotharella,root,cellular organisms,Eukaryota,Rhizaria,Cercozoa,,,,,,,,,,,,,,,,,,,,Chlorarachniophyceae,,,,,,,,,,,,Lotharella,,,,,,
439,29197,genus,Lotharella,root,cellular organisms,Eukaryota,Rhizaria,Cercozoa,,,,,,,,,,,,,,,,,,,,Chlorarachniophyceae,,,,,,,,,,,,Lotharella,,,,,,
594,1,root,root,root,,,,,,,,,,,,,,,,,,,,,,,,,,,,,,,,,,,,,,,,,,
460,2759,below_superkingdom,Stramenopiles,root,cellular organisms,Eukaryota,Stramenopiles,,,,,,,,,,,,,,,,,,,,,,,,,,,,,,,,,,,,,,,
456,2759,below_superkingdom,Stramenopiles,root,cellular organisms,,Stramenopiles,,,,,,,,,,,,,,,,,,,,,,,,,,,,,,,,,,,,,,,
459,2759,below_superkingdom,Stramenopiles,root,cellular organisms,,Stramenopiles,,,,,,,,,,,,,,,,,,,,,,,,,,,,,,,,,,,,,,,
593,1,root,,,,,,,,,,,,,,,,,,,,,,,,,,,,,,,,,,,,,,,,,,,,
583,1,root,,,,,,,,,,,,,,,,,,,,,,,,,,,,,,,,,,,,,,,,,,,,
573,1,root,,,,,,,,,,,,,,,,,,,,,,,,,,,,,,,,,,,,,,,,,,,,
525,1,root,,,,,,,,,,,,,,,,,,,,,,,,,,,,,,,,,,,,,,,,,,,,
469,2836,class,Coscinodiscophyceae,root,cellular organisms,Eukaryota,Stramenopiles,,,,,,,,,,,,,,,,,,,,,Coscinodiscophyceae,,,,,,,,,,,,,,,,,,
467,2836,class,Coscinodiscophyceae,root,cellular organisms,Eukaryota,Stramenopiles,,,,,,,,,,,,,,,,,,,,,Coscinodiscophyceae,,,,,,,,,,,,,,,,,,
465,49236,genus,Chaetoceros,root,cellular organisms,Eukaryota,Stramenopiles,,,,,,Bacillariophyta,,,,,,,,,,,,,,,Coscinodiscophyceae,,Chaetocerotophycidae,,Chaetocerotales,,,,,,,,Chaetoceros,,,,,,
464,49236,genus,Chaetoceros,root,cellular organisms,Eukaryota,Stramenopiles,,,,,,Bacillariophyta,,,,,,,,,,,,,,,Coscinodiscophyceae,,Chaetocerotophycidae,,Chaetocerotales,,,,,,,,Chaetoceros,,,,,,
524,1,root,,,,,,,,,,,,,,,,,,,,,,,,,,,,,,,,,,,,,,,,,,,,
474,420262,family,Cymatosiraceae,root,cellular organisms,Eukaryota,Stramenopiles,,,,,,Bacillariophyta,,,,,,,,,,,,,,,Mediophyceae,,Cymatosirophycidae,,,,,,Cymatosiraceae,,,,,,,,,,
473,420262,family,Cymatosiraceae,root,cellular organisms,Eukaryota,Stramenopiles,,,,,,Bacillariophyta,,,,,,,,,,,,,,,Mediophyceae,,Cymatosirophycidae,,,,,,Cymatosiraceae,,,,,,,,,,
523,1,root,,,,,,,,,,,,,,,,,,,,,,,,,,,,,,,,,,,,,,,,,,,,
517,1,root,,,,,,,,,,,,,,,,,,,,,,,,,,,,,,,,,,,,,,,,,,,,
507,1,root,,,,,,,,,,,,,,,,,,,,,,,,,,,,,,,,,,,,,,,,,,,,
505,33846,order,Thalassiosirales,root,cellular organisms,Eukaryota,Stramenopiles,,,,,,Bacillariophyta,,,,,,,,,,,,,,,Coscinodiscophyceae,,,,Thalassiosirales,,,,,,,,,,,,,,
477,33846,order,Thalassiosirales,root,cellular organisms,Eukaryota,Stramenopiles,,,,,,Bacillariophyta,,,,,,,,,,,,,,,Coscinodiscophyceae,,,,Thalassiosirales,,,,,,,,,,,,,,
504,33846,order,Thalassiosirales,root,cellular organisms,Eukaryota,Stramenopiles,,,,,,Bacillariophyta,,,,,,,,,,,,,,,Coscinodiscophyceae,,,,Thalassiosirales,,,,,,,,,,,,,,
488,33847,family,Thalassiosiraceae,root,cellular organisms,Eukaryota,Stramenopiles,,,,,,Bacillariophyta,,,,,,,,,,,,,,,Coscinodiscophyceae,,Thalassiosirophycidae,,,,,,Thalassiosiraceae,,,,,,,,,,
486,33847,family,Thalassiosiraceae,root,cellular organisms,Eukaryota,Stramenopiles,,,,,,Bacillariophyta,,,,,,,,,,,,,,,Coscinodiscophyceae,,Thalassiosirophycidae,,,,,,Thalassiosiraceae,,,,,,,,,,
485,29202,genus,Thalassiosira,root,cellular organisms,Eukaryota,Stramenopiles,,,,,,Bacillariophyta,,,,,,,,,,,,,,,Coscinodiscophyceae,,Thalassiosirophycidae,,Thalassiosirales,,,,,,,,Thalassiosira,,,,,,
484,29202,genus,Thalassiosira,root,cellular organisms,Eukaryota,Stramenopiles,,,,,,Bacillariophyta,,,,,,,,,,,,,,,Coscinodiscophyceae,,Thalassiosirophycidae,,Thalassiosirales,,,,,,,,Thalassiosira,,,,,,
482,29202,genus,Thalassiosira,root,cellular organisms,Eukaryota,Stramenopiles,,,,,,Bacillariophyta,,,,,,,,,,,,,,,Coscinodiscophyceae,,Thalassiosirophycidae,,Thalassiosirales,,,,,,,,Thalassiosira,,,,,,
503,33846,order,Thalassiosirales,root,cellular organisms,Eukaryota,Stramenopiles,,,,,,Bacillariophyta,,,,,,,,,,,,,,,Coscinodiscophyceae,,,,Thalassiosirales,,,,,,,,,,,,,,
501,33848,genus,Skeletonema,root,cellular organisms,Eukaryota,Stramenopiles,,,,,,Bacillariophyta,,,,,,,,,,,,,,,Coscinodiscophyceae,,Thalassiosirophycidae,,Thalassiosirales,,,,,,,,Skeletonema,,,,,,
500,33848,genus,Skeletonema,root,cellular organisms,Eukaryota,Stramenopiles,,,,,,Bacillariophyta,,,,,,,,,,,,,,,Coscinodiscophyceae,,Thalassiosirophycidae,,Thalassiosirales,,,,,,,,Skeletonema,,,,,,
496,33848,genus,Skeletonema,root,cellular organisms,Eukaryota,Stramenopiles,,,,,,Bacillariophyta,,,,,,,,,,,,,,,Coscinodiscophyceae,,Thalassiosirophycidae,,Thalassiosirales,,,,,,,,Skeletonema,,,,,,
492,33848,genus,Skeletonema,root,cellular organisms,Eukaryota,Stramenopiles,,,,,,Bacillariophyta,,,,,,,,,,,,,,,Coscinodiscophyceae,,Thalassiosirophycidae,,Thalassiosirales,,,,,,,,Skeletonema,,,,,,
495,33848,genus,Skeletonema,root,cellular organisms,Eukaryota,Stramenopiles,,,,,,Bacillariophyta,,,,,,,,,,,,,,,Coscinodiscophyceae,,Thalassiosirophycidae,,Thalassiosirales,,,,,,,,Skeletonema,,,,,,
499,33848,genus,Skeletonema,root,cellular organisms,Eukaryota,Stramenopiles,,,,,,Bacillariophyta,,,,,,,,,,,,,,,Coscinodiscophyceae,,Thalassiosirophycidae,,Thalassiosirales,,,,,,,,Skeletonema,,,,,,
516,420271,family,Lithodesmiaceae,root,cellular organisms,Eukaryota,Stramenopiles,,,,,,Bacillariophyta,,,,,,,,,,,,,,,Mediophyceae,,Lithodesmiophycidae,,Lithodesmiales,,,,Lithodesmiaceae,,,,,,,,,,
514,420271,family,Lithodesmiaceae,root,cellular organisms,Eukaryota,Stramenopiles,,,,,,Bacillariophyta,,,,,,,,,,,,,,,Mediophyceae,,Lithodesmiophycidae,,Lithodesmiales,,,,Lithodesmiaceae,,,,,,,,,,
513,420271,family,Lithodesmiaceae,root,cellular organisms,Eukaryota,Stramenopiles,,,,,,Bacillariophyta,,,,,,,,,,,,,,,Mediophyceae,,Lithodesmiophycidae,,Lithodesmiales,,,,Lithodesmiaceae,,,,,,,,,,
511,420271,family,Lithodesmiaceae,root,cellular organisms,Eukaryota,Stramenopiles,,,,,,Bacillariophyta,,,,,,,,,,,,,,,Mediophyceae,,Lithodesmiophycidae,,Lithodesmiales,,,,Lithodesmiaceae,,,,,,,,,,
521,589449,subclass,Biddulphiophycidae,root,cellular organisms,Eukaryota,Stramenopiles,,,,,,Bacillariophyta,,,,,,,,,,,,,,,,,Biddulphiophycidae,,,,,,,,,,,,,,,,
572,33634,phylum,Bacillariophyta,root,cellular organisms,Eukaryota,Stramenopiles,,,,,,Bacillariophyta,,,,,,,,,,,,,,,,,,,,,,,,,,,,,,,,,
528,33634,phylum,Bacillariophyta,root,cellular organisms,Eukaryota,Stramenopiles,,,,,,Bacillariophyta,,,,,,,,,,,,,,,,,,,,,,,,,,,,,,,,,
571,33634,phylum,Bacillariophyta,root,cellular organisms,Eukaryota,,,,,,,Bacillariophyta,,,,,,,,,,,,,,,,,,,,,,,,,,,,,,,,,
555,33634,phylum,Bacillariophyta,root,cellular organisms,Eukaryota,,,,,,,Bacillariophyta,,,,,,,,,,,,,,,,,,,,,,,,,,,,,,,,,
553,33849,below_class,Bacillariophycidae,root,cellular organisms,Eukaryota,Stramenopiles,,,,,,Bacillariophyta,,,,,,,,,,,,,,,,Bacillariophycidae,,,,,,,,,,,,,,,,,
533,33849,below_class,Bacillariophycidae,root,cellular organisms,Eukaryota,Stramenopiles,,,,,,Bacillariophyta,,,,,,,,,,,,,,,,Bacillariophycidae,,,,,,,,,,,,,,,,,
532,33849,below_class,Bacillariophycidae,root,cellular organisms,Eukaryota,Stramenopiles,,,,,,Bacillariophyta,,,,,,,,,,,,,,,,Bacillariophycidae,,,,,,,,,,,,,,,,,
552,33851,family,Bacillariaceae,root,cellular organisms,Eukaryota,Stramenopiles,,,,,,Bacillariophyta,,,,,,,,,,,,,,,Bacillariophyceae,Bacillariophycidae,,,,,,,Bacillariaceae,,,,,,,,,,
536,33851,family,Bacillariaceae,root,cellular organisms,Eukaryota,Stramenopiles,,,,,,Bacillariophyta,,,,,,,,,,,,,,,Bacillariophyceae,Bacillariophycidae,,,,,,,Bacillariaceae,,,,,,,,,,
551,33851,family,Bacillariaceae,root,cellular organisms,Eukaryota,Stramenopiles,,,,,,Bacillariophyta,,,,,,,,,,,,,,,Bacillariophyceae,Bacillariophycidae,,,,,,,Bacillariaceae,,,,,,,,,,
547,33852,genus,Pseudo-nitzschia,root,cellular organisms,Eukaryota,Stramenopiles,,,,,,Bacillariophyta,,,,,,,,,,,,,,,Bacillariophyceae,Bacillariophycidae,,,Bacillariales,,,,,,,,Pseudo-nitzschia,,,,,,
546,33852,genus,Pseudo-nitzschia,root,cellular organisms,Eukaryota,Stramenopiles,,,,,,Bacillariophyta,,,,,,,,,,,,,,,Bacillariophyceae,Bacillariophycidae,,,Bacillariales,,,,,,,,Pseudo-nitzschia,,,,,,
542,33852,genus,Pseudo-nitzschia,root,cellular organisms,Eukaryota,Stramenopiles,,,,,,Bacillariophyta,,,,,,,,,,,,,,,Bacillariophyceae,Bacillariophycidae,,,Bacillariales,,,,,,,,Pseudo-nitzschia,,,,,,
541,33852,genus,Pseudo-nitzschia,root,cellular organisms,Eukaryota,Stramenopiles,,,,,,Bacillariophyta,,,,,,,,,,,,,,,Bacillariophyceae,Bacillariophycidae,,,Bacillariales,,,,,,,,Pseudo-nitzschia,,,,,,
545,33852,genus,Pseudo-nitzschia,root,cellular organisms,Eukaryota,Stramenopiles,,,,,,Bacillariophyta,,,,,,,,,,,,,,,Bacillariophyceae,Bacillariophycidae,,,Bacillariales,,,,,,,,Pseudo-nitzschia,,,,,,
550,33852,genus,Pseudo-nitzschia,root,cellular organisms,Eukaryota,Stramenopiles,,,,,,Bacillariophyta,,,,,,,,,,,,,,,Bacillariophyceae,Bacillariophycidae,,,Bacillariales,,,,,,,,Pseudo-nitzschia,,,,,,
570,33853,subclass,Fragilariophycidae,root,cellular organisms,Eukaryota,Stramenopiles,,,,,,Bacillariophyta,,,,,,,,,,,,,,,,,Fragilariophycidae,,,,,,,,,,,,,,,,
569,33853,subclass,Fragilariophycidae,root,cellular organisms,Eukaryota,Stramenopiles,,,,,,Bacillariophyta,,,,,,,,,,,,,,,,,Fragilariophycidae,,,,,,,,,,,,,,,,
565,33853,subclass,Fragilariophycidae,root,cellular organisms,Eukaryota,Stramenopiles,,,,,,Bacillariophyta,,,,,,,,,,,,,,,,,Fragilariophycidae,,,,,,,,,,,,,,,,
563,426665,family,Thalassionemataceae,root,cellular organisms,Eukaryota,Stramenopiles,,,,,,Bacillariophyta,,,,,,,,,,,,,,,Fragilariophyceae,,Fragilariophycidae,,,,,,Thalassionemataceae,,,,,,,,,,
562,38755,genus,Thalassionema,root,cellular organisms,Eukaryota,Stramenopiles,,,,,,Bacillariophyta,,,,,,,,,,,,,,,Fragilariophyceae,,Fragilariophycidae,,Thalassionemales,,,,,,,,Thalassionema,,,,,,
561,38755,genus,Thalassionema,root,cellular organisms,Eukaryota,Stramenopiles,,,,,,Bacillariophyta,,,,,,,,,,,,,,,Fragilariophyceae,,Fragilariophycidae,,Thalassionemales,,,,,,,,Thalassionema,,,,,,
568,216817,family,Cyclophoraceae,root,cellular organisms,Eukaryota,Stramenopiles,,,,,,Bacillariophyta,,,,,,,,,,,,,,,Fragilariophyceae,,Fragilariophycidae,,,,,,Cyclophoraceae,,,,,,,,,,
582,2836,class,Coscinodiscophyceae,root,cellular organisms,Eukaryota,Stramenopiles,,,,,,,,,,,,,,,,,,,,,Coscinodiscophyceae,,,,,,,,,,,,,,,,,,
578,2836,class,Coscinodiscophyceae,root,cellular organisms,Eukaryota,Stramenopiles,,,,,,,,,,,,,,,,,,,,,Coscinodiscophyceae,,,,,,,,,,,,,,,,,,
576,33845,genus,Proboscia,root,cellular organisms,Eukaryota,Stramenopiles,,,,,,Bacillariophyta,,,,,,,,,,,,,,,Coscinodiscophyceae,,Rhizosoleniophycidae,,Rhizosoleniales,,,,,,,,Proboscia,,,,,,
581,33836,subclass,Coscinodiscophycidae,root,cellular organisms,Eukaryota,Stramenopiles,,,,,,Bacillariophyta,,,,,,,,,,,,,,,,,Coscinodiscophycidae,,,,,,,,,,,,,,,,
592,2836,class,Coscinodiscophyceae,root,cellular organisms,Eukaryota,Stramenopiles,,,,,,,,,,,,,,,,,,,,,Coscinodiscophyceae,,,,,,,,,,,,,,,,,,
588,2836,class,Coscinodiscophyceae,root,cellular organisms,Eukaryota,Stramenopiles,,,,,,,,,,,,,,,,,,,,,Coscinodiscophyceae,,,,,,,,,,,,,,,,,,
586,49241,genus,Corethron,root,cellular organisms,Eukaryota,Stramenopiles,,,,,,Bacillariophyta,,,,,,,,,,,,,,,Coscinodiscophyceae,,Corethrophycidae,,Corethrales,,,,,,,,Corethron,,,,,,
591,49241,genus,Corethron,root,cellular organisms,Eukaryota,Stramenopiles,,,,,,Bacillariophyta,,,,,,,,,,,,,,,Coscinodiscophyceae,,Corethrophycidae,,Corethrales,,,,,,,,Corethron,,,,,,
0,372997,species,Ochromonadaceae sp. CCMP2298,root,cellular organisms,Eukaryota,Stramenopiles,,,,,,,,,,,,,,,,,,,,,Synurophyceae,,,,Ochromonadales,,,,Ochromonadaceae,unclassified Ochromonadaceae,,,,,,Ochromonadaceae sp. CCMP2298,,,
1,89043,species,Spumella elongata,root,cellular organisms,Eukaryota,Stramenopiles,,,,,,,,,,,,,,,,,,,,,Chrysophyceae,,,,Chromulinales,,,,Chromulinaceae,,,,Spumella,,,Spumella elongata,,,
2,704141,genus,Dinobryon,root,cellular organisms,Eukaryota,Stramenopiles,,,,,,,,,,,,,,,,,,,,,Chrysophyceae,,,,Chromulinales,,,,Dinobryaceae,,,,Dinobryon,,,,,,
3,420617,genus,Mallomonas,root,cellular organisms,Eukaryota,Stramenopiles,,,,,,,,,,,,,,,,,,,,,Synurophyceae,,,,Synurales,,,,Mallomonadaceae,,,,Mallomonas,,,,,,
4,2997,species,Chromulina nebulosa,root,cellular organisms,Eukaryota,Stramenopiles,,,,,,,,,,,,,,,,,,,,,Chrysophyceae,,,,Chromulinales,,,,Chromulinaceae,,,,Chromulina,,,Chromulina nebulosa,,,
6,36768,genus,Paraphysomonas,root,cellular organisms,Eukaryota,Stramenopiles,,,,,,,,,,,,,,,,,,,,,Chrysophyceae,,,,Chromulinales,,,,Paraphysomonadaceae,,,,Paraphysomonas,,,,,,
7,94616,species,Fibrocapsa japonica,root,cellular organisms,Eukaryota,Stramenopiles,,,,,,,,,,,,,,,,,,,,,Raphidophyceae,,,,Chattonellales,,,,Chattonellaceae,,,,Fibrocapsa,,,Fibrocapsa japonica,,,
8,39175,species,Salvia abrotanoides,root,cellular organisms,Eukaryota,,,,,Viridiplantae,,Streptophyta,,,Streptophytina,Embryophyta,Tracheophyta,Euphyllophyta,Spermatophyta,Magnoliophyta,Mesangiospermae,eudicotyledons,Gunneridae,Pentapetalae,asterids,lamiids,,,,,Lamiales,,,,Lamiaceae,,Nepetoideae,Mentheae,Salvia,,Perovskia,Salvia abrotanoides,,,
9,2829,below_species,Heterosigma akashiwo CCMP452,root,cellular organisms,Eukaryota,Stramenopiles,,,,,,,,,,,,,,,,,,,,,Raphidophyceae,,,,Chattonellales,,,,Chattonellaceae,,,,Heterosigma,,,Heterosigma akashiwo,Heterosigma akashiwo CCMP452,,
11,44439,species,Chattonella subsalsa,root,cellular organisms,Eukaryota,Stramenopiles,,,,,,,,,,,,,,,,,,,,,Raphidophyceae,,,,Chattonellales,,,,Chattonellaceae,,,,Chattonella,,,Chattonella subsalsa,,,
14,124429,species,Phaeomonas parva,root,cellular organisms,Eukaryota,Stramenopiles,,,,,,,,,,,,,,,,,,,,,Pinguiophyceae,,,,Pinguiochrysidales,,,,Pinguiochrysidaceae,,,,Phaeomonas,,,Phaeomonas parva,,,
15,172670,species,Pinguiococcus pyrenoidosus,root,cellular organisms,Eukaryota,Stramenopiles,,,,,,,,,,,,,,,,,,,,,Pinguiophyceae,,,,Pinguiochrysidales,,,,Pinguiochrysidaceae,,,,Pinguiococcus,,,Pinguiococcus pyrenoidosus,,,
18,35686,species,Dictyocha speculum,root,cellular organisms,Eukaryota,Stramenopiles,,,,,,,,,,,,,,,,,,,,,Dictyochophyceae,,,,Dictyochales,,,,,,,,Dictyocha,,,Dictyocha speculum,,,
19,236786,species,Florenciella parvula,root,cellular organisms,Eukaryota,Stramenopiles,,,,,,,,,,,,,,,,,,,,,Dictyochophyceae,,,,Florenciellales,,,,,,,,Florenciella,,,Florenciella parvula,,,
20,236786,species,Florenciella parvula,root,cellular organisms,Eukaryota,Stramenopiles,,,,,,,,,,,,,,,,,,,,,Dictyochophyceae,,,,Florenciellales,,,,,,,,Florenciella,,,Florenciella parvula,,,
22,590977,genus,Florenciella,root,cellular organisms,Eukaryota,Stramenopiles,,,,,,,,,,,,,,,,,,,,,Dictyochophyceae,,,,Florenciellales,,,,,,,,Florenciella,,,,,,
25,35673,species,Rhizochromulina marina,root,cellular organisms,Eukaryota,Stramenopiles,,,,,,,,,,,,,,,,,,,,,Dictyochophyceae,,,,Rhizochromulinales,,,,,,,,Rhizochromulina,,,Rhizochromulina marina,,,
26,483368,species,Pedinellales sp. CCMP2098,root,cellular organisms,Eukaryota,Stramenopiles,,,,,,,,,,,,,,,,,,,,,Dictyochophyceae,,,,Pedinellales,unclassified Pedinellales,,,,,,,,,,Pedinellales sp. CCMP2098,,,
27,35683,species,Pseudopedinella elastica,root,cellular organisms,Eukaryota,Stramenopiles,,,,,,,,,,,,,,,,,,,,,Dictyochophyceae,,,,Pedinellales,,,,,,,,Pseudopedinella,,,Pseudopedinella elastica,,,
28,35683,species,Pseudopedinella elastica,root,cellular organisms,Eukaryota,Stramenopiles,,,,,,,,,,,,,,,,,,,,,Dictyochophyceae,,,,Pedinellales,,,,,,,,Pseudopedinella,,,Pseudopedinella elastica,,,
30,38821,species,Pteridomonas danica,root,cellular organisms,Eukaryota,Stramenopiles,,,,,,,,,,,,,,,,,,,,,Dictyochophyceae,,,,Pedinellales,,,,,,,,Pteridomonas,,,Pteridomonas danica,,,
35,114041,species,Pelagophyceae sp. CCMP2097,root,cellular organisms,Eukaryota,Stramenopiles,,,,,,,,,,,,,,,,,,,,,Pelagophyceae,unclassified Pelagophyceae,,,,,,,,,,,,,,Pelagophyceae sp. CCMP2097,,,
36,35675,below_class,unclassified Pelagophyceae,root,cellular organisms,Eukaryota,Stramenopiles,,,,,,,,,,,,,,,,,,,,,Pelagophyceae,unclassified Pelagophyceae,,,,,,,,,,,,,,,,,
37,35678,species,Pelagococcus subviridis,root,cellular organisms,Eukaryota,Stramenopiles,,,,,,,,,,,,,,,,,,,,,Pelagophyceae,,,,Pelagomonadales,,,,,,,,Pelagococcus,,,Pelagococcus subviridis,,,
38,35676,species,Pelagomonas calceolata,root,cellular organisms,Eukaryota,Stramenopiles,,,,,,,,,,,,,,,,,,,,,Pelagophyceae,,,,Pelagomonadales,,,,,,,,Pelagomonas,,,Pelagomonas calceolata,,,
39,35676,species,Pelagomonas calceolata,root,cellular organisms,Eukaryota,Stramenopiles,,,,,,,,,,,,,,,,,,,,,Pelagophyceae,,,,Pelagomonadales,,,,,,,,Pelagomonas,,,Pelagomonas calceolata,,,
43,44055,species,Aureococcus anophagefferens,root,cellular organisms,Eukaryota,Stramenopiles,,,,,,,,,,,,,,,,,,,,,Pelagophyceae,,,,Pelagomonadales,,,,,,,,Aureococcus,,,Aureococcus anophagefferens,,,
46,2094171,genus,Chrysocystis,root,cellular organisms,Eukaryota,Stramenopiles,,,,,,,,,,,,,,,,,,,,,Pelagophyceae,,,,Sarcinochrysidales,,,,Chrysocystaceae,,,,Chrysocystis,,,,,,
47,1649285,genus,Sarcinochrysis,root,cellular organisms,Eukaryota,Stramenopiles,,,,,,,,,,,,,,,,,,,,,Pelagophyceae,,,,Sarcinochrysidales,,,,Sarcinochrysidaceae,,,,Sarcinochrysis,,,,,,
49,2094171,genus,Chrysoreinhardia,root,cellular organisms,Eukaryota,Stramenopiles,,,,,,,,,,,,,,,,,,,,,Pelagophyceae,,,,Sarcinochrysidales,,,,Chrysocystaceae,,,,Chrysoreinhardia,,,,,,
50,44057,species,Aureoumbra lagunensis,root,cellular organisms,Eukaryota,Stramenopiles,,,,,,,,,,,,,,,,,,,,,Pelagophyceae,,,,Pelagomonadales,,,,,,,,Aureoumbra,,,Aureoumbra lagunensis,,,
51,2094171,genus,Chrysoreinhardia,root,cellular organisms,Eukaryota,Stramenopiles,,,,,,,,,,,,,,,,,,,,,Pelagophyceae,,,,Sarcinochrysidales,,,,Chrysocystaceae,,,,Chrysoreinhardia,,,,,,
52,114041,species,Pelagophyceae sp. CCMP2135,root,cellular organisms,Eukaryota,Stramenopiles,,,,,,,,,,,,,,,,,,,,,Pelagophyceae,unclassified Pelagophyceae,,,,,,,,,,,,,,Pelagophyceae sp. CCMP2135,,,
59,33634,order,Bicosoecida,root,cellular organisms,Eukaryota,Stramenopiles,,,,,,,,,,,,,,,,,,,,,,,,,Bicosoecida,,,,,,,,,,,,,,
60,96638,species,labyrinthulid quahog parasite QPX,root,cellular organisms,Eukaryota,Stramenopiles,,,,,,,,,,,,,,,,,,,,,Labyrinthulomycetes,unclassified Labyrinthulomycetes,,,,,,,,,,,,,,labyrinthulid quahog parasite QPX,,,
61,96638,species,labyrinthulid quahog parasite QPX,root,cellular organisms,Eukaryota,Stramenopiles,,,,,,,,,,,,,,,,,,,,,Labyrinthulomycetes,unclassified Labyrinthulomycetes,,,,,,,,,,,,,,labyrinthulid quahog parasite QPX,,,
63,5375,species,Rhizopogon burlinghamii,root,cellular organisms,Eukaryota,Opisthokonta,,,,Fungi,Dikarya,Basidiomycota,,,Agaricomycotina,,,,,,,,,,,,Agaricomycetes,,Agaricomycetidae,,Boletales,,Suillineae,,Rhizopogonaceae,,,,Rhizopogon,,,Rhizopogon burlinghamii,,,
64,4772,species,Schizochytrium aggregatum,root,cellular organisms,Eukaryota,Stramenopiles,,,,,,,,,,,,,,,,,,,,,Labyrinthulomycetes,,,,,,,,Thraustochytriaceae,,,,Schizochytrium,,,Schizochytrium aggregatum,,,
65,1299920,species,Thraustochytrium sp. LLF1b,root,cellular organisms,Eukaryota,Stramenopiles,,,,,,,,,,,,,,,,,,,,,Labyrinthulomycetes,,,,,,,,Thraustochytriaceae,,,,Thraustochytrium,unclassified Thraustochytrium,,Thraustochytrium sp. LLF1b,,,
69,87110,species,Aplanochytrium sp. PBS07,root,cellular organisms,Eukaryota,Stramenopiles,,,,,,,,,,,,,,,,,,,,,Labyrinthulomycetes,,,,,,,,Thraustochytriaceae,,,,Aplanochytrium,,,Aplanochytrium sp. PBS07,,,
70,87110,species,Aplanochytrium stocchinoi,root,cellular organisms,Eukaryota,Stramenopiles,,,,,,,,,,,,,,,,,,,,,Labyrinthulomycetes,,,,,,,,Thraustochytriaceae,,,,Aplanochytrium,,,Aplanochytrium stocchinoi,,,
73,47933,species,Dinophysis acuminata,root,cellular organisms,Eukaryota,Alveolata,,,,,,,,,,,,,,,,,,,,,Dinophyceae,,,,Dinophysiales,,,,Dinophysiaceae,,,,Dinophysis,,,Dinophysis acuminata,,,
74,373097,species,Gambierdiscus australes,root,cellular organisms,Eukaryota,Alveolata,,,,,,,,,,,,,,,,,,,,,Dinophyceae,,,,Gonyaulacales,,,,Goniodomataceae,,,,Gambierdiscus,,,Gambierdiscus australes,,,
75,73914,species,Pyrodinium bahamense,root,cellular organisms,Eukaryota,Alveolata,,,,,,,,,,,,,,,,,,,,,Dinophyceae,,,,Gonyaulacales,,,,Goniodomataceae,,,,Pyrodinium,,,Pyrodinium bahamense,,,
76,2924,species,Alexandrium monilatum,root,cellular organisms,Eukaryota,Alveolata,,,,,,,,,,,,,,,,,,,,,Dinophyceae,,,,Gonyaulacales,,,,Gonyaulacaceae,,,,Alexandrium,,,Alexandrium monilatum,,,
77,2924,species,Alexandrium tamarense,root,cellular organisms,Eukaryota,Alveolata,,,,,,,,,,,,,,,,,,,,,Dinophyceae,,,,Gonyaulacales,,,,Gonyaulacaceae,,,,Alexandrium,,,Alexandrium tamarense,,,
78,2924,species,Alexandrium fundyense,root,cellular organisms,Eukaryota,Alveolata,,,,,,,,,,,,,,,,,,,,,Dinophyceae,,,,Gonyaulacales,,,,Gonyaulacaceae,,,,Alexandrium,,,Alexandrium fundyense,,,
80,2924,species,Alexandrium minutum,root,cellular organisms,Eukaryota,Alveolata,,,,,,,,,,,,,,,,,,,,,Dinophyceae,,,,Gonyaulacales,,,,Gonyaulacaceae,,,,Alexandrium,,,Alexandrium minutum,,,
81,2924,species,Alexandrium margalefii,root,cellular organisms,Eukaryota,Alveolata,,,,,,,,,,,,,,,,,,,,,Dinophyceae,,,,Gonyaulacales,,,,Gonyaulacaceae,,,,Alexandrium,,,Alexandrium margalefii,,,
85,2971,species,Pyrocystis lunula,root,cellular organisms,Eukaryota,Alveolata,,,,,,,,,,,,,,,,,,,,,Dinophyceae,,,,Pyrocystales,,,,Pyrocystaceae,,,,Pyrocystis,,,Pyrocystis lunula,,,
89,2865,species,Crypthecodinium cohnii,root,cellular organisms,Eukaryota,Alveolata,,,,,,,,,,,,,,,,,,,,,Dinophyceae,,,,Gonyaulacales,,,,Crypthecodiniaceae,,,,Crypthecodinium,,,Crypthecodinium cohnii,,,
90,160620,species,Lingulodinium polyedra,root,cellular organisms,Eukaryota,Alveolata,,,,,,,,,,,,,,,,,,,,,Dinophyceae,,,,Gonyaulacales,,,,,,,,Lingulodinium,,,Lingulodinium polyedra,,,
94,2922,species,Thoracosphaera heimii,root,cellular organisms,Eukaryota,Alveolata,,,,,,,,,,,,,,,,,,,,,Dinophyceae,,,,Thoracosphaerales,,,,Thoracosphaeraceae,,,,Thoracosphaera,,,Thoracosphaera heimii,,,
95,54902,species,Scrippsiella hangoei,root,cellular organisms,Eukaryota,Alveolata,,,,,,,,,,,,,,,,,,,,,Dinophyceae,,,,Thoracosphaerales,,,,Thoracosphaeraceae,,,,Scrippsiella,,,Scrippsiella hangoei,,,
96,2137288,species,Apocalathium aciculiferum,root,cellular organisms,Eukaryota,Alveolata,,,,,,,,,,,,,,,,,,,,,Dinophyceae,,,,Thoracosphaerales,,,,Thoracosphaeraceae,,,,Apocalathium,,,Apocalathium aciculiferum,,,
98,54902,species,Scrippsiella cf. hangoei,root,cellular organisms,Eukaryota,Alveolata,,,,,,,,,,,,,,,,,,,,,Dinophyceae,,,,Thoracosphaerales,,,,Thoracosphaeraceae,,,,Scrippsiella,,,Scrippsiella cf. hangoei,,,
101,89956,species,Polarella glacialis,root,cellular organisms,Eukaryota,Alveolata,,,,,,,,,,,,,,,,,,,,,Dinophyceae,,,,Suessiales,,,,Suessiaceae,,,,Polarella,,,Polarella glacialis,,,
102,89956,species,Polarella glacialis,root,cellular organisms,Eukaryota,Alveolata,,,,,,,,,,,,,,,,,,,,,Dinophyceae,,,,Suessiales,,,,Suessiaceae,,,,Polarella,,,Polarella glacialis,,,
104,279888,species,Symbiodinium sp. CCMP2430,root,cellular organisms,Eukaryota,Alveolata,,,,,,,,,,,,,,,,,,,,,Dinophyceae,,,,Suessiales,,,,Symbiodiniaceae,,,,Symbiodinium,unclassified Symbiodinium,,Symbiodinium sp. CCMP2430,,,
105,279888,species,Symbiodinium sp. Mp,root,cellular organisms,Eukaryota,Alveolata,,,,,,,,,,,,,,,,,,,,,Dinophyceae,,,,Suessiales,,,,Symbiodiniaceae,,,,Symbiodinium,unclassified Symbiodinium,,Symbiodinium sp. Mp,,,
110,279888,species,Symbiodinium sp. CCMP421,root,cellular organisms,Eukaryota,Alveolata,,,,,,,,,,,,,,,,,,,,,Dinophyceae,,,,Suessiales,,,,Symbiodiniaceae,,,,Symbiodinium,unclassified Symbiodinium,,Symbiodinium sp. CCMP421,,,
113,766107,species,Pelagodinium beii,root,cellular organisms,Eukaryota,Alveolata,,,,,,,,,,,,,,,,,,,,,Dinophyceae,,,,Suessiales,,,,Suessiaceae,,,,Pelagodinium,,,Pelagodinium beii,,,
116,2944,species,Prorocentrum lima,root,cellular organisms,Eukaryota,Alveolata,,,,,,,,,,,,,,,,,,,,,Dinophyceae,,,,Prorocentrales,,,,Prorocentraceae,,,,Prorocentrum,,,Prorocentrum lima,,,
118,2968,species,Oxyrrhis marina,root,cellular organisms,Eukaryota,Alveolata,,,,,,,,,,,,,,,,,,,,,Dinophyceae,,,,Oxyrrhinales,,,,Oxyrrhinaceae,,,,Oxyrrhis,,,Oxyrrhis marina,,,
119,2968,species,Oxyrrhis marina,root,cellular organisms,Eukaryota,Alveolata,,,,,,,,,,,,,,,,,,,,,Dinophyceae,,,,Oxyrrhinales,,,,Oxyrrhinaceae,,,,Oxyrrhis,,,Oxyrrhis marina,,,
121,340203,species,Lankesteria abbotti,root,cellular organisms,Eukaryota,Alveolata,,,,,,Apicomplexa,,,,,,,,,,,,,,,Conoidasida,,Gregarinasina,,Eugregarinorida,,,,Lecudinidae,,,,Lankesteria,,,Lankesteria abbotti,,,
123,2918,species,Heterocapsa rotundata,root,cellular organisms,Eukaryota,Alveolata,,,,,,,,,,,,,,,,,,,,,Dinophyceae,,,,Peridiniales,,,,Heterocapsaceae,,,,Heterocapsa,,,Heterocapsa rotundata,,,
124,2918,species,Heterocapsa arctica,root,cellular organisms,Eukaryota,Alveolata,,,,,,,,,,,,,,,,,,,,,Dinophyceae,,,,Peridiniales,,,,Heterocapsaceae,,,,Heterocapsa,,,Heterocapsa arctica,,,
128,632149,species,Azadinium spinosum,root,cellular organisms,Eukaryota,Alveolata,,,,,,,,,,,,,,,,,,,,,Dinophyceae,,,,Gonyaulacales,,,,Amphidomataceae,,,,Azadinium,,,Azadinium spinosum,,,
131,2944,species,Prorocentrum micans,root,cellular organisms,Eukaryota,Alveolata,,,,,,,,,,,,,,,,,,,,,Dinophyceae,,,,Prorocentrales,,,,Prorocentraceae,,,,Prorocentrum,,,Prorocentrum micans,,,
132,2944,species,Prorocentrum minimum,root,cellular organisms,Eukaryota,Alveolata,,,,,,,,,,,,,,,,,,,,,Dinophyceae,,,,Prorocentrales,,,,Prorocentraceae,,,,Prorocentrum,,,Prorocentrum minimum,,,
134,156229,species,Karenia brevis,root,cellular organisms,Eukaryota,Alveolata,,,,,,,,,,,,,,,,,,,,,Dinophyceae,,,,Gymnodiniales,,,,Kareniaceae,,,,Karenia,,,Karenia brevis,,,
135,156229,species,Karenia brevis,root,cellular organisms,Eukaryota,Alveolata,,,,,,,,,,,,,,,,,,,,,Dinophyceae,,,,Gymnodiniales,,,,Kareniaceae,,,,Karenia,,,Karenia brevis,,,
137,156229,species,Karenia brevis,root,cellular organisms,Eukaryota,Alveolata,,,,,,,,,,,,,,,,,,,,,Dinophyceae,,,,Gymnodiniales,,,,Kareniaceae,,,,Karenia,,,Karenia brevis,,,
138,156229,species,Karenia brevis,root,cellular organisms,Eukaryota,Alveolata,,,,,,,,,,,,,,,,,,,,,Dinophyceae,,,,Gymnodiniales,,,,Kareniaceae,,,,Karenia,,,Karenia brevis,,,
141,2960,species,Amphidinium carterae,root,cellular organisms,Eukaryota,Alveolata,,,,,,,,,,,,,,,,,,,,,Dinophyceae,,,,Gymnodiniales,,,,Gymnodiniaceae,,,,Amphidinium,,,Amphidinium carterae,,,
142,133426,species,Protoceratium reticulatum,root,cellular organisms,Eukaryota,Alveolata,,,,,,,,,,,,,,,,,,,,,Dinophyceae,,,,Gonyaulacales,,,,Gonyaulacaceae,,,,Protoceratium,,,Protoceratium reticulatum,,,
143,285028,species,Togula jolla,root,cellular organisms,Eukaryota,Alveolata,,,,,,,,,,,,,,,,,,,,,Dinophyceae,,,,Gymnodiniales,,,,Gymnodiniaceae,,,,Togula,,,Togula jolla,,,
150,160618,species,Kryptoperidinium foliaceum,root,cellular organisms,Eukaryota,Alveolata,,,,,,,,,,,,,,,,,,,,,Dinophyceae,,,,Peridiniales,,,,Kryptoperidiniaceae,,,,Kryptoperidinium,,,Kryptoperidinium foliaceum,,,
151,160618,species,Kryptoperidinium foliaceum,root,cellular organisms,Eukaryota,Alveolata,,,,,,,,,,,,,,,,,,,,,Dinophyceae,,,,Peridiniales,,,,Kryptoperidiniaceae,,,,Kryptoperidinium,,,Kryptoperidinium foliaceum,,,
154,2965,species,Noctiluca scintillans,root,cellular organisms,Eukaryota,Alveolata,,,,,,,,,,,,,,,,,,,,,Dinophyceae,,,,Noctilucales,,,,Noctilucaceae,,,,Noctiluca,,,Noctiluca scintillans,,,
156,88551,species,Amoebophrya sp.,root,cellular organisms,Eukaryota,Alveolata,,,,,,,,,,,,,,,,,,,,,Dinophyceae,,,,Syndiniales,,,,Amoebophryaceae,,,,Amoebophrya,,,Amoebophrya sp.,,,
158,31276,below_species,Perkinsus marinus ATCC 50439,root,cellular organisms,Eukaryota,Alveolata,Perkinsozoa,Perkinsea,,,,,,,,,,,,,,,,,,,,,,,Perkinsida,,,,Perkinsidae,,,,Perkinsus,,,Perkinsus marinus,Perkinsus marinus ATCC 50439,,
160,283648,species,Myrionecta rubra,root,cellular organisms,Eukaryota,Alveolata,Ciliophora,,,,,,,,Intramacronucleata,,,,,,,,,,,,Litostomatea,,Haptoria,,Cyclotrichida,,,,Mesodiniidae,,,,Myrionecta,,,Myrionecta rubra,,,
161,283646,species,Mesodinium pulex,root,cellular organisms,Eukaryota,Alveolata,Ciliophora,,,,,,,,Intramacronucleata,,,,,,,,,,,,Litostomatea,,Haptoria,,Cyclotrichida,,,,Mesodiniidae,,,,Mesodinium,,,Mesodinium pulex,,,
163,40632,species,Condylostoma magnum,root,cellular organisms,Eukaryota,Alveolata,Ciliophora,,,,,,,,Postciliodesmatophora,,,,,,,,,,,,Heterotrichea,,,,Heterotrichida,,,,Condylostomatidae,,,,Condylostoma,,,Condylostoma magnum,,,
164,342562,species,Fabrea salina,root,cellular organisms,Eukaryota,Alveolata,Ciliophora,,,,,,,,Postciliodesmatophora,,,,,,,,,,,,Heterotrichea,,,,Heterotrichida,,,,Fabreidae,,,,Fabrea,,,Fabrea salina,,,
166,49977,species,Protocruzia adherens,root,cellular organisms,Eukaryota,Alveolata,Ciliophora,,,,,,,,Intramacronucleata,,,,,,,,,,,,Spirotrichea,,Protocruziidia,,,,,,,,,,Protocruzia,,,Protocruzia adherens,,,
167,88562,species,Platyophrya macrostoma,root,cellular organisms,Eukaryota,Alveolata,Ciliophora,,,,,,,,Intramacronucleata,,,,,,,,,,,,Colpodea,,,,Cyrtolophosidida,,,,Platyophryidae,,,,Platyophrya,,,Platyophrya macrostoma,,,
168,485356,species,Aristerostoma sp. ATCC 50986,root,cellular organisms,Eukaryota,Alveolata,Ciliophora,,,,,,,,Intramacronucleata,,,,,,,,,,,,Oligohymenophorea,,Scuticociliatia,unclassified Scuticociliatia,,,,,,,,,Aristerostoma,,,Aristerostoma sp. ATCC 50986,,,
170,693139,species,Tiarina fusa,root,cellular organisms,Eukaryota,Alveolata,Ciliophora,,,,,,,,Intramacronucleata,,,,,,,,,,,,Prostomatea,,,,Prorodontida,,,,Colepidae,,,,Tiarina,,,Tiarina fusa,,,
171,35106,species,Uronema marinum,root,cellular organisms,Eukaryota,Alveolata,Ciliophora,,,,,,,,Intramacronucleata,,,,,,,,,,,,Oligohymenophorea,,Scuticociliatia,,Philasterida,,,,Uronematidae,,,,Uronema,,,Uronema marinum,,,
172,46461,species,Anophryoides haemophila,root,cellular organisms,Eukaryota,Alveolata,Ciliophora,,,,,,,,Intramacronucleata,,,,,,,,,,,,Oligohymenophorea,,Scuticociliatia,,Philasterida,,,,Orchitophryidae,,,,Anophryoides,,,Anophryoides haemophila,,,
176,60005,species,Strombidium rassoulzadegani,root,cellular organisms,Eukaryota,Alveolata,Ciliophora,,,,,,,,Intramacronucleata,,,,,,,,,,,,Spirotrichea,,Oligotrichia,,,,,,Strombidiidae,,,,Strombidium,,,Strombidium rassoulzadegani,,,
177,60005,species,Strombidium inclinatum,root,cellular organisms,Eukaryota,Alveolata,Ciliophora,,,,,,,,Intramacronucleata,,,,,,,,,,,,Spirotrichea,,Oligotrichia,,,,,,Strombidiidae,,,,Strombidium,,,Strombidium inclinatum,,,
179,182086,species,Favella ehrenbergii,root,cellular organisms,Eukaryota,Alveolata,Ciliophora,,,,,,,,Intramacronucleata,,,,,,,,,,,,Spirotrichea,,Choreotrichia,,Tintinnida,,,,Xystonellidae,,,,Favella,,,Favella ehrenbergii,,,
180,141413,species,Strombidinopsis acuminata,root,cellular organisms,Eukaryota,Alveolata,Ciliophora,,,,,,,,Intramacronucleata,,,,,,,,,,,,Spirotrichea,,Choreotrichia,,Choreotrichida,,,,Strombidinopsidae,,,,Strombidinopsis,,,Strombidinopsis acuminata,,,
181,141413,species,Strombidinopsis sp.,root,cellular organisms,Eukaryota,Alveolata,Ciliophora,,,,,,,,Intramacronucleata,,,,,,,,,,,,Spirotrichea,,Choreotrichia,,Choreotrichida,,,,Strombidinopsidae,,,,Strombidinopsis,,,Strombidinopsis sp.,,,
185,311384,genus,Pseudokeronopsis,root,cellular organisms,Eukaryota,Alveolata,Ciliophora,,,,,,,,Intramacronucleata,,,,,,,,,,,,Spirotrichea,,Stichotrichia,,Urostylida,,,,Pseudokeronopsidae,,,,Pseudokeronopsis,,,,,,
186,131567,superkingdom,Eukaryota,root,cellular organisms,Eukaryota,,,,,,,,,,,,,,,,,,,,,,,,,,,,,,,,,,,,,,,,
189,5935,species,Euplotes focardii,root,cellular organisms,Eukaryota,Alveolata,Ciliophora,,,,,,,,Intramacronucleata,,,,,,,,,,,,Spirotrichea,,Hypotrichia,,Euplotida,,,,Euplotidae,,,,Euplotes,,,Euplotes focardii,,,
190,5935,species,Euplotes harpa,root,cellular organisms,Eukaryota,Alveolata,Ciliophora,,,,,,,,Intramacronucleata,,,,,,,,,,,,Spirotrichea,,Hypotrichia,,Euplotida,,,,Euplotidae,,,,Euplotes,,,Euplotes harpa,,,
193,69034,genus,Ammonia,root,cellular organisms,Eukaryota,Rhizaria,Foraminifera,,,,,,,,,,,,,,,,,,,,,,,,Rotaliida,,,Rotaliacea,Rotaliidae,,,,Ammonia,,,,,,
194,313275,genus,Rosalina,root,cellular organisms,Eukaryota,Rhizaria,Foraminifera,,,,,,,,,,,,,,,,,,,,,,,,Rotaliida,,,Discorboidea,Rosalinidae,,,,Rosalina,,,,,,
196,29187,species,Elphidium margaritaceum,root,cellular organisms,Eukaryota,Rhizaria,Foraminifera,,,,,,,,,,,,,,,,,,,,,,,,Rotaliida,,,,Elphidiidae,,,,Elphidium,,,Elphidium margaritaceum,,,
198,87143,species,Sorites sp.,root,cellular organisms,Eukaryota,Rhizaria,Foraminifera,,,,,,,,,,,,,,,,,,,,,,,,Miliolida,,Miliolina,,Soritidae,,Soritinae,,Sorites,,,Sorites sp.,,,
200,346246,species,Litonotus pictus,root,cellular organisms,Eukaryota,Alveolata,Ciliophora,,,,,,,,Intramacronucleata,,,,,,,,,,,,Litostomatea,,Haptoria,,Pleurostomatida,,,,Litonotidae,,,,Litonotus,,,Litonotus pictus,,,
208,58641,below_varietas,Debaryomyces hansenii CBS767,root,cellular organisms,Eukaryota,Opisthokonta,,,,Fungi,Dikarya,Ascomycota,saccharomyceta,,Saccharomycotina,,,,,,,,,,,,Saccharomycetes,,,,Saccharomycetales,,,,Debaryomycetaceae,,,,Debaryomyces,,,Debaryomyces hansenii,,Debaryomyces hansenii var. hansenii,Debaryomyces hansenii CBS767
209,28010,genus,Acanthoeca,root,cellular organisms,Eukaryota,Opisthokonta,,,,,,,,,,,,,,,,,,,,,,,,,Choanoflagellida,Acanthoecida,,,Acanthoecidae,,,,Acanthoeca,,,,,,
211,101923,species,Rhodosorus marinus,root,cellular organisms,Eukaryota,,,,,,,Rhodophyta,,,,,,,,,,,,,,,Stylonematophyceae,,,,Stylonematales,,,,Stylonemataceae,,,,Rhodosorus,,,Rhodosorus marinus,,,
212,37096,species,Rhodomonas lens,root,cellular organisms,Eukaryota,,,,,,,Cryptophyta,,,,,,,,,,,,,,,,,,,Pyrenomonadales,,,,Pyrenomonadaceae,,,,Rhodomonas,,,Rhodomonas lens,,,
213,37096,species,Rhodomonas salina,root,cellular organisms,Eukaryota,,,,,,,Cryptophyta,,,,,,,,,,,,,,,,,,,Pyrenomonadales,,,,Pyrenomonadaceae,,,,Rhodomonas,,,Rhodomonas salina,,,
215,77924,species,Hemiselmis virescens,root,cellular organisms,Eukaryota,,,,,,,Cryptophyta,,,,,,,,,,,,,,,,,,,Cryptomonadales,,,,Hemiselmidaceae,,,,Hemiselmis,,,Hemiselmis virescens,,,
216,3030,species,Cryptomonas curvata,root,cellular organisms,Eukaryota,,,,,,,Cryptophyta,,,,,,,,,,,,,,,,,,,Cryptomonadales,,,,Cryptomonadaceae,,,,Cryptomonas,,,Cryptomonas curvata,,,
219,362234,species,Erythrolobus madagascarensis,root,cellular organisms,Eukaryota,,,,,,,Rhodophyta,,,,,,,,,,,,,,,Bangiophyceae,,,,Porphyridiales,,,,Porphyridiaceae,,,,Erythrolobus,,,Erythrolobus madagascarensis,,,
220,983317,species,Timspurckia oligopyrenoides,root,cellular organisms,Eukaryota,,,,,,,Rhodophyta,,,,,,,,,,,,,,,Bangiophyceae,,,,Porphyridiales,,,,Porphyridiaceae,,,,Timspurckia,,,Timspurckia oligopyrenoides,,,
222,753683,species,Madagascaria erythrocladioides,root,cellular organisms,Eukaryota,,,,,,,Rhodophyta,,,,,,,,,,,,,,,Compsopogonophyceae,,,,Erythropeltidales,,,,Erythrotrichiaceae,,,,Madagascaria,,,Madagascaria erythrocladioides,,,
229,418920,genus,Phaeocystis,root,cellular organisms,Eukaryota,,,,,,,,,,,,,,,,,,,,,,Haptophyceae,,,,Phaeocystales,,,,Phaeocystaceae,,,,Phaeocystis,,,,,,
230,33656,species,Phaeocystis antarctica,root,cellular organisms,Eukaryota,,,,,,,,,,,,,,,,,,,,,,Haptophyceae,,,,Phaeocystales,,,,Phaeocystaceae,,,,Phaeocystis,,,Phaeocystis antarctica,,,
231,418920,genus,Phaeocystis,root,cellular organisms,Eukaryota,,,,,,,,,,,,,,,,,,,,,,Haptophyceae,,,,Phaeocystales,,,,Phaeocystaceae,,,,Phaeocystis,,,,,,
234,33656,species,Phaeocystis cordata,root,cellular organisms,Eukaryota,,,,,,,,,,,,,,,,,,,,,,Haptophyceae,,,,Phaeocystales,,,,Phaeocystaceae,,,,Phaeocystis,,,Phaeocystis cordata,,,
236,37098,species,Isochrysis galbana,root,cellular organisms,Eukaryota,,,,,,,,,,,,,,,,,,,,,,Haptophyceae,,,,Isochrysidales,,,,Isochrysidaceae,,,,Isochrysis,,,Isochrysis galbana,,,
237,2039259,species,Isochrysis sp.,root,cellular organisms,Eukaryota,,,,,,,,,,,,,,,,,,,,,,Haptophyceae,,,,Isochrysidales,,,,Isochrysidaceae,,,,Isochrysis,unclassified Isochrysis,,Isochrysis sp.,,,
239,2902,species,Emiliania huxleyi,root,cellular organisms,Eukaryota,,,,,,,,,,,,,,,,,,,,,,Haptophyceae,,,,Isochrysidales,,,,Noelaerhabdaceae,,,,Emiliania,,,Emiliania huxleyi,,,
240,2902,species,Emiliania huxleyi,root,cellular organisms,Eukaryota,,,,,,,,,,,,,,,,,,,,,,Haptophyceae,,,,Isochrysidales,,,,Noelaerhabdaceae,,,,Emiliania,,,Emiliania huxleyi,,,
241,418951,genus,Isochrysis,root,cellular organisms,Eukaryota,,,,,,,,,,,,,,,,,,,,,,Haptophyceae,,,,Isochrysidales,,,,Isochrysidaceae,,,,Isochrysis,,,,,,
245,97491,species,Coccolithus braarudii,root,cellular organisms,Eukaryota,,,,,,,,,,,,,,,,,,,,,,Haptophyceae,,,,Coccolithales,,,,Coccolithaceae,,,,Coccolithus,,,Coccolithus braarudii,,,
247,1090112,species,Haptolina ericina,root,cellular organisms,Eukaryota,,,,,,,,,,,,,,,,,,,,,,Haptophyceae,,,,Prymnesiales,,,,Prymnesiaceae,,,,Haptolina,,,Haptolina ericina,,,
248,35143,species,Prymnesium polylepis,root,cellular organisms,Eukaryota,,,,,,,,,,,,,,,,,,,,,,Haptophyceae,,,,Prymnesiales,,,,Prymnesiaceae,,,,Prymnesium,,,Prymnesium polylepis,,,
249,35143,species,Prymnesium polylepis,root,cellular organisms,Eukaryota,,,,,,,,,,,,,,,,,,,,,,Haptophyceae,,,,Prymnesiales,,,,Prymnesiaceae,,,,Prymnesium,,,Prymnesium polylepis,,,
251,35143,species,Prymnesium parvum,root,cellular organisms,Eukaryota,,,,,,,,,,,,,,,,,,,,,,Haptophyceae,,,,Prymnesiales,,,,Prymnesiaceae,,,,Prymnesium,,,Prymnesium parvum,,,
254,97494,species,Imantonia rotunda,root,cellular organisms,Eukaryota,,,,,,,,,,,,,,,,,,,,,,Haptophyceae,,,,Prymnesiales,,,,Prymnesiaceae,,,,Imantonia,,,Imantonia rotunda,,,
256,35140,species,Chrysochromulina rotalis,root,cellular organisms,Eukaryota,,,,,,,,,,,,,,,,,,,,,,Haptophyceae,,,,Prymnesiales,,,,Chrysochromulinaceae,,,,Chrysochromulina,,,Chrysochromulina rotalis,,,
260,259384,species,Chrysoculter rhomboideus,root,cellular organisms,Eukaryota,,,,,,,,,,,,,,,,,,,,,,Haptophyceae,Haptophyta incertae sedis,,,,,,,,,,,Chrysoculter,,,Chrysoculter rhomboideus,,,
261,119496,species,Exanthemachrysis gayraliae,root,cellular organisms,Eukaryota,,,,,,,,,,,,,,,,,,,,,,Haptophyceae,,,,Pavlovales,,,,Pavlovaceae,,,,Exanthemachrysis,,,Exanthemachrysis gayraliae,,,
262,2831,species,Pavlova gyrans,root,cellular organisms,Eukaryota,,,,,,,,,,,,,,,,,,,,,,Haptophyceae,,,,Pavlovales,,,,Pavlovaceae,,,,Pavlova,,,Pavlova gyrans,,,
263,2831,species,Pavlova lutheri,root,cellular organisms,Eukaryota,,,,,,,,,,,,,,,,,,,,,,Haptophyceae,,,,Pavlovales,,,,Pavlovaceae,,,,Pavlova,,,Pavlova lutheri,,,
264,483366,species,Pavlovales sp. CCMP2436,root,cellular organisms,Eukaryota,,,,,,,,,,,,,,,,,,,,,,Haptophyceae,,,,Pavlovales,unclassified Pavlovales,,,,,,,,,,Pavlovales sp. CCMP2436,,,
266,2831,species,Pavlova sp. CCMP459,root,cellular organisms,Eukaryota,,,,,,,,,,,,,,,,,,,,,,Haptophyceae,,,,Pavlovales,,,,Pavlovaceae,,,,Pavlova,,,Pavlova sp. CCMP459,,,
272,38254,genus,Cyanoptyche,root,cellular organisms,Eukaryota,,,,,,,,,,,,,,,,,,,,,,Glaucocystophyceae,,,,,,,,,,,,Cyanoptyche,,,,,,
273,38268,species,Gloeochaete wittrockiana,root,cellular organisms,Eukaryota,,,,,,,,,,,,,,,,,,,,,,Glaucocystophyceae,,,,Gloeochaetales,,,,Gloeochaetaceae,,,,Gloeochaete,,,Gloeochaete wittrockiana,,,
275,63604,species,Percolomonas cosmopolitus,root,cellular organisms,Eukaryota,,,,,,,,,,,,,,,,,,,,,,Heterolobosea,unclassified Heterolobosea,,,,,,,,,,,Percolomonas,,,Percolomonas cosmopolitus,,,
276,498011,species,Trichosphaerium sp. ATCC 40318,root,cellular organisms,Eukaryota,Amoebozoa,Discosea,Flabellinia,,,,,,,,,,,,,,,,,,,,,,,,,,,,,,,Trichosphaerium,,,Trichosphaerium sp. ATCC 40318,,,
277,73024,species,Eutreptiella gymnastica,root,cellular organisms,Eukaryota,Euglenozoa,,,,,,Euglenida,,,,,,,,,,,,,,,,,,,Eutreptiales,,,,,,,,Eutreptiella,,,Eutreptiella gymnastica,,,
278,73024,species,Eutreptiella gymnastica,root,cellular organisms,Eukaryota,Euglenozoa,,,,,,Euglenida,,,,,,,,,,,,,,,,,,,Eutreptiales,,,,,,,,Eutreptiella,,,Eutreptiella gymnastica,,,
282,136451,species,Filamoeba nolandi,root,cellular organisms,Eukaryota,Amoebozoa,Tubulinea,Euamoebida,,,,,,,,,,,,,,,,,,,,,,,,,,,Echinamoebidae,,,,Filamoeba,,,Filamoeba nolandi,,,
284,242540,species,Mayorella sp. JJP-2003,root,cellular organisms,Eukaryota,Amoebozoa,Discosea,,,,,,,,,,,,,,,,,,,,,,,,Longamoebia,Dermamoebida,,,,,,,Mayorella,,,Mayorella sp. JJP-2003,,,
285,95227,genus,Vannella,root,cellular organisms,Eukaryota,Amoebozoa,Discosea,Flabellinia,,,,,,,,,,,,,,,,,,,,,,,,,,,Vannellidae,,,,Vannella,,,,,,
286,95227,genus,Vannella,root,cellular organisms,Eukaryota,Amoebozoa,Discosea,Flabellinia,,,,,,,,,,,,,,,,,,,,,,,,,,,Vannellidae,,,,Vannella,,,,,,
289,498007,species,Pessonella sp. PRA-29,root,cellular organisms,Eukaryota,Amoebozoa,Discosea,Flabellinia,,,,,,,,,,,,,,,,,,,,,,,,,,,Vannellidae,,,,Pessonella,,,Pessonella sp. PRA-29,,,
290,180225,genus,Vexillifera,root,cellular organisms,Eukaryota,Amoebozoa,Discosea,Flabellinia,Dactylopodida,,,,,,,,,,,,,,,,,,,,,,,,,,Vexilliferidae,,,,Vexillifera,,,,,,
292,200890,species,Paramoeba aestuarina,root,cellular organisms,Eukaryota,Amoebozoa,Discosea,Flabellinia,Dactylopodida,,,,,,,,,,,,,,,,,,,,,,,,,,Paramoebidae,,,,Paramoeba,,,Paramoeba aestuarina,,,
296,131567,superkingdom,Eukaryota,root,cellular organisms,Eukaryota,,,,,,,,,,,,,,,,,,,,,,,,,,,,,,,,,,,,,,,,
298,759891,species,Palpitomonas bilix,root,cellular organisms,Eukaryota,unclassified eukaryotes,,,,,,,,,,,,,,,,,,,,,,,,,,,,,,,,,Palpitomonas,,,Palpitomonas bilix,,,
299,31324,species,Goniomonas pacifica,root,cellular organisms,Eukaryota,,,,,,,Cryptophyta,,,,,,,,,,,,,,,,,,,Cryptomonadales,,,,Goniomonadaceae,,,,Goniomonas,,,Goniomonas pacifica,,,
300,31323,genus,Goniomonas,root,cellular organisms,Eukaryota,,,,,,,Cryptophyta,,,,,,,,,,,,,,,,,,,Cryptomonadales,,,,Goniomonadaceae,,,,Goniomonas,,,,,,
302,179400,species,Hanusia phi,root,cellular organisms,Eukaryota,,,,,,,Cryptophyta,,,,,,,,,,,,,,,,,,,Pyrenomonadales,,,,Geminigeraceae,,,,Hanusia,,,Hanusia phi,,,
303,55529,below_species,Guillardia theta CCMP2712,root,cellular organisms,Eukaryota,,,,,,,Cryptophyta,,,,,,,,,,,,,,,,,,,Pyrenomonadales,,,,Geminigeraceae,,,,Guillardia,,,Guillardia theta,Guillardia theta CCMP2712,,
305,46946,species,Geminigera cryophila,root,cellular organisms,Eukaryota,,,,,,,Cryptophyta,,,,,,,,,,,,,,,,,,,Pyrenomonadales,,,,Geminigeraceae,,,,Geminigera,,,Geminigera cryophila,,,
307,301223,species,Cryptophyta sp. CCMP2293,root,cellular organisms,Eukaryota,,,,,,,Cryptophyta,unclassified Cryptophyta,,,,,,,,,,,,,,,,,,,,,,,,,,,,,Cryptophyta sp. CCMP2293,,,
309,3030,species,Cryptomonas paramecium,root,cellular organisms,Eukaryota,,,,,,,Cryptophyta,,,,,,,,,,,,,,,,,,,Cryptomonadales,,,,Cryptomonadaceae,,,,Cryptomonas,,,Cryptomonas paramecium,,,
311,96335,species,Proteomonas sulcata,root,cellular organisms,Eukaryota,,,,,,,Cryptophyta,,,,,,,,,,,,,,,,,,,Pyrenomonadales,,,,Geminigeraceae,,,,Proteomonas,,,Proteomonas sulcata,,,
313,37096,species,Rhodomonas sp. CCMP768,root,cellular organisms,Eukaryota,,,,,,,Cryptophyta,,,,,,,,,,,,,,,,,,,Pyrenomonadales,,,,Pyrenomonadaceae,,,,Rhodomonas,,,Rhodomonas sp. CCMP768,,,
314,77924,species,Hemiselmis andersenii,root,cellular organisms,Eukaryota,,,,,,,Cryptophyta,,,,,,,,,,,,,,,,,,,Cryptomonadales,,,,Hemiselmidaceae,,,,Hemiselmis,,,Hemiselmis andersenii,,,
315,77924,species,Hemiselmis andersenii,root,cellular organisms,Eukaryota,,,,,,,Cryptophyta,,,,,,,,,,,,,,,,,,,Cryptomonadales,,,,Hemiselmidaceae,,,,Hemiselmis,,,Hemiselmis andersenii,,,
316,77924,species,Hemiselmis andersenii,root,cellular organisms,Eukaryota,,,,,,,Cryptophyta,,,,,,,,,,,,,,,,,,,Cryptomonadales,,,,Hemiselmidaceae,,,,Hemiselmis,,,Hemiselmis andersenii,,,
317,77924,species,Hemiselmis andersenii,root,cellular organisms,Eukaryota,,,,,,,Cryptophyta,,,,,,,,,,,,,,,,,,,Cryptomonadales,,,,Hemiselmidaceae,,,,Hemiselmis,,,Hemiselmis andersenii,,,
321,77924,species,Hemiselmis tepida,root,cellular organisms,Eukaryota,,,,,,,Cryptophyta,,,,,,,,,,,,,,,,,,,Cryptomonadales,,,,Hemiselmidaceae,,,,Hemiselmis,,,Hemiselmis tepida,,,
328,41879,species,Pycnococcus provasolii,root,cellular organisms,Eukaryota,,,,,Viridiplantae,,Chlorophyta,,,,,,,,,,,,,,,,,,,,,,,Pycnococcaceae,,,,Pycnococcus,,,Pycnococcus provasolii,,,
329,41879,species,Pycnococcus provasolii,root,cellular organisms,Eukaryota,,,,,Viridiplantae,,Chlorophyta,,,,,,,,,,,,,,,,,,,,,,,Pycnococcaceae,,,,Pycnococcus,,,Pycnococcus provasolii,,,
330,41879,species,Pycnococcus provasolii,root,cellular organisms,Eukaryota,,,,,Viridiplantae,,Chlorophyta,,,,,,,,,,,,,,,,,,,,,,,Pycnococcaceae,,,,Pycnococcus,,,Pycnococcus provasolii,,,
332,41879,species,Pycnococcus provasolii,root,cellular organisms,Eukaryota,,,,,Viridiplantae,,Chlorophyta,,,,,,,,,,,,,,,,,,,,,,,Pycnococcaceae,,,,Pycnococcus,,,Pycnococcus provasolii,,,
335,88270,species,Picocystis salinarum,root,cellular organisms,Eukaryota,,,,,Viridiplantae,,Chlorophyta,prasinophyte clade VII,,,,,,,,,,,,,,,,,,,,,,,,,,Picocystis,,,Picocystis salinarum,,,
336,88270,species,Picocystis salinarum,root,cellular organisms,Eukaryota,,,,,Viridiplantae,,Chlorophyta,prasinophyte clade VII,,,,,,,,,,,,,,,,,,,,,,,,,,Picocystis,,,Picocystis salinarum,,,
338,1541724,species,prasinophyte sp. RCC997,root,cellular organisms,Eukaryota,,,,,Viridiplantae,,Chlorophyta,prasinophyte clade VII,unclassified prasinophyte clade VII,,,,,,,,,,,,,,,,,,,,,,,,,,,,prasinophyte sp. RCC997,,,
339,1541724,species,prasinophyte sp. RCC997,root,cellular organisms,Eukaryota,,,,,Viridiplantae,,Chlorophyta,prasinophyte clade VII,unclassified prasinophyte clade VII,,,,,,,,,,,,,,,,,,,,,,,,,,,,prasinophyte sp. RCC997,,,
341,1541724,species,prasinophyte sp. RCC997,root,cellular organisms,Eukaryota,,,,,Viridiplantae,,Chlorophyta,prasinophyte clade VII,unclassified prasinophyte clade VII,,,,,,,,,,,,,,,,,,,,,,,,,,,,prasinophyte sp. RCC997,,,
342,2302914,species,Chloropicon roscoffensis,root,cellular organisms,Eukaryota,,,,,Viridiplantae,,Chlorophyta,,,,,,,,,,,,,,,Chloropicophyceae,,,,Chloropicales,,,,Chloropicaceae,,,,Chloropicon,,,Chloropicon roscoffensis,,,
347,1541724,species,prasinophyte sp. RCC997,root,cellular organisms,Eukaryota,,,,,Viridiplantae,,Chlorophyta,prasinophyte clade VII,unclassified prasinophyte clade VII,,,,,,,,,,,,,,,,,,,,,,,,,,,,prasinophyte sp. RCC997,,,
348,131567,superkingdom,Eukaryota,root,cellular organisms,Eukaryota,,,,,,,,,,,,,,,,,,,,,,,,,,,,,,,,,,,,,,,,
354,2081515,species,Tetraselmis sp. GSL018,root,cellular organisms,Eukaryota,,,,,Viridiplantae,,Chlorophyta,,,,,,,,,,,,,,,Chlorodendrophyceae,,,,Chlorodendrales,,,,Chlorodendraceae,,,,Tetraselmis,unclassified Tetraselmis,,Tetraselmis sp. GSL018,,,
355,3164,species,Tetraselmis chuii,root,cellular organisms,Eukaryota,,,,,Viridiplantae,,Chlorophyta,,,,,,,,,,,,,,,Chlorodendrophyceae,,,,Chlorodendrales,,,,Chlorodendraceae,,,,Tetraselmis,,,Tetraselmis chuii,,,
356,3164,species,Tetraselmis striata,root,cellular organisms,Eukaryota,,,,,Viridiplantae,,Chlorophyta,,,,,,,,,,,,,,,Chlorodendrophyceae,,,,Chlorodendrales,,,,Chlorodendraceae,,,,Tetraselmis,,,Tetraselmis striata,,,
358,3164,species,Tetraselmis astigmatica,root,cellular organisms,Eukaryota,,,,,Viridiplantae,,Chlorophyta,,,,,,,,,,,,,,,Chlorodendrophyceae,,,,Chlorodendrales,,,,Chlorodendraceae,,,,Tetraselmis,,,Tetraselmis astigmatica,,,
361,2302907,species,Picochlorum sp. RCC944,root,cellular organisms,Eukaryota,,,,,Viridiplantae,,Chlorophyta,,,,,,,,,,,,,,,Trebouxiophyceae,Trebouxiophyceae incertae sedis,,,,,,,,,,,Picochlorum,unclassified Picochlorum,,Picochlorum sp. RCC944,,,
362,249344,species,Picochlorum oklahomense,root,cellular organisms,Eukaryota,,,,,Viridiplantae,,Chlorophyta,,,,,,,,,,,,,,,Trebouxiophyceae,Trebouxiophyceae incertae sedis,,,,,,,,,,,Picochlorum,,,Picochlorum oklahomense,,,
364,131567,superkingdom,Eukaryota,root,cellular organisms,Eukaryota,,,,,,,,,,,,,,,,,,,,,,,,,,,,,,,,,,,,,,,,
365,2034146,species,Chlamydomonas sp. CCMP219,root,cellular organisms,Eukaryota,,,,,Viridiplantae,,Chlorophyta,,,,,,,,,,,,,,,Chlorophyceae,,,,Chlamydomonadales,,,,Chlamydomonadaceae,,,,Chlamydomonas,unclassified Chlamydomonas,,Chlamydomonas sp. CCMP219,,,
366,3044,species,Dunaliella tertiolecta,root,cellular organisms,Eukaryota,,,,,Viridiplantae,,Chlorophyta,,,,,,,,,,,,,,,Chlorophyceae,,,,Chlamydomonadales,,,,Dunaliellaceae,,,,Dunaliella,,,Dunaliella tertiolecta,,,
367,3049,species,Polytomella parva,root,cellular organisms,Eukaryota,,,,,Viridiplantae,,Chlorophyta,,,,,,,,,,,,,,,Chlorophyceae,,,,Chlamydomonadales,,,,Chlamydomonadaceae,,,,Polytomella,,,Polytomella parva,,,
374,31311,species,Nephroselmis pyriformis,root,cellular organisms,Eukaryota,,,,,Viridiplantae,,Chlorophyta,,,,,,,,,,,,,,,Nephroselmidophyceae,,,,,,,,,,,,Nephroselmis,,,Nephroselmis pyriformis,,,
377,195966,species,Crustomastix stigmatica,root,cellular organisms,Eukaryota,,,,,Viridiplantae,,Chlorophyta,,,,,,,,,,,,,,,Mamiellophyceae,,,,Dolichomastigales,,,,Crustomastigaceae,,,,Crustomastix,,,Crustomastix stigmatica,,,
378,195968,species,Dolichomastix tenuilepis,root,cellular organisms,Eukaryota,,,,,Viridiplantae,,Chlorophyta,,,,,,,,,,,,,,,Mamiellophyceae,,,,Dolichomastigales,,,,Dolichomastigaceae,,,,Dolichomastix,,,Dolichomastix tenuilepis,,,
380,1035539,species,Mamiellaceae sp. RCC2288,root,cellular organisms,Eukaryota,,,,,Viridiplantae,,Chlorophyta,,,,,,,,,,,,,,,Mamiellophyceae,unclassified Mamiellophyceae,,,,,,,,,,,,,,Mamiellaceae sp. RCC2288,,,
381,38832,species,Micromonas pusilla,root,cellular organisms,Eukaryota,,,,,Viridiplantae,,Chlorophyta,,,,,,,,,,,,,,,Mamiellophyceae,,,,Mamiellales,,,,Mamiellaceae,,,,Micromonas,,,Micromonas pusilla,,,
382,38832,species,Micromonas pusilla,root,cellular organisms,Eukaryota,,,,,Viridiplantae,,Chlorophyta,,,,,,,,,,,,,,,Mamiellophyceae,,,,Mamiellales,,,,Mamiellaceae,,,,Micromonas,,,Micromonas pusilla,,,
383,38832,species,Micromonas pusilla,root,cellular organisms,Eukaryota,,,,,Viridiplantae,,Chlorophyta,,,,,,,,,,,,,,,Mamiellophyceae,,,,Mamiellales,,,,Mamiellaceae,,,,Micromonas,,,Micromonas pusilla,,,
384,38832,species,Micromonas pusilla,root,cellular organisms,Eukaryota,,,,,Viridiplantae,,Chlorophyta,,,,,,,,,,,,,,,Mamiellophyceae,,,,Mamiellales,,,,Mamiellaceae,,,,Micromonas,,,Micromonas pusilla,,,
386,38832,species,Micromonas pusilla,root,cellular organisms,Eukaryota,,,,,Viridiplantae,,Chlorophyta,,,,,,,,,,,,,,,Mamiellophyceae,,,,Mamiellales,,,,Mamiellaceae,,,,Micromonas,,,Micromonas pusilla,,,
390,38832,species,Micromonas pusilla,root,cellular organisms,Eukaryota,,,,,Viridiplantae,,Chlorophyta,,,,,,,,,,,,,,,Mamiellophyceae,,,,Mamiellales,,,,Mamiellaceae,,,,Micromonas,,,Micromonas pusilla,,,
391,38832,species,Micromonas pusilla,root,cellular organisms,Eukaryota,,,,,Viridiplantae,,Chlorophyta,,,,,,,,,,,,,,,Mamiellophyceae,,,,Mamiellales,,,,Mamiellaceae,,,,Micromonas,,,Micromonas pusilla,,,
393,38832,species,Micromonas pusilla,root,cellular organisms,Eukaryota,,,,,Viridiplantae,,Chlorophyta,,,,,,,,,,,,,,,Mamiellophyceae,,,,Mamiellales,,,,Mamiellaceae,,,,Micromonas,,,Micromonas pusilla,,,
397,13607,species,Mantoniella antarctica,root,cellular organisms,Eukaryota,,,,,Viridiplantae,,Chlorophyta,,,,,,,,,,,,,,,Mamiellophyceae,,,,Mamiellales,,,,Mamiellaceae,,,,Mantoniella,,,Mantoniella antarctica,,,
399,2268852,species,Ostreococcus sp. RCC789,root,cellular organisms,Eukaryota,,,,,Viridiplantae,,Chlorophyta,,,,,,,,,,,,,,,Mamiellophyceae,,,,Mamiellales,,,,Bathycoccaceae,,,,Ostreococcus,unclassified Ostreococcus,,Ostreococcus sp. RCC789,,,
403,110669,species,Prasinococcus capsulatus,root,cellular organisms,Eukaryota,,,,,Viridiplantae,,Chlorophyta,,,,,,,,,,,,,,,Palmophyllophyceae,,,,Prasinococcales,,,,Prasinococcaceae,,,,Prasinococcus,,,Prasinococcus capsulatus,,,
404,156132,species,Prasinoderma coloniale,root,cellular organisms,Eukaryota,,,,,Viridiplantae,,Chlorophyta,,,,,,,,,,,,,,,Palmophyllophyceae,,,,Prasinococcales,,,,Prasinococcaceae,,,,Prasinoderma,,,Prasinoderma coloniale,,,
405,156132,species,Prasinoderma singulare,root,cellular organisms,Eukaryota,,,,,Viridiplantae,,Chlorophyta,,,,,,,,,,,,,,,Palmophyllophyceae,,,,Prasinococcales,,,,Prasinococcaceae,,,,Prasinoderma,,,Prasinoderma singulare,,,
408,36882,species,Pyramimonas parkeae,root,cellular organisms,Eukaryota,,,,,Viridiplantae,,Chlorophyta,,,,,,,,,,,,,,,,,,,Pyramimonadales,,,,,,,,Pyramimonas,,,Pyramimonas parkeae,,,
409,38834,genus,Pyramimonas,root,cellular organisms,Eukaryota,,,,,Viridiplantae,,Chlorophyta,,,,,,,,,,,,,,,,,,,Pyramimonadales,,,,,,,,Pyramimonas,,,,,,
411,38834,genus,Pyramimonas,root,cellular organisms,Eukaryota,,,,,Viridiplantae,,Chlorophyta,,,,,,,,,,,,,,,,,,,Pyramimonadales,,,,,,,,Pyramimonas,,,,,,
412,2302909,species,Pyramimonas sp.,root,cellular organisms,Eukaryota,,,,,Viridiplantae,,Chlorophyta,,,,,,,,,,,,,,,,,,,Pyramimonadales,,,,,,,,Pyramimonas,unclassified Pyramimonas,,Pyramimonas sp.,,,
421,543769,below_below_superkingdom,Cercozoa,root,cellular organisms,Eukaryota,Rhizaria,Cercozoa,,,,,,,,,,,,,,,,,,,,,,,,,,,,,,,,,,,,,,
422,38078,species,Minchinia chitonis,root,cellular organisms,Eukaryota,Rhizaria,Cercozoa,Ascetosporea,,,,Haplosporidia,,,,,,,,,,,,,,,,,,,,,,,Haplosporidiidae,,,,Minchinia,,,Minchinia chitonis,,,
423,29198,species,Chlorarachnion reptans,root,cellular organisms,Eukaryota,Rhizaria,Cercozoa,,,,,,,,,,,,,,,,,,,,Chlorarachniophyceae,,,,,,,,,,,,Chlorarachnion,,,Chlorarachnion reptans,,,
424,400754,species,Durinskia baltica,root,cellular organisms,Eukaryota,Alveolata,,,,,,,,,,,,,,,,,,,,,Dinophyceae,,,,Peridiniales,,,,Kryptoperidiniaceae,,,,Durinskia,,,Durinskia baltica,,,
426,647365,species,Partenskyella glossopodia,root,cellular organisms,Eukaryota,Rhizaria,Cercozoa,,,,,,,,,,,,,,,,,,,,Chlorarachniophyceae,,,,,,,,,,,,Partenskyella,,,Partenskyella glossopodia,,,
427,227085,species,Bigelowiella natans,root,cellular organisms,Eukaryota,Rhizaria,Cercozoa,,,,,,,,,,,,,,,,,,,,Chlorarachniophyceae,,,,,,,,,,,,Bigelowiella,,,Bigelowiella natans,,,
428,227085,species,Bigelowiella natans,root,cellular organisms,Eukaryota,Rhizaria,Cercozoa,,,,,,,,,,,,,,,,,,,,Chlorarachniophyceae,,,,,,,,,,,,Bigelowiella,,,Bigelowiella natans,,,
429,227086,below_species,Bigelowiella natans CCMP2755,root,cellular organisms,Eukaryota,Rhizaria,Cercozoa,,,,,,,,,,,,,,,,,,,,Chlorarachniophyceae,,,,,,,,,,,,Bigelowiella,,,Bigelowiella natans,Bigelowiella natans CCMP2755,,
430,227085,species,Bigelowiella natans,root,cellular organisms,Eukaryota,Rhizaria,Cercozoa,,,,,,,,,,,,,,,,,,,,Chlorarachniophyceae,,,,,,,,,,,,Bigelowiella,,,Bigelowiella natans,,,
434,467050,species,Chlorarachniophyceae sp. BC52,root,cellular organisms,Eukaryota,Rhizaria,Cercozoa,,,,,,,,,,,,,,,,,,,,Chlorarachniophyceae,unclassified Chlorarachniophyceae,,,,,,,,,,,,,,Chlorarachniophyceae sp. BC52,,,
437,74819,species,Lotharella globosa,root,cellular organisms,Eukaryota,Rhizaria,Cercozoa,,,,,,,,,,,,,,,,,,,,Chlorarachniophyceae,,,,,,,,,,,,Lotharella,,,Lotharella globosa,,,
438,74819,species,Lotharella globosa,root,cellular organisms,Eukaryota,Rhizaria,Cercozoa,,,,,,,,,,,,,,,,,,,,Chlorarachniophyceae,,,,,,,,,,,,Lotharella,,,Lotharella globosa,,,
440,74819,species,Lotharella oceanica,root,cellular organisms,Eukaryota,Rhizaria,Cercozoa,,,,,,,,,,,,,,,,,,,,Chlorarachniophyceae,,,,,,,,,,,,Lotharella,,,Lotharella oceanica,,,
445,67808,species,Gymnochlora sp. CCMP2014,root,cellular organisms,Eukaryota,Rhizaria,Cercozoa,,,,,,,,,,,,,,,,,,,,Chlorarachniophyceae,,,,,,,,,,,,Gymnochlora,,,Gymnochlora sp. CCMP2014,,,
454,91989,genus,Bolidomonas,root,cellular organisms,Eukaryota,Stramenopiles,,,,,,,,,,,,,,,,,,,,,Bolidophyceae,,,,,,,,,,,,Bolidomonas,,,,,,
455,722752,species,Triparma eleuthera,root,cellular organisms,Eukaryota,Stramenopiles,,,,,,,,,,,,,,,,,,,,,Synurophyceae,,,,Parmales,,,,Triparmaceae,,,,Triparma,,,Triparma eleuthera,,,
457,91989,genus,Bolidomonas,root,cellular organisms,Eukaryota,Stramenopiles,,,,,,,,,,,,,,,,,,,,,Bolidophyceae,,,,,,,,,,,,Bolidomonas,,,,,,
458,722752,species,Triparma pacifica,root,cellular organisms,Eukaryota,Stramenopiles,,,,,,,,,,,,,,,,,,,,,Synurophyceae,,,,Parmales,,,,Triparmaceae,,,,Triparma,,,Triparma pacifica,,,
461,49237,species,Chaetoceros neogracilis,root,cellular organisms,Eukaryota,Stramenopiles,,,,,,Bacillariophyta,,,,,,,,,,,,,,,Coscinodiscophyceae,,Chaetocerotophycidae,,Chaetocerotales,,,,Chaetocerotaceae,,,,Chaetoceros,,,Chaetoceros neogracilis,,,
462,49237,species,Chaetoceros debilis,root,cellular organisms,Eukaryota,Stramenopiles,,,,,,Bacillariophyta,,,,,,,,,,,,,,,Coscinodiscophyceae,,Chaetocerotophycidae,,Chaetocerotales,,,,Chaetocerotaceae,,,,Chaetoceros,,,Chaetoceros debilis,,,
463,49237,species,Chaetoceros curvisetus,root,cellular organisms,Eukaryota,Stramenopiles,,,,,,Bacillariophyta,,,,,,,,,,,,,,,Coscinodiscophyceae,,Chaetocerotophycidae,,Chaetocerotales,,,,Chaetocerotaceae,,,,Chaetoceros,,,Chaetoceros curvisetus,,,
466,1118494,species,Dactyliosolen fragilissimus,root,cellular organisms,Eukaryota,Stramenopiles,,,,,,Bacillariophyta,,,,,,,,,,,,,,,Coscinodiscophyceae,,Rhizosoleniophycidae,,Rhizosoleniales,,,,Rhizosoleniaceae,,,,Dactyliosolen,,,Dactyliosolen fragilissimus,,,
468,49236,genus,Chaetoceros,root,cellular organisms,Eukaryota,Stramenopiles,,,,,,Bacillariophyta,,,,,,,,,,,,,,,Coscinodiscophyceae,,Chaetocerotophycidae,,Chaetocerotales,,,,Chaetocerotaceae,,,,Chaetoceros,,,,,,
470,265571,species,Extubocellulus spinifer,root,cellular organisms,Eukaryota,Stramenopiles,,,,,,Bacillariophyta,,,,,,,,,,,,,,,Mediophyceae,,Cymatosirophycidae,,Cymatosirales,,,,Cymatosiraceae,,,,Extubocellulus,,,Extubocellulus spinifer,,,
471,265542,species,Minutocellus polymorphus,root,cellular organisms,Eukaryota,Stramenopiles,,,,,,Bacillariophyta,,,,,,,,,,,,,,,Mediophyceae,,Cymatosirophycidae,,Cymatosirales,,,,Cymatosiraceae,,,,Minutocellus,,,Minutocellus polymorphus,,,
472,265542,species,Minutocellus polymorphus,root,cellular organisms,Eukaryota,Stramenopiles,,,,,,Bacillariophyta,,,,,,,,,,,,,,,Mediophyceae,,Cymatosirophycidae,,Cymatosirales,,,,Cymatosiraceae,,,,Minutocellus,,,Minutocellus polymorphus,,,
475,29203,species,Cyclotella meneghiniana,root,cellular organisms,Eukaryota,Stramenopiles,,,,,,Bacillariophyta,,,,,,,,,,,,,,,Coscinodiscophyceae,,Thalassiosirophycidae,,Thalassiosirales,,,,Stephanodiscaceae,,,,Cyclotella,,,Cyclotella meneghiniana,,,
476,29202,genus,Thalassiosira,root,cellular organisms,Eukaryota,Stramenopiles,,,,,,Bacillariophyta,,,,,,,,,,,,,,,Coscinodiscophyceae,,Thalassiosirophycidae,,Thalassiosirales,,,,Thalassiosiraceae,,,,Thalassiosira,,,,,,
478,83370,species,Detonula confervacea,root,cellular organisms,Eukaryota,Stramenopiles,,,,,,Bacillariophyta,,,,,,,,,,,,,,,Coscinodiscophyceae,,Thalassiosirophycidae,,Thalassiosirales,,,,Thalassiosiraceae,,,,Detonula,,,Detonula confervacea,,,
479,35127,species,Thalassiosira rotula,root,cellular organisms,Eukaryota,Stramenopiles,,,,,,Bacillariophyta,,,,,,,,,,,,,,,Coscinodiscophyceae,,Thalassiosirophycidae,,Thalassiosirales,,,,Thalassiosiraceae,,,,Thalassiosira,,,Thalassiosira rotula,,,
480,35127,species,Thalassiosira minuscula,root,cellular organisms,Eukaryota,Stramenopiles,,,,,,Bacillariophyta,,,,,,,,,,,,,,,Coscinodiscophyceae,,Thalassiosirophycidae,,Thalassiosirales,,,,Thalassiosiraceae,,,,Thalassiosira,,,Thalassiosira minuscula,,,
481,29202,genus,Thalassiosira,root,cellular organisms,Eukaryota,Stramenopiles,,,,,,Bacillariophyta,,,,,,,,,,,,,,,Coscinodiscophyceae,,Thalassiosirophycidae,,Thalassiosirales,,,,Thalassiosiraceae,,,,Thalassiosira,,,,,,
483,35127,species,Thalassiosira punctigera,root,cellular organisms,Eukaryota,Stramenopiles,,,,,,Bacillariophyta,,,,,,,,,,,,,,,Coscinodiscophyceae,,Thalassiosirophycidae,,Thalassiosirales,,,,Thalassiosiraceae,,,,Thalassiosira,,,Thalassiosira punctigera,,,
487,35127,species,Thalassiosira aff. antarctica,root,cellular organisms,Eukaryota,Stramenopiles,,,,,,Bacillariophyta,,,,,,,,,,,,,,,Coscinodiscophyceae,,Thalassiosirophycidae,,Thalassiosirales,,,,Thalassiosiraceae,,,,Thalassiosira,,,Thalassiosira aff. antarctica,,,
489,2842,species,Skeletonema menzelii,root,cellular organisms,Eukaryota,Stramenopiles,,,,,,Bacillariophyta,,,,,,,,,,,,,,,Coscinodiscophyceae,,Thalassiosirophycidae,,Thalassiosirales,,,,Skeletonemataceae,,,,Skeletonema,,,Skeletonema menzelii,,,
490,2842,species,Skeletonema costatum,root,cellular organisms,Eukaryota,Stramenopiles,,,,,,Bacillariophyta,,,,,,,,,,,,,,,Coscinodiscophyceae,,Thalassiosirophycidae,,Thalassiosirales,,,,Skeletonemataceae,,,,Skeletonema,,,Skeletonema costatum,,,
491,1171708,species,Skeletonema marinoi,root,cellular organisms,Eukaryota,Stramenopiles,,,,,,Bacillariophyta,,,,,,,,,,,,,,,Coscinodiscophyceae,,Thalassiosirophycidae,,Thalassiosirales,,,,Skeletonemataceae,,,,Skeletonema,Skeletonema marinoi-dohrnii complex,,Skeletonema marinoi,,,
493,1171708,species,Skeletonema marinoi,root,cellular organisms,Eukaryota,Stramenopiles,,,,,,Bacillariophyta,,,,,,,,,,,,,,,Coscinodiscophyceae,,Thalassiosirophycidae,,Thalassiosirales,,,,Skeletonemataceae,,,,Skeletonema,Skeletonema marinoi-dohrnii complex,,Skeletonema marinoi,,,
494,1171708,species,Skeletonema marinoi,root,cellular organisms,Eukaryota,Stramenopiles,,,,,,Bacillariophyta,,,,,,,,,,,,,,,Coscinodiscophyceae,,Thalassiosirophycidae,,Thalassiosirales,,,,Skeletonemataceae,,,,Skeletonema,Skeletonema marinoi-dohrnii complex,,Skeletonema marinoi,,,
497,2842,species,Skeletonema grethae,root,cellular organisms,Eukaryota,Stramenopiles,,,,,,Bacillariophyta,,,,,,,,,,,,,,,Coscinodiscophyceae,,Thalassiosirophycidae,,Thalassiosirales,,,,Skeletonemataceae,,,,Skeletonema,,,Skeletonema grethae,,,
498,2842,species,Skeletonema japonicum,root,cellular organisms,Eukaryota,Stramenopiles,,,,,,Bacillariophyta,,,,,,,,,,,,,,,Coscinodiscophyceae,,Thalassiosirophycidae,,Thalassiosirales,,,,Skeletonemataceae,,,,Skeletonema,,,Skeletonema japonicum,,,
502,35127,species,Thalassiosira oceanica,root,cellular organisms,Eukaryota,Stramenopiles,,,,,,Bacillariophyta,,,,,,,,,,,,,,,Coscinodiscophyceae,,Thalassiosirophycidae,,Thalassiosirales,,,,Thalassiosiraceae,,,,Thalassiosira,,,Thalassiosira oceanica,,,
508,49248,species,Ditylum brightwellii,root,cellular organisms,Eukaryota,Stramenopiles,,,,,,Bacillariophyta,,,,,,,,,,,,,,,Mediophyceae,,Lithodesmiophycidae,,Lithodesmiales,,,,Lithodesmiaceae,,,,Ditylum,,,Ditylum brightwellii,,,
509,49248,species,Ditylum brightwellii,root,cellular organisms,Eukaryota,Stramenopiles,,,,,,Bacillariophyta,,,,,,,,,,,,,,,Mediophyceae,,Lithodesmiophycidae,,Lithodesmiales,,,,Lithodesmiaceae,,,,Ditylum,,,Ditylum brightwellii,,,
510,49248,species,Ditylum brightwellii,root,cellular organisms,Eukaryota,Stramenopiles,,,,,,Bacillariophyta,,,,,,,,,,,,,,,Mediophyceae,,Lithodesmiophycidae,,Lithodesmiales,,,,Lithodesmiaceae,,,,Ditylum,,,Ditylum brightwellii,,,
512,49248,species,Ditylum brightwellii,root,cellular organisms,Eukaryota,Stramenopiles,,,,,,Bacillariophyta,,,,,,,,,,,,,,,Mediophyceae,,Lithodesmiophycidae,,Lithodesmiales,,,,Lithodesmiaceae,,,,Ditylum,,,Ditylum brightwellii,,,
515,49247,genus,Helicotheca,root,cellular organisms,Eukaryota,Stramenopiles,,,,,,Bacillariophyta,,,,,,,,,,,,,,,Mediophyceae,,Lithodesmiophycidae,,Lithodesmiales,,,,Lithodesmiaceae,,,,Helicotheca,,,,,,
519,33839,genus,Odontella,root,cellular organisms,Eukaryota,Stramenopiles,,,,,,Bacillariophyta,,,,,,,,,,,,,,,Mediophyceae,,Biddulphiophycidae,,Eupodiscales,,,,Eupodiscaceae,,,,Odontella,,,,,,
520,1003065,species,Triceratium dubium,root,cellular organisms,Eukaryota,Stramenopiles,,,,,,Bacillariophyta,,,,,,,,,,,,,,,Mediophyceae,,Biddulphiophycidae,,Triceratiales,,,,Triceratiaceae,,,,Triceratium,,,Triceratium dubium,,,
526,33639,species,Asterionellopsis glacialis,root,cellular organisms,Eukaryota,Stramenopiles,,,,,,Bacillariophyta,,,,,,,,,,,,,,,Fragilariophyceae,,Fragilariophycidae,,Fragilariales,,,,Fragilariaceae,,,,Asterionellopsis,,,Asterionellopsis glacialis,,,
527,33639,species,Asterionellopsis glacialis,root,cellular organisms,Eukaryota,Stramenopiles,,,,,,Bacillariophyta,,,,,,,,,,,,,,,Fragilariophyceae,,Fragilariophycidae,,Fragilariales,,,,Fragilariaceae,,,,Asterionellopsis,,,Asterionellopsis glacialis,,,
529,59796,species,Amphora coffeiformis,root,cellular organisms,Eukaryota,Stramenopiles,,,,,,Bacillariophyta,,,,,,,,,,,,,,,Bacillariophyceae,Bacillariophycidae,,,Thalassiophysales,,,,Catenulaceae,,,,Amphora,,,Amphora coffeiformis,,,
530,186042,species,Entomoneis sp.,root,cellular organisms,Eukaryota,Stramenopiles,,,,,,Bacillariophyta,,,,,,,,,,,,,,,Bacillariophyceae,Bacillariophycidae,,,,,,,Entomoneidaceae,,,,Entomoneis,,,Entomoneis sp.,,,
531,265535,genus,Amphiprora,root,cellular organisms,Eukaryota,Stramenopiles,,,,,,Bacillariophyta,,,,,,,,,,,,,,,Bacillariophyceae,Bacillariophycidae,,,Naviculales,,,,Amphipleuraceae,,,,Amphiprora,,,,,,
534,33852,genus,Nitzschia,root,cellular organisms,Eukaryota,Stramenopiles,,,,,,Bacillariophyta,,,,,,,,,,,,,,,Bacillariophyceae,Bacillariophycidae,,,Bacillariales,,,,Bacillariaceae,,,,Nitzschia,,,,,,
535,913972,species,Tryblionella compressa,root,cellular organisms,Eukaryota,Stramenopiles,,,,,,Bacillariophyta,,,,,,,,,,,,,,,Bacillariophyceae,Bacillariophycidae,,,Bacillariales,,,,Bacillariaceae,,,,Tryblionella,,,Tryblionella compressa,,,
537,41953,species,Pseudo-nitzschia fraudulenta,root,cellular organisms,Eukaryota,Stramenopiles,,,,,,Bacillariophyta,,,,,,,,,,,,,,,Bacillariophyceae,Bacillariophycidae,,,Bacillariales,,,,Bacillariaceae,,,,Pseudo-nitzschia,,,Pseudo-nitzschia fraudulenta,,,
538,41953,species,Pseudo-nitzschia heimii,root,cellular organisms,Eukaryota,Stramenopiles,,,,,,Bacillariophyta,,,,,,,,,,,,,,,Bacillariophyceae,Bacillariophycidae,,,Bacillariales,,,,Bacillariaceae,,,,Pseudo-nitzschia,,,Pseudo-nitzschia heimii,,,
539,41953,species,Pseudo-nitzschia arenysensis,root,cellular organisms,Eukaryota,Stramenopiles,,,,,,Bacillariophyta,,,,,,,,,,,,,,,Bacillariophyceae,Bacillariophycidae,,,Bacillariales,,,,Bacillariaceae,,,,Pseudo-nitzschia,,,Pseudo-nitzschia arenysensis,,,
540,41953,species,Pseudo-nitzschia delicatissima,root,cellular organisms,Eukaryota,Stramenopiles,,,,,,Bacillariophyta,,,,,,,,,,,,,,,Bacillariophyceae,Bacillariophycidae,,,Bacillariales,,,,Bacillariaceae,,,,Pseudo-nitzschia,,,Pseudo-nitzschia delicatissima,,,
543,41953,species,Pseudo-nitzschia australis,root,cellular organisms,Eukaryota,Stramenopiles,,,,,,Bacillariophyta,,,,,,,,,,,,,,,Bacillariophyceae,Bacillariophycidae,,,Bacillariales,,,,Bacillariaceae,,,,Pseudo-nitzschia,,,Pseudo-nitzschia australis,,,
544,41953,species,Pseudo-nitzschia pungens,root,cellular organisms,Eukaryota,Stramenopiles,,,,,,Bacillariophyta,,,,,,,,,,,,,,,Bacillariophyceae,Bacillariophycidae,,,Bacillariales,,,,Bacillariaceae,,,,Pseudo-nitzschia,,,Pseudo-nitzschia pungens,,,
548,186035,species,Fragilariopsis kerguelensis,root,cellular organisms,Eukaryota,Stramenopiles,,,,,,Bacillariophyta,,,,,,,,,,,,,,,Bacillariophyceae,Bacillariophycidae,,,Bacillariales,,,,Bacillariaceae,,,,Fragilariopsis,,,Fragilariopsis kerguelensis,,,
549,186035,species,Fragilariopsis kerguelensis,root,cellular organisms,Eukaryota,Stramenopiles,,,,,,Bacillariophyta,,,,,,,,,,,,,,,Bacillariophyceae,Bacillariophycidae,,,Bacillariales,,,,Bacillariaceae,,,,Fragilariopsis,,,Fragilariopsis kerguelensis,,,
554,210617,species,Striatella unipunctata,root,cellular organisms,Eukaryota,Stramenopiles,,,,,,Bacillariophyta,,,,,,,,,,,,,,,Fragilariophyceae,,Fragilariophycidae,,Striatellales,,,,Striatellaceae,,,,Striatella,,,Striatella unipunctata,,,
556,210452,species,Grammatophora oceanica,root,cellular organisms,Eukaryota,Stramenopiles,,,,,,Bacillariophyta,,,,,,,,,,,,,,,Fragilariophyceae,,Fragilariophycidae,,Rhabdonematales,,,,Grammatophoraceae,,,,Grammatophora,,,Grammatophora oceanica,,,
557,515469,species,Thalassiothrix antarctica,root,cellular organisms,Eukaryota,Stramenopiles,,,,,,Bacillariophyta,,,,,,,,,,,,,,,Fragilariophyceae,,Fragilariophycidae,,Thalassionemales,,,,Thalassionemataceae,,,,Thalassiothrix,,,Thalassiothrix antarctica,,,
558,33648,species,Thalassionema frauenfeldii,root,cellular organisms,Eukaryota,Stramenopiles,,,,,,Bacillariophyta,,,,,,,,,,,,,,,Fragilariophyceae,,Fragilariophycidae,,Thalassionemales,,,,Thalassionemataceae,,,,Thalassionema,,,Thalassionema frauenfeldii,,,
559,33648,species,Thalassionema nitzschioides,root,cellular organisms,Eukaryota,Stramenopiles,,,,,,Bacillariophyta,,,,,,,,,,,,,,,Fragilariophyceae,,Fragilariophycidae,,Thalassionemales,,,,Thalassionemataceae,,,,Thalassionema,,,Thalassionema nitzschioides,,,
560,33648,species,Thalassionema nitzschioides,root,cellular organisms,Eukaryota,Stramenopiles,,,,,,Bacillariophyta,,,,,,,,,,,,,,,Fragilariophyceae,,Fragilariophycidae,,Thalassionemales,,,,Thalassionemataceae,,,,Thalassionema,,,Thalassionema nitzschioides,,,
564,186019,species,Synedropsis cf. recta,root,cellular organisms,Eukaryota,Stramenopiles,,,,,,Bacillariophyta,,,,,,,,,,,,,,,Fragilariophyceae,,Fragilariophycidae,,Fragilariales,,,,Fragilariaceae,,,,Synedropsis,,,Synedropsis cf. recta,,,
566,216819,species,Cyclophora tenuis,root,cellular organisms,Eukaryota,Stramenopiles,,,,,,Bacillariophyta,,,,,,,,,,,,,,,Fragilariophyceae,,Fragilariophycidae,,Cyclophorales,,,,Cyclophoraceae,,,,Cyclophora,,,Cyclophora tenuis,,,
567,1246681,species,Astrosyne radiata,root,cellular organisms,Eukaryota,Stramenopiles,,,,,,Bacillariophyta,,,,,,,,,,,,,,,Fragilariophyceae,,Fragilariophycidae,,Cyclophorales,,,,Cyclophoraceae,,,,Astrosyne,,,Astrosyne radiata,,,
574,216776,species,Proboscia inermis,root,cellular organisms,Eukaryota,Stramenopiles,,,,,,Bacillariophyta,,,,,,,,,,,,,,,Coscinodiscophyceae,,Rhizosoleniophycidae,,Rhizosoleniales,,,,Rhizosoleniaceae,,,,Proboscia,,,Proboscia inermis,,,
575,216776,species,Proboscia alata,root,cellular organisms,Eukaryota,Stramenopiles,,,,,,Bacillariophyta,,,,,,,,,,,,,,,Coscinodiscophyceae,,Rhizosoleniophycidae,,Rhizosoleniales,,,,Rhizosoleniaceae,,,,Proboscia,,,Proboscia alata,,,
577,33641,species,Coscinodiscus wailesii,root,cellular organisms,Eukaryota,Stramenopiles,,,,,,Bacillariophyta,,,,,,,,,,,,,,,Coscinodiscophyceae,,Coscinodiscophycidae,,Coscinodiscales,,,,Coscinodiscaceae,,,,Coscinodiscus,,,Coscinodiscus wailesii,,,
579,49233,species,Aulacoseira subarctica,root,cellular organisms,Eukaryota,Stramenopiles,,,,,,Bacillariophyta,,,,,,,,,,,,,,,Coscinodiscophyceae,,Coscinodiscophycidae,,,,,,Aulacoseiraceae,,,,Aulacoseira,,,Aulacoseira subarctica,,,
580,3006,species,Stephanopyxis turris,root,cellular organisms,Eukaryota,Stramenopiles,,,,,,Bacillariophyta,,,,,,,,,,,,,,,Coscinodiscophyceae,,Coscinodiscophycidae,,Melosirales,,,,Stephanopyxidaceae,,,,Stephanopyxis,,,Stephanopyxis turris,,,
584,49242,species,Corethron hystrix,root,cellular organisms,Eukaryota,Stramenopiles,,,,,,Bacillariophyta,,,,,,,,,,,,,,,Coscinodiscophyceae,,Corethrophycidae,,Corethrales,,,,Corethraceae,,,,Corethron,,,Corethron hystrix,,,
585,49242,species,Corethron pennatum,root,cellular organisms,Eukaryota,Stramenopiles,,,,,,Bacillariophyta,,,,,,,,,,,,,,,Coscinodiscophyceae,,Corethrophycidae,,Corethrales,,,,Corethraceae,,,,Corethron,,,Corethron pennatum,,,
587,3004,species,Rhizosolenia setigera,root,cellular organisms,Eukaryota,Stramenopiles,,,,,,Bacillariophyta,,,,,,,,,,,,,,,Coscinodiscophyceae,,Rhizosoleniophycidae,,Rhizosoleniales,,,,Rhizosoleniaceae,,,,Rhizosolenia,,,Rhizosolenia setigera,,,
589,163515,species,Leptocylindrus danicus,root,cellular organisms,Eukaryota,Stramenopiles,,,,,,Bacillariophyta,,,,,,,,,,,,,,,Coscinodiscophyceae,,Chaetocerotophycidae,,Leptocylindrales,,,,Leptocylindraceae,,,,Leptocylindrus,,,Leptocylindrus danicus,,,
590,163515,species,Leptocylindrus danicus,root,cellular organisms,Eukaryota,Stramenopiles,,,,,,Bacillariophyta,,,,,,,,,,,,,,,Coscinodiscophyceae,,Chaetocerotophycidae,,Leptocylindrales,,,,Leptocylindraceae,,,,Leptocylindrus,,,Leptocylindrus danicus,,,
599,98651,genus,Ochromonas,root,cellular organisms,Eukaryota,Stramenopiles,,,,,,,,,,,,,,,,,,,,,Chrysophyceae,,,,Chromulinales,,,,Chromulinaceae,,,,Ochromonas,,,,,,
603,98651,genus,Ochromonas,root,cellular organisms,Eukaryota,Stramenopiles,,,,,,,,,,,,,,,,,,,,,Chrysophyceae,,,,Chromulinales,,,,Chromulinaceae,,,,Ochromonas,,,,,,
606,2985,species,Ochromonas sp. CCMP1393,root,cellular organisms,Eukaryota,Stramenopiles,,,,,,,,,,,,,,,,,,,,,Chrysophyceae,,,,Chromulinales,,,,Chromulinaceae,,,,Ochromonas,,,Ochromonas sp. CCMP1393,,,
108,1,,,,,,,,,,,,,,,,,,,,,,,,,,,,,,,,,,,,,,,,,,,,,
344,1,,,,,,,,,,,,,,,,,,,,,,,,,,,,,,,,,,,,,,,,,,,,,
350,1,,,,,,,,,,,,,,,,,,,,,,,,,,,,,,,,,,,,,,,,,,,,,
446,1,,,,,,,,,,,,,,,,,,,,,,,,,,,,,,,,,,,,,,,,,,,,,
522,1,,,,,,,,,,,,,,,,,,,,,,,,,,,,,,,,,,,,,,,,,,,,,
