# assembly_accession,bioproject,biosample,wgs_master,refseq_category,taxid,species_taxid,organism_name,infraspecific_name,isolate,version_status,assembly_level,release_type,genome_rep,seq_rel_date,asm_name,submitter,gbrs_paired_asm,paired_asm_comp,ftp_path,excluded_from_refseq,relation_to_type_material,n16S,nge,ncds,genome_size,tax_name,phi,GC
GCF_000762265.1,PRJNA224116,SAMN03085433,,representative genome,2162,2162,Methanobacterium formicicum,strain=BRM9,,latest,Complete Genome,Major,Full,2014/10/02,ASM76226v1,PGgRc,GCA_000762265.1,identical,ftp://ftp.ncbi.nlm.nih.gov/genomes/all/GCF/000/762/265/GCF_000762265.1_ASM76226v1,,,2.0,1.0,2317.0,2449987.0,GCF_000762265.1_Methanobacterium formicicum_strain=BRM9,0.79878775667,41.339525475
GCF_000953115.1,PRJNA224116,SAMEA2724982,,na,2162,2162,Methanobacterium formicicum,,,latest,Complete Genome,Major,Full,2014/09/10,DSM1535,CEBITEC,GCA_000953115.1,identical,ftp://ftp.ncbi.nlm.nih.gov/genomes/all/GCF/000/953/115/GCF_000953115.1_DSM1535,,,2.0,1.0,2329.0,2478074.0,,,41.2305282247
GCF_001458655.1,PRJNA224116,SAMEA2779801,,na,2162,2162,Methanobacterium formicicum,,Mb9,latest,Complete Genome,Major,Full,2015/11/16,Mb9,CEBITEC,GCA_001458655.1,identical,ftp://ftp.ncbi.nlm.nih.gov/genomes/all/GCF/001/458/655/GCF_001458655.1_Mb9,,,2.0,1.0,2320.0,2494510.0,,,41.1437115907
GCF_000016525.1,PRJNA224116,SAMN02604313,,representative genome,420247,2173,Methanobrevibacter smithii ATCC 35061,strain=ATCC 35061; PS; DSMZ 861,,latest,Complete Genome,Major,Full,2007/06/04,ASM1652v1,Washington University Center for Genome Sciences,GCA_000016525.1,identical,ftp://ftp.ncbi.nlm.nih.gov/genomes/all/GCF/000/016/525/GCF_000016525.1_ASM1652v1,,assembly from type material,2.0,1.0,1699.0,1853160.0,GCF_000016525.1_Methanobrevibacter smithii ATCC 35061_strain=ATCC 35061; PS; DSMZ 861,0.759761152572,31.0342334175
GCF_000025865.1,PRJNA224116,SAMN02598474,,representative genome,547558,2176,Methanohalophilus mahii DSM 5219,strain=DSM 5219,,latest,Complete Genome,Major,Full,2010/03/31,ASM2586v1,US DOE Joint Genome Institute (JGI-PGF),GCA_000025865.1,identical,ftp://ftp.ncbi.nlm.nih.gov/genomes/all/GCF/000/025/865/GCF_000025865.1_ASM2586v1,,assembly from type material,3.0,1.0,1945.0,2012424.0,GCF_000025865.1_Methanohalophilus mahii DSM 5219_strain=DSM 5219,0.602628171847,42.6182057062
GCF_001889405.1,PRJNA224116,SAMN05756399,,representative genome,2177,2177,Methanohalophilus halophilus,strain=Z-7982,,latest,Complete Genome,Major,Full,2016/12/06,ASM188940v1,UBO,GCA_001889405.1,identical,ftp://ftp.ncbi.nlm.nih.gov/genomes/all/GCF/001/889/405/GCF_001889405.1_ASM188940v1,,assembly from type material,2.0,1.0,1981.0,2022959.0,GCF_001889405.1_Methanohalophilus halophilus_strain=Z-7982,0.588597338351,42.4004144424
GCF_000166095.1,PRJNA224116,SAMN02232040,,representative genome,523846,2180,Methanothermus fervidus DSM 2088,strain=DSM 2088,,latest,Complete Genome,Major,Full,2010/11/05,ASM16609v1,US DOE Joint Genome Institute (JGI-PGF),GCA_000166095.1,identical,ftp://ftp.ncbi.nlm.nih.gov/genomes/all/GCF/000/166/095/GCF_000166095.1_ASM16609v1,,assembly from type material,2.0,1.0,1290.0,1243342.0,GCF_000166095.1_Methanothermus fervidus DSM 2088_strain=DSM 2088,1.0,31.6369912703
GCF_000017165.1,PRJNA224116,SAMN02598403,,representative genome,406327,2187,Methanococcus vannielii SB,strain=SB,,latest,Complete Genome,Major,Full,2007/06/29,ASM1716v1,US DOE Joint Genome Institute (JGI-PGF),GCA_000017165.1,identical,ftp://ftp.ncbi.nlm.nih.gov/genomes/all/GCF/000/017/165/GCF_000017165.1_ASM1716v1,,assembly from type material,4.0,1.0,1658.0,1720048.0,GCF_000017165.1_Methanococcus vannielii SB_strain=SB,0.68183075557,31.328311768
GCF_000006175.1,PRJNA224116,SAMN00000040,,representative genome,456320,2188,Methanococcus voltae A3,strain=A3,,latest,Complete Genome,Major,Full,2010/06/03,ASM617v2,US DOE Joint Genome Institute (JGI-PGF),GCA_000006175.2,identical,ftp://ftp.ncbi.nlm.nih.gov/genomes/all/GCF/000/006/175/GCF_000006175.1_ASM617v2,,,2.0,1.0,1601.0,1936387.0,GCF_000006175.1_Methanococcus voltae A3_strain=A3,0.681794486792,28.5945939526
GCF_000214415.1,PRJNA224116,SAMN00713627,,representative genome,880724,2189,Methanotorris igneus Kol 5,strain=Kol 5,,latest,Complete Genome,Major,Full,2011/05/23,ASM21441v1,US DOE Joint Genome Institute,GCA_000214415.1,identical,ftp://ftp.ncbi.nlm.nih.gov/genomes/all/GCF/000/214/415/GCF_000214415.1_ASM21441v1,,assembly from type material,2.0,1.0,1727.0,1854197.0,GCF_000214415.1_Methanotorris igneus Kol 5_strain=Kol 5,0.91431443556,32.2999120374
GCF_000091665.1,PRJNA224116,SAMN02603984,,representative genome,243232,2190,Methanocaldococcus jannaschii DSM 2661,strain=DSM 2661,,latest,Complete Genome,Major,Full,1999/12/22,ASM9166v1,TIGR,GCA_000091665.1,identical,ftp://ftp.ncbi.nlm.nih.gov/genomes/all/GCF/000/091/665/GCF_000091665.1_ASM9166v1,,assembly from type material,2.0,3.0,1764.0,1739927.0,GCF_000091665.1_Methanocaldococcus jannaschii DSM 2661_strain=DSM 2661,0.916310166833,31.2935542698
GCF_000015825.1,PRJNA224116,SAMN02598365,,representative genome,368407,2198,Methanoculleus marisnigri JR1,strain=JR1,,latest,Complete Genome,Major,Full,2007/02/16,ASM1582v1,DOE Joint Genome Institute,GCA_000015825.1,identical,ftp://ftp.ncbi.nlm.nih.gov/genomes/all/GCF/000/015/825/GCF_000015825.1_ASM1582v1,,assembly from type material,1.0,1.0,2378.0,2478101.0,GCF_000015825.1_Methanoculleus marisnigri JR1_strain=JR1,0.702829000375,62.0628860567
GCF_000013445.1,PRJNA224116,SAMN02598287,,representative genome,323259,2203,Methanospirillum hungatei JF-1,strain=JF-1,,latest,Complete Genome,Major,Full,2006/02/17,ASM1344v1,DOE Joint Genome Institute,GCA_000013445.1,identical,ftp://ftp.ncbi.nlm.nih.gov/genomes/all/GCF/000/013/445/GCF_000013445.1_ASM1344v1,,assembly from type material,4.0,1.0,3249.0,3544738.0,GCF_000013445.1_Methanospirillum hungatei JF-1_strain=JF-1,0.626871649477,45.1490349921
GCF_000195895.1,PRJNA224116,SAMN02598252,,na,269797,2208,Methanosarcina barkeri str. Fusaro,strain=Fusaro,,latest,Complete Genome,Major,Full,2005/08/12,ASM19589v1,DOE Joint Genome Institute,GCA_000195895.1,identical,ftp://ftp.ncbi.nlm.nih.gov/genomes/all/GCF/000/195/895/GCF_000195895.1_ASM19589v1,,,3.0,2.0,3746.0,4873766.0,GCF_000195895.1_Methanosarcina barkeri str. Fusaro_strain=Fusaro,0.579535894376,39.2336439624
GCF_000969985.1,PRJNA224116,SAMN03074576,,na,1434109,2208,Methanosarcina barkeri str. Wiesmoor,strain=Wiesmoor,,latest,Complete Genome,Major,Full,2015/04/07,ASM96998v1,University of Illinois at Urbana-Champaign,GCA_000969985.1,identical,ftp://ftp.ncbi.nlm.nih.gov/genomes/all/GCF/000/969/985/GCF_000969985.1_ASM96998v1,,,3.0,2.0,3774.0,4907186.0,,,39.2493783606
GCF_000970025.1,PRJNA224116,SAMN03074575,,representative genome,1434108,2208,Methanosarcina barkeri MS,strain=MS,,latest,Complete Genome,Major,Full,2015/04/07,ASM97002v1,University of Illinois at Urbana-Champaign,GCA_000970025.1,identical,ftp://ftp.ncbi.nlm.nih.gov/genomes/all/GCF/000/970/025/GCF_000970025.1_ASM97002v1,,assembly from type material,3.0,2.0,3433.0,4574907.0,GCF_000970025.1_Methanosarcina barkeri MS_strain=MS,0.571383917034,39.1943267918
GCF_000970065.1,PRJNA224116,SAMN03074573,,na,1434106,2208,Methanosarcina barkeri 227,strain=227,,latest,Complete Genome,Major,Full,2015/04/07,ASM97006v1,University of Illinois at Urbana-Champaign,GCA_000970065.1,identical,ftp://ftp.ncbi.nlm.nih.gov/genomes/all/GCF/000/970/065/GCF_000970065.1_ASM97006v1,,,3.0,2.0,3410.0,4487566.0,GCF_000970065.1_Methanosarcina barkeri 227_strain=227,0.569898433309,39.2226431879
GCF_000970305.1,PRJNA224116,SAMN03074574,,representative genome,1434107,2208,Methanosarcina barkeri 3,strain=3,,latest,Complete Genome,Major,Full,2015/04/07,ASM97030v1,University of Illinois at Urbana-Champaign,GCA_000970305.1,identical,ftp://ftp.ncbi.nlm.nih.gov/genomes/all/GCF/000/970/305/GCF_000970305.1_ASM97030v1,,,3.0,1.0,3546.0,4560446.0,GCF_000970305.1_Methanosarcina barkeri 3_strain=3,0.576267861548,39.0806074669
GCF_001027005.1,PRJNA224116,SAMN02866457,,na,796385,2208,Methanosarcina barkeri CM1,strain=CM1,,latest,Complete Genome,Major,Full,2015/06/03,ASM102700v1,PGgRc,GCA_001027005.1,identical,ftp://ftp.ncbi.nlm.nih.gov/genomes/all/GCF/001/027/005/GCF_001027005.1_ASM102700v1,,,3.0,1.0,3420.0,4501171.0,,,39.1780272289
GCF_000007065.1,PRJNA224116,SAMN02603290,,na,192952,2209,Methanosarcina mazei Go1,strain=Go1,,latest,Complete Genome,Major,Full,2002/05/20,ASM706v1,Gottingen Genomics Laboratory,GCA_000007065.1,identical,ftp://ftp.ncbi.nlm.nih.gov/genomes/all/GCF/000/007/065/GCF_000007065.1_ASM706v1,,,3.0,1.0,3311.0,4096345.0,GCF_000007065.1_Methanosarcina mazei Go1_strain=Go1,0.567224150999,41.484909108
GCF_000970165.1,PRJNA224116,SAMN03074586,,na,1434117,2209,Methanosarcina mazei WWM610,strain=WWM610,,latest,Complete Genome,Major,Full,2015/04/07,ASM97016v1,University of Illinois at Urbana-Champaign,GCA_000970165.1,identical,ftp://ftp.ncbi.nlm.nih.gov/genomes/all/GCF/000/970/165/GCF_000970165.1_ASM97016v1,,,3.0,1.0,3292.0,4096482.0,GCF_000970165.1_Methanosarcina mazei WWM610_strain=WWM610,0.570029187984,41.4574261525
GCF_000970185.1,PRJNA224116,SAMN03074584,,na,1434115,2209,Methanosarcina mazei SarPi,strain=SarPi,,latest,Complete Genome,Major,Full,2015/04/07,ASM97018v1,University of Illinois at Urbana-Champaign,GCA_000970185.1,identical,ftp://ftp.ncbi.nlm.nih.gov/genomes/all/GCF/000/970/185/GCF_000970185.1_ASM97018v1,,,3.0,1.0,3241.0,4066551.0,,,41.4870488529
GCF_000970205.1,PRJNA224116,SAMN03074583,,representative genome,213585,2209,Methanosarcina mazei S-6,strain=S-6,,latest,Complete Genome,Major,Full,2015/04/07,ASM97020v1,University of Illinois at Urbana-Champaign,GCA_000970205.1,identical,ftp://ftp.ncbi.nlm.nih.gov/genomes/all/GCF/000/970/205/GCF_000970205.1_ASM97020v1,,assembly from type material,3.0,1.0,3347.0,4142816.0,,,41.4207147988
GCF_000970225.1,PRJNA224116,SAMN03074582,,na,1434114,2209,Methanosarcina mazei LYC,strain=LYC,,latest,Complete Genome,Major,Full,2015/04/07,ASM97022v1,University of Illinois at Urbana-Champaign,GCA_000970225.1,identical,ftp://ftp.ncbi.nlm.nih.gov/genomes/all/GCF/000/970/225/GCF_000970225.1_ASM97022v1,,,3.0,1.0,3360.0,4154344.0,,,41.3905781514
GCF_000970245.1,PRJNA224116,SAMN03074581,,na,1434113,2209,Methanosarcina mazei C16,strain=C16,,latest,Complete Genome,Major,Full,2015/04/07,ASM97024v1,University of Illinois at Urbana-Champaign,GCA_000970245.1,identical,ftp://ftp.ncbi.nlm.nih.gov/genomes/all/GCF/000/970/245/GCF_000970245.1_ASM97024v1,,assembly from type material,3.0,1.0,3330.0,4166241.0,,,41.4876143747
GCF_000969885.1,PRJNA224116,SAMN03074597,,representative genome,523844,2210,Methanosarcina thermophila TM-1,strain=TM-1,,latest,Complete Genome,Major,Full,2015/04/07,ASM96988v1,University of Illinois at Urbana-Champaign,GCA_000969885.1,identical,ftp://ftp.ncbi.nlm.nih.gov/genomes/all/GCF/000/969/885/GCF_000969885.1_ASM96988v1,,assembly from type material,3.0,1.0,2576.0,3127379.0,GCF_000969885.1_Methanosarcina thermophila TM-1_strain=TM-1,0.574370210546,41.1499853392
GCF_000007345.1,PRJNA224116,SAMN03081414,,representative genome,188937,2214,Methanosarcina acetivorans C2A,strain=C2A,,latest,Complete Genome,Major,Full,2002/04/03,ASM734v1,Broad Institute,GCA_000007345.1,identical,ftp://ftp.ncbi.nlm.nih.gov/genomes/all/GCF/000/007/345/GCF_000007345.1_ASM734v1,,assembly from type material,3.0,1.0,4523.0,5751492.0,GCF_000007345.1_Methanosarcina acetivorans C2A_strain=C2A,0.574700492686,42.6808904542
GCF_000969905.1,PRJNA224116,SAMN03074598,,representative genome,1434123,2215,Methanosarcina vacuolata Z-761,strain=Z-761,,latest,Complete Genome,Major,Full,2015/04/07,ASM96990v1,University of Illinois at Urbana-Champaign,GCA_000969905.1,identical,ftp://ftp.ncbi.nlm.nih.gov/genomes/all/GCF/000/969/905/GCF_000969905.1_ASM96990v1,,assembly from type material,3.0,2.0,3490.0,4563885.0,GCF_000969905.1_Methanosarcina vacuolata Z-761_strain=Z-761,0.596483574465,39.7128323786
GCF_000204415.1,PRJNA224116,SAMN02604263,,representative genome,990316,2223,Methanosaeta concilii GP6,strain=GP6,,latest,Complete Genome,Major,Full,2011/04/15,ASM20441v1,University of Wisconsin-Parkside,GCA_000204415.1,identical,ftp://ftp.ncbi.nlm.nih.gov/genomes/all/GCF/000/204/415/GCF_000204415.1_ASM20441v1,,assembly from type material,2.0,2.0,2824.0,3026645.0,GCF_000204415.1_Methanosaeta concilii GP6_strain=GP6,0.685250533324,50.9878099348
GCF_000970325.1,PRJNA224116,SAMN03074571,,representative genome,1434104,2226,Methanococcoides methylutens MM1,strain=MM1,,latest,Complete Genome,Major,Full,2015/04/07,ASM97032v1,University of Illinois at Urbana-Champaign,GCA_000970325.1,identical,ftp://ftp.ncbi.nlm.nih.gov/genomes/all/GCF/000/970/325/GCF_000970325.1_ASM97032v1,,,3.0,1.0,2249.0,2394636.0,GCF_000970325.1_Methanococcoides methylutens MM1_strain=MM1,0.631906330371,44.0232252417
GCF_000008665.1,PRJNA224116,SAMN02603985,,representative genome,224325,2234,Archaeoglobus fulgidus DSM 4304,strain=DSM 4304,,latest,Complete Genome,Major,Full,1999/12/22,ASM866v1,TIGR,GCA_000008665.1,identical,ftp://ftp.ncbi.nlm.nih.gov/genomes/all/GCF/000/008/665/GCF_000008665.1_ASM866v1,,assembly from type material,1.0,1.0,2342.0,2178400.0,GCF_000008665.1_Archaeoglobus fulgidus DSM 4304_strain=DSM 4304,0.797226505122,48.5816654425
GCF_000734035.1,PRJNA224116,SAMN03081472,,na,1344584,2234,Archaeoglobus fulgidus DSM 8774,strain=DSM 8774,,latest,Complete Genome,Major,Full,2014/07/28,ASM73403v1,University Bergen,GCA_000734035.1,identical,ftp://ftp.ncbi.nlm.nih.gov/genomes/all/GCF/000/734/035/GCF_000734035.1_ASM73403v1,,,1.0,1.0,2479.0,2316287.0,GCF_000734035.1_Archaeoglobus fulgidus DSM 8774_strain=DSM 8774,0.807244796101,48.0765121075
GCF_000011085.1,PRJNA224116,SAMN02603385,,na,272569,2238,Haloarcula marismortui ATCC 43049,strain=ATCC 43049,,latest,Complete Genome,Major,Full,2004/11/02,ASM1108v1,Institute for Systems Biology,GCA_000011085.1,identical,ftp://ftp.ncbi.nlm.nih.gov/genomes/all/GCF/000/011/085/GCF_000011085.1_ASM1108v1,,assembly from type material,3.0,9.0,4089.0,4274642.0,GCF_000011085.1_Haloarcula marismortui ATCC 43049_strain=ATCC 43049,0.286166310166,61.1188024635
GCF_000006805.1,PRJNA224116,SAMN02604216,,representative genome,64091,2242,Halobacterium salinarum NRC-1,strain=NRC-1; ATCC 700922,,latest,Complete Genome,Major,Full,2001/01/09,ASM680v1,"University of Massachusetts-Amherst, University of Washington",GCA_000006805.1,identical,ftp://ftp.ncbi.nlm.nih.gov/genomes/all/GCF/000/006/805/GCF_000006805.1_ASM680v1,,assembly from proxytype material,1.0,3.0,2342.0,2571010.0,GCF_000006805.1_Halobacterium salinarum NRC-1_strain=NRC-1; ATCC 700922,0.581094341872,65.9335047316
GCF_000069025.1,PRJNA224116,SAMEA3138275,,na,478009,2242,Halobacterium salinarum R1,strain=DSM 671 = R1,,latest,Complete Genome,Major,Full,2008/02/12,ASM6902v1,Max Planck Institute,GCA_000069025.1,identical,ftp://ftp.ncbi.nlm.nih.gov/genomes/all/GCF/000/069/025/GCF_000069025.1_ASM6902v1,,assembly from proxytype material,1.0,5.0,2478.0,2668776.0,,,65.7105729368
GCF_000025685.1,PRJNA224116,SAMN02604027,,representative genome,309800,2246,Haloferax volcanii DS2,strain=DS2,,latest,Complete Genome,Major,Full,2010/03/23,ASM2568v1,TIGR,GCA_000025685.1,identical,ftp://ftp.ncbi.nlm.nih.gov/genomes/all/GCF/000/025/685/GCF_000025685.1_ASM2568v1,,assembly from type material,2.0,5.0,3776.0,4012900.0,GCF_000025685.1_Haloferax volcanii DS2_strain=DS2,0.486954315938,65.479902315
GCF_000022205.1,PRJNA224116,SAMN02598407,,representative genome,416348,2247,Halorubrum lacusprofundi ATCC 49239,strain=ATCC 49239,,latest,Complete Genome,Major,Full,2009/02/04,ASM2220v1,US DOE Joint Genome Institute (JGI-PGF),GCA_000022205.1,identical,ftp://ftp.ncbi.nlm.nih.gov/genomes/all/GCF/000/022/205/GCF_000022205.1_ASM2220v1,,assembly from type material,3.0,3.0,3319.0,3692576.0,GCF_000022205.1_Halorubrum lacusprofundi ATCC 49239_strain=ATCC 49239,0.366642672226,63.9719805361
GCF_000306765.2,PRJNA224116,SAMN02603397,,representative genome,523841,2252,Haloferax mediterranei ATCC 33500,strain=CGMCC 1.2087,,latest,Complete Genome,Major,Full,2014/05/27,ASM30676v2,"Institute of Microbiology, Chinese Academy of Sciences",GCA_000306765.2,identical,ftp://ftp.ncbi.nlm.nih.gov/genomes/all/GCF/000/306/765/GCF_000306765.2_ASM30676v2,,assembly from type material,2.0,4.0,3715.0,3904707.0,GCF_000306765.2_Haloferax mediterranei ATCC 33500_strain=CGMCC 1.2087,0.451942442016,60.2709242973
GCF_000026045.1,PRJNA224116,SAMEA3138222,,representative genome,348780,2257,Natronomonas pharaonis DSM 2160,strain=Gabara,,latest,Complete Genome,Major,Full,2005/09/28,ASM2604v1,Max Planck Institute,GCA_000026045.1,identical,ftp://ftp.ncbi.nlm.nih.gov/genomes/all/GCF/000/026/045/GCF_000026045.1_ASM2604v1,,assembly from type material,1.0,3.0,2680.0,2749696.0,GCF_000026045.1_Natronomonas pharaonis DSM 2160_strain=Gabara,0.656663561222,63.1196685015
GCF_000007305.1,PRJNA224116,SAMN02604284,,representative genome,186497,2261,Pyrococcus furiosus DSM 3638,strain=DSM 3638,,latest,Complete Genome,Major,Full,2002/02/27,ASM730v1,Utah Genome Center,GCA_000007305.1,identical,ftp://ftp.ncbi.nlm.nih.gov/genomes/all/GCF/000/007/305/GCF_000007305.1_ASM730v1,,assembly from type material,1.0,1.0,1969.0,1908256.0,GCF_000007305.1_Pyrococcus furiosus DSM 3638_strain=DSM 3638,0.884584677596,40.7698967015
GCF_000275605.1,PRJNA224116,SAMN02603219,,na,1185654,2261,Pyrococcus furiosus COM1,strain=COM1,,latest,Complete Genome,Major,Full,2012/06/29,ASM27560v1,ENIGMA- Ecosystems and Networks Integrated with Genes and Molecular Assemblies,GCA_000275605.1,identical,ftp://ftp.ncbi.nlm.nih.gov/genomes/all/GCF/000/275/605/GCF_000275605.1_ASM27560v1,,,1.0,1.0,1976.0,1909827.0,,,40.786888027
GCF_000246985.2,PRJNA224116,SAMN02603679,,representative genome,523849,2265,Thermococcus litoralis DSM 5473,strain=DSM 5473,,latest,Complete Genome,Major,Full,2013/08/13,ASM24698v3,"New England Biolabs, Inc.",GCA_000246985.3,identical,ftp://ftp.ncbi.nlm.nih.gov/genomes/all/GCF/000/246/985/GCF_000246985.2_ASM24698v3,,assembly from type material,1.0,1.0,2284.0,2215172.0,GCF_000246985.2_Thermococcus litoralis DSM 5473_strain=DSM 5473,0.923223946239,43.0871733662
GCF_000015225.1,PRJNA224116,SAMN02598366,,na,368408,2269,Thermofilum pendens Hrk 5,strain=Hrk 5,,latest,Complete Genome,Major,Full,2006/12/18,ASM1522v1,DOE Joint Genome Institute,GCA_000015225.1,identical,ftp://ftp.ncbi.nlm.nih.gov/genomes/all/GCF/000/015/225/GCF_000015225.1_ASM1522v1,,,1.0,2.0,1866.0,1813393.0,GCF_000015225.1_Thermofilum pendens Hrk 5_strain=Hrk 5,0.849022325658,57.646136276
GCF_000253055.1,PRJNA224116,SAMEA2272453,,na,768679,2271,Thermoproteus tenax Kra 1,strain=Kra 1,,latest,Complete Genome,Major,Full,2011/10/06,ASM25305v1,"University of Duisburg-Essen, Faculty of Chemistry, Molecular Enzyme Technology and Biochemistry",GCA_000253055.1,identical,ftp://ftp.ncbi.nlm.nih.gov/genomes/all/GCF/000/253/055/GCF_000253055.1_ASM25305v1,,assembly from type material,1.0,1.0,1957.0,1841542.0,GCF_000253055.1_Thermoproteus tenax Kra 1_strain=Kra 1,0.581381326264,55.1282566458
GCF_000186365.1,PRJNA224116,SAMN00103627,,representative genome,765177,2275,Desulfurococcus mucosus DSM 2162,strain=DSM 2162,,latest,Complete Genome,Major,Full,2011/01/20,ASM18636v1,US DOE Joint Genome Institute (JGI-PGF),GCA_000186365.1,identical,ftp://ftp.ncbi.nlm.nih.gov/genomes/all/GCF/000/186/365/GCF_000186365.1_ASM18636v1,,assembly from type material,1.0,1.0,1335.0,1314639.0,GCF_000186365.1_Desulfurococcus mucosus DSM 2162_strain=DSM 2162,0.879430696056,53.1416609427
GCF_000015205.1,PRJNA224116,SAMN02598374,,na,384616,2277,Pyrobaculum islandicum DSM 4184,strain=DSM 4184,,latest,Complete Genome,Major,Full,2006/12/20,ASM1520v1,DOE Joint Genome Institute,GCA_000015205.1,identical,ftp://ftp.ncbi.nlm.nih.gov/genomes/all/GCF/000/015/205/GCF_000015205.1_ASM1520v1,,assembly from type material,1.0,1.0,1965.0,1826402.0,GCF_000015205.1_Pyrobaculum islandicum DSM 4184_strain=DSM 4184,0.55565009775,49.5990477452
GCF_000015945.1,PRJNA224116,SAMN02598390,,na,399550,2280,Staphylothermus marinus F1,strain=F1,,latest,Complete Genome,Major,Full,2007/02/21,ASM1594v1,US DOE Joint Genome Institute,GCA_000015945.1,identical,ftp://ftp.ncbi.nlm.nih.gov/genomes/all/GCF/000/015/945/GCF_000015945.1_ASM1594v1,,assembly from type material,1.0,1.0,1598.0,1570485.0,GCF_000015945.1_Staphylothermus marinus F1_strain=F1,0.887586373992,35.7265430743
GCF_000012285.1,PRJNA224116,SAMN02603173,,representative genome,330779,2285,Sulfolobus acidocaldarius DSM 639,strain=DSM 639,,latest,Complete Genome,Major,Full,2005/07/05,ASM1228v1,Danish Archaea Centre,GCA_000012285.1,identical,ftp://ftp.ncbi.nlm.nih.gov/genomes/all/GCF/000/012/285/GCF_000012285.1_ASM1228v1,,assembly from type material,1.0,1.0,2224.0,2225959.0,GCF_000012285.1_Sulfolobus acidocaldarius DSM 639_strain=DSM 639,0.404082882249,36.7075943447
GCF_000338775.1,PRJNA224116,SAMN02604153,,na,1028567,2285,Sulfolobus acidocaldarius Ron12/I,strain=Ron12/I,,latest,Complete Genome,Major,Full,2013/02/08,ASM33877v1,University of Cincinnati,GCA_000338775.1,identical,ftp://ftp.ncbi.nlm.nih.gov/genomes/all/GCF/000/338/775/GCF_000338775.1_ASM33877v1,,,1.0,1.0,2227.0,2223983.0,,,36.7067554024
GCF_000340315.1,PRJNA224116,SAMN02604152,,na,1028566,2285,Sulfolobus acidocaldarius N8,strain=N8,,latest,Complete Genome,Major,Full,2013/02/08,ASM34031v1,University of Cincinnati,GCA_000340315.1,identical,ftp://ftp.ncbi.nlm.nih.gov/genomes/all/GCF/000/340/315/GCF_000340315.1_ASM34031v1,,,1.0,1.0,2188.0,2176362.0,,,36.6677050969
GCF_000007005.1,PRJNA224116,SAMN02603227,,na,273057,2287,Sulfolobus solfataricus P2,strain=P2,,latest,Complete Genome,Major,Full,2002/11/25,ASM700v1,European/Canadian Consortium,GCA_000007005.1,identical,ftp://ftp.ncbi.nlm.nih.gov/genomes/all/GCF/000/007/005/GCF_000007005.1_ASM700v1,,,1.0,1.0,2845.0,2992245.0,GCF_000007005.1_Sulfolobus solfataricus P2_strain=P2,0.406272166168,35.787176518
GCF_000024745.1,PRJNA224116,SAMN00120218,,na,555311,2287,Sulfolobus solfataricus 98/2,strain=98/2,,latest,Complete Genome,Major,Full,2009/10/20,ASM2474v1,US DOE Joint Genome Institute (JGI-PGF),GCA_000024745.1,identical,ftp://ftp.ncbi.nlm.nih.gov/genomes/all/GCF/000/024/745/GCF_000024745.1_ASM2474v1,,,1.0,1.0,2614.0,2668974.0,GCF_000024745.1_Sulfolobus solfataricus 98/2_strain=98/2,0.394638195159,35.825152287
GCF_000968355.1,PRJNA224116,SAMN03452281,,na,2287,2287,Sulfolobus solfataricus,strain=SULB,98/2,latest,Complete Genome,Major,Full,2015/04/02,ASM96835v1,University of Nebraska-Lincoln,GCA_000968355.1,identical,ftp://ftp.ncbi.nlm.nih.gov/genomes/all/GCF/000/968/355/GCF_000968355.1_ASM96835v1,,,1.0,1.0,2650.0,2727261.0,,,35.8598241972
GCF_000968395.1,PRJNA224116,SAMN03395044,,na,2287,2287,Sulfolobus solfataricus,strain=98/2 SULC,,latest,Complete Genome,Major,Full,2015/04/02,ASM96839v1,University of Nebraska-Lincoln,GCA_000968395.1,identical,ftp://ftp.ncbi.nlm.nih.gov/genomes/all/GCF/000/968/395/GCF_000968395.1_ASM96839v1,,,1.0,1.0,2645.0,2727312.0,,,35.8590802959
GCF_000968435.1,PRJNA224116,SAMN03452280,,na,2287,2287,Sulfolobus solfataricus,strain=SULA,98/2,latest,Complete Genome,Major,Full,2015/04/02,ASM96843v1,University of Nebraska-Lincoln,GCA_000968435.1,identical,ftp://ftp.ncbi.nlm.nih.gov/genomes/all/GCF/000/968/435/GCF_000968435.1_ASM96843v1,,,1.0,1.0,2646.0,2727337.0,,,35.8597049063
GCF_900079115.1,PRJNA224116,SAMEA3920617,,representative genome,2287,2287,Sulfolobus solfataricus,strain=P1,,latest,Complete Genome,Major,Full,2016/04/11,SSOP1,Institute of Biology,GCA_900079115.1,identical,ftp://ftp.ncbi.nlm.nih.gov/genomes/all/GCF/900/079/115/GCF_900079115.1_SSOP1,,,1.0,1.0,2904.0,3034024.0,,,35.8350164666
GCF_000195915.1,PRJNA224116,SAMEA3138325,,representative genome,273075,2303,Thermoplasma acidophilum DSM 1728,strain=DSM 1728,,latest,Complete Genome,Major,Full,2003/05/06,ASM19591v1,Max-Plank-Institute,GCA_000195915.1,identical,ftp://ftp.ncbi.nlm.nih.gov/genomes/all/GCF/000/195/915/GCF_000195915.1_ASM19591v1,,assembly from type material,1.0,1.0,1506.0,1564906.0,GCF_000195915.1_Thermoplasma acidophilum DSM 1728_strain=DSM 1728,0.371486647495,45.9943919954
GCF_000012545.1,PRJNA224116,SAMN02604180,,representative genome,339860,2317,Methanosphaera stadtmanae DSM 3091,strain=DSM 3091,,latest,Complete Genome,Major,Full,2006/01/05,ASM1254v1,University of Goettingen,GCA_000012545.1,identical,ftp://ftp.ncbi.nlm.nih.gov/genomes/all/GCF/000/012/545/GCF_000012545.1_ASM1254v1,,assembly from type material,4.0,1.0,1516.0,1767403.0,GCF_000012545.1_Methanosphaera stadtmanae DSM 3091_strain=DSM 3091,0.722892733885,27.6337088938
GCF_000196655.1,PRJNA224116,SAMN00015125,,representative genome,644295,2322,Methanohalobium evestigatum Z-7303,strain=Z-7303,,latest,Complete Genome,Major,Full,2010/06/15,ASM19665v1,US DOE Joint Genome Institute,GCA_000196655.1,identical,ftp://ftp.ncbi.nlm.nih.gov/genomes/all/GCF/000/196/655/GCF_000196655.1_ASM19665v1,,assembly from type material,2.0,2.0,2264.0,2406232.0,GCF_000196655.1_Methanohalobium evestigatum Z-7303_strain=Z-7303,0.648855443808,36.4249581919
GCF_000025625.1,PRJNA224116,SAMN02598473,,representative genome,547559,13769,Natrialba magadii ATCC 43099,strain=ATCC 43099,,latest,Complete Genome,Major,Full,2010/02/24,ASM2562v1,US DOE Joint Genome Institute (JGI-PGF),GCA_000025625.1,identical,ftp://ftp.ncbi.nlm.nih.gov/genomes/all/GCF/000/025/625/GCF_000025625.1_ASM2562v1,,assembly from type material,3.0,4.0,4027.0,4443643.0,GCF_000025625.1_Natrialba magadii ATCC 43099_strain=ATCC 43099,0.425253495252,61.0501788735
GCF_000328685.1,PRJNA224116,SAMN02261263,,representative genome,694430,29288,Natronococcus occultus SP4,strain=SP4,,latest,Complete Genome,Major,Full,2012/12/28,ASM32868v1,JGI,GCA_000328685.1,identical,ftp://ftp.ncbi.nlm.nih.gov/genomes/all/GCF/000/328/685/GCF_000328685.1_ASM32868v1,,assembly from type material,4.0,3.0,4021.0,4314118.0,GCF_000328685.1_Natronococcus occultus SP4_strain=SP4,0.479339014253,64.663646196
GCF_000013725.1,PRJNA224116,SAMN02598545,,representative genome,259564,29291,Methanococcoides burtonii DSM 6242,strain=DSM 6242,,latest,Complete Genome,Major,Full,2006/04/10,ASM1372v1,DOE Joint Genome Institute,GCA_000013725.1,identical,ftp://ftp.ncbi.nlm.nih.gov/genomes/all/GCF/000/013/725/GCF_000013725.1_ASM1372v1,,assembly from type material,3.0,1.0,2393.0,2575032.0,GCF_000013725.1_Methanococcoides burtonii DSM 6242_strain=DSM 6242,0.66797025243,40.7580954334
GCF_000195935.2,PRJNA224116,SAMEA3283067,,representative genome,272844,29292,Pyrococcus abyssi GE5,,,latest,Complete Genome,Major,Full,2003/05/06,ASM19593v1,Genoscope,GCA_000195935.2,identical,ftp://ftp.ncbi.nlm.nih.gov/genomes/all/GCF/000/195/935/GCF_000195935.2_ASM19593v1,,assembly from type material,1.0,2.0,1848.0,1768562.0,GCF_000195935.2_Pyrococcus abyssi GE5,0.841424272345,44.7114096085
GCF_001190965.1,PRJNA224116,SAMN03755233,,na,35746,35746,Haloferax gibbonsii,strain=ARA6,,latest,Complete Genome,Major,Full,2015/08/03,ASM119096v1,Universidade do Estado do Rio de Janeiro,GCA_001190965.1,identical,ftp://ftp.ncbi.nlm.nih.gov/genomes/all/GCF/001/190/965/GCF_001190965.1_ASM119096v1,,,2.0,5.0,3699.0,3918454.0,GCF_001190965.1_Haloferax gibbonsii_strain=ARA6,0.458331376917,66.2039671769
GCF_000970085.1,PRJNA224116,SAMN03074589,,representative genome,1434120,38027,Methanosarcina siciliae T4/M,strain=T4/M,,latest,Complete Genome,Major,Full,2015/04/07,ASM97008v1,University of Illinois at Urbana-Champaign,GCA_000970085.1,identical,ftp://ftp.ncbi.nlm.nih.gov/genomes/all/GCF/000/970/085/GCF_000970085.1_ASM97008v1,,assembly from type material,3.0,1.0,3948.0,5017558.0,GCF_000970085.1_Methanosarcina siciliae T4/M_strain=T4/M,0.583382067687,42.9404104546
GCF_000970145.1,PRJNA224116,SAMN03074587,,na,1434118,38027,Methanosarcina siciliae C2J,strain=C2J,,latest,Complete Genome,Major,Full,2015/04/07,ASM97014v1,University of Illinois at Urbana-Champaign,GCA_000970145.1,identical,ftp://ftp.ncbi.nlm.nih.gov/genomes/all/GCF/000/970/145/GCF_000970145.1_ASM97014v1,,,3.0,1.0,4218.0,5427890.0,GCF_000970145.1_Methanosarcina siciliae C2J_strain=C2J,0.590078718813,42.6009001656
GCF_000011585.1,PRJNA224116,SAMEA3138215,,na,267377,39152,Methanococcus maripaludis S2,strain=S2,,latest,Complete Genome,Major,Full,2004/03/04,ASM1158v1,University of Washington,GCA_000011585.1,identical,ftp://ftp.ncbi.nlm.nih.gov/genomes/all/GCF/000/011/585/GCF_000011585.1_ASM1158v1,,,3.0,1.0,1716.0,1661137.0,GCF_000011585.1_Methanococcus maripaludis S2_strain=S2,0.765277213283,33.1003403091
GCF_000016125.1,PRJNA224116,SAMN02598397,,na,402880,39152,Methanococcus maripaludis C5,strain=C5,,latest,Complete Genome,Major,Full,2007/03/15,ASM1612v1,DOE Joint Genome Institute,GCA_000016125.1,identical,ftp://ftp.ncbi.nlm.nih.gov/genomes/all/GCF/000/016/125/GCF_000016125.1_ASM1612v1,,,3.0,2.0,1816.0,1789046.0,GCF_000016125.1_Methanococcus maripaludis C5_strain=C5,0.741685921588,32.9759547826
GCF_000017225.1,PRJNA224116,SAMN00000031,,representative genome,426368,39152,Methanococcus maripaludis C7,strain=C7,,latest,Complete Genome,Major,Full,2007/06/29,ASM1722v1,US DOE Joint Genome Institute (JGI-PGF),GCA_000017225.1,identical,ftp://ftp.ncbi.nlm.nih.gov/genomes/all/GCF/000/017/225/GCF_000017225.1_ASM1722v1,,,3.0,1.0,1785.0,1772694.0,GCF_000017225.1_Methanococcus maripaludis C7_strain=C7,0.749129245736,33.284424723
GCF_000018485.1,PRJNA224116,SAMN02598423,,na,444158,39152,Methanococcus maripaludis C6,strain=C6,,latest,Complete Genome,Major,Full,2007/11/13,ASM1848v1,US DOE Joint Genome Institute,GCA_000018485.1,identical,ftp://ftp.ncbi.nlm.nih.gov/genomes/all/GCF/000/018/485/GCF_000018485.1_ASM1848v1,,,3.0,1.0,1814.0,1744193.0,GCF_000018485.1_Methanococcus maripaludis C6_strain=C6,0.756410764857,33.4231934195
GCF_000220645.1,PRJNA224116,SAMN02603718,,representative genome,1053692,39152,Methanococcus maripaludis X1,strain=X1,,latest,Complete Genome,Major,Full,2011/07/14,ASM22064v1,"Ecosystem Sciences, Commonwealth Scientific and Industrial Research Organisation ",GCA_000220645.1,identical,ftp://ftp.ncbi.nlm.nih.gov/genomes/all/GCF/000/220/645/GCF_000220645.1_ASM22064v1,,,2.0,1.0,1790.0,1746697.0,,,32.9406874804
GCF_000217995.1,PRJNA224116,SAMN02232039,,representative genome,679901,39669,Methanosalsum zhilinae DSM 4017,strain=DSM 4017,,latest,Complete Genome,Major,Full,2011/06/13,ASM21799v1,US DOE Joint Genome Institute (JGI-PGF),GCA_000217995.1,identical,ftp://ftp.ncbi.nlm.nih.gov/genomes/all/GCF/000/217/995/GCF_000217995.1_ASM21799v1,,assembly from type material,3.0,1.0,1939.0,2138444.0,GCF_000217995.1_Methanosalsum zhilinae DSM 4017_strain=DSM 4017,0.707047579797,39.1560405603
GCF_000017185.1,PRJNA224116,SAMN00623051,,representative genome,419665,42879,Methanococcus aeolicus Nankai-3,strain=Nankai-3,,latest,Complete Genome,Major,Full,2007/06/29,ASM1718v1,US DOE Joint Genome Institute (JGI-PGF),GCA_000017185.1,identical,ftp://ftp.ncbi.nlm.nih.gov/genomes/all/GCF/000/017/185/GCF_000017185.1_ASM1718v1,,assembly from type material,2.0,1.0,1472.0,1569500.0,GCF_000017185.1_Methanococcus aeolicus Nankai-3_strain=Nankai-3,0.7661845507,30.0374641606
GCF_000022385.1,PRJNA224116,SAMN02598420,,representative genome,429572,43080,Sulfolobus islandicus L.S.2.15,strain=L.S.2.15,,latest,Complete Genome,Major,Full,2009/04/24,ASM2238v1,US DOE Joint Genome Institute,GCA_000022385.1,identical,ftp://ftp.ncbi.nlm.nih.gov/genomes/all/GCF/000/022/385/GCF_000022385.1_ASM2238v1,,,1.0,1.0,2753.0,2736272.0,GCF_000022385.1_Sulfolobus islandicus L.S.2.15_strain=L.S.2.15,0.38432998877,35.1110196647
GCF_000022405.1,PRJNA224116,SAMN02598416,,na,427317,43080,Sulfolobus islandicus M.14.25,strain=M.14.25,,latest,Complete Genome,Major,Full,2009/04/24,ASM2240v1,US DOE Joint Genome Institute,GCA_000022405.1,identical,ftp://ftp.ncbi.nlm.nih.gov/genomes/all/GCF/000/022/405/GCF_000022405.1_ASM2240v1,,,1.0,1.0,2667.0,2608832.0,GCF_000022405.1_Sulfolobus islandicus M.14.25_strain=M.14.25,0.385156593348,35.0995004661
GCF_000022425.1,PRJNA224116,SAMN02598417,,na,427318,43080,Sulfolobus islandicus M.16.27,strain=M.16.27,,latest,Complete Genome,Major,Full,2009/04/29,ASM2242v1,US DOE Joint Genome Institute,GCA_000022425.1,identical,ftp://ftp.ncbi.nlm.nih.gov/genomes/all/GCF/000/022/425/GCF_000022425.1_ASM2242v1,,,1.0,1.0,2753.0,2692402.0,GCF_000022425.1_Sulfolobus islandicus M.16.27_strain=M.16.27,0.396767734934,35.0097050886
GCF_000022445.1,PRJNA224116,SAMN02598414,,na,426118,43080,Sulfolobus islandicus M.16.4,strain=M.16.4,,latest,Complete Genome,Major,Full,2009/05/27,ASM2244v1,US DOE Joint Genome Institute,GCA_000022445.1,identical,ftp://ftp.ncbi.nlm.nih.gov/genomes/all/GCF/000/022/445/GCF_000022445.1_ASM2244v1,,,1.0,1.0,2669.0,2586647.0,GCF_000022445.1_Sulfolobus islandicus M.16.4_strain=M.16.4,0.38480232198,35.0022635481
GCF_000022465.1,PRJNA224116,SAMN02598422,,na,439386,43080,Sulfolobus islandicus Y.G.57.14,strain=Y.G.57.14,,latest,Complete Genome,Major,Full,2009/04/29,ASM2246v1,US DOE Joint Genome Institute,GCA_000022465.1,identical,ftp://ftp.ncbi.nlm.nih.gov/genomes/all/GCF/000/022/465/GCF_000022465.1_ASM2246v1,,,1.0,1.0,2682.0,2702058.0,,,35.3853618242
GCF_000022485.1,PRJNA224116,SAMN02598411,,na,419942,43080,Sulfolobus islandicus Y.N.15.51,strain=Y.N.15.51,,latest,Complete Genome,Major,Full,2009/04/29,ASM2248v1,US DOE Joint Genome Institute (JGI-PGF),GCA_000022485.1,identical,ftp://ftp.ncbi.nlm.nih.gov/genomes/all/GCF/000/022/485/GCF_000022485.1_ASM2248v1,,,1.0,2.0,2782.0,2854410.0,GCF_000022485.1_Sulfolobus islandicus Y.N.15.51_strain=Y.N.15.51,0.381965107711,35.3054046195
GCF_000189555.1,PRJNA224116,SAMN02603882,,na,930945,43080,Sulfolobus islandicus REY15A,strain=REY15A,,latest,Complete Genome,Major,Full,2011/02/16,ASM18955v1,"State Key Laboratory of Microbial Resources, Institute of Microbiology, CAS, Beijing, P. R. China",GCA_000189555.1,identical,ftp://ftp.ncbi.nlm.nih.gov/genomes/all/GCF/000/189/555/GCF_000189555.1_ASM18955v1,,,1.0,1.0,2520.0,2522992.0,,,35.3077615783
GCF_000189575.1,PRJNA224116,SAMN02602983,,na,930943,43080,Sulfolobus islandicus HVE10/4,strain=HVE10/4,,latest,Complete Genome,Major,Full,2011/02/16,ASM18957v1,"Archaea Centre, Department of Biology, University of Copenhagen, 2200 Copenhagen N, Denmark",GCA_000189575.1,identical,ftp://ftp.ncbi.nlm.nih.gov/genomes/all/GCF/000/189/575/GCF_000189575.1_ASM18957v1,,,1.0,1.0,2685.0,2655201.0,,,35.1481865215
GCF_000364745.1,PRJNA224116,SAMN02603709,,na,1241935,43080,Sulfolobus islandicus LAL14/1,strain=LAL14/1,,latest,Complete Genome,Major,Full,2013/04/15,ASM36474v1,"Pasteur Institute, Paris, France",GCA_000364745.1,identical,ftp://ftp.ncbi.nlm.nih.gov/genomes/all/GCF/000/364/745/GCF_000364745.1_ASM36474v1,,,1.0,1.0,2501.0,2465177.0,,,35.1421419233
GCF_000016605.1,PRJNA224116,SAMN02598389,,representative genome,399549,43687,Metallosphaera sedula DSM 5348,strain=DSM 5348,,latest,Complete Genome,Major,Full,2007/04/25,ASM1660v1,US DOE Joint Genome Institute,GCA_000016605.1,identical,ftp://ftp.ncbi.nlm.nih.gov/genomes/all/GCF/000/016/605/GCF_000016605.1_ASM1660v1,,assembly from type material,1.0,1.0,2273.0,2191517.0,GCF_000016605.1_Metallosphaera sedula DSM 5348_strain=DSM 5348,0.315443562306,46.2253315854
GCF_001266655.1,PRJNA224116,SAMN03857118,,na,43687,43687,Metallosphaera sedula,strain=ARS50-1,,latest,Complete Genome,Major,Full,2015/08/12,ASM126665v1,University of Nebraska-Lincoln,GCA_001266655.1,identical,ftp://ftp.ncbi.nlm.nih.gov/genomes/all/GCF/001/266/655/GCF_001266655.1_ASM126665v1,,,1.0,1.0,2272.0,2191533.0,GCF_001266655.1_Metallosphaera sedula_strain=ARS50-1,0.306326313296,46.2252222531
GCF_001266675.1,PRJNA224116,SAMN03857124,,na,43687,43687,Metallosphaera sedula,strain=ARS50-2,,latest,Complete Genome,Major,Full,2015/08/12,ASM126667v1,University of Nebraska-Lincoln,GCA_001266675.1,identical,ftp://ftp.ncbi.nlm.nih.gov/genomes/all/GCF/001/266/675/GCF_001266675.1_ASM126667v1,,,1.0,1.0,2274.0,2191529.0,,,46.2251697331
GCF_001266695.1,PRJNA224116,SAMN03857129,,na,43687,43687,Metallosphaera sedula,strain=ARS120-1,,latest,Complete Genome,Major,Full,2015/08/12,ASM126669v1,University of Nebraska-Lincoln,GCA_001266695.1,identical,ftp://ftp.ncbi.nlm.nih.gov/genomes/all/GCF/001/266/695/GCF_001266695.1_ASM126669v1,,,1.0,1.0,2274.0,2191531.0,,,46.2249906572
GCF_001266715.1,PRJNA224116,SAMN03857133,,na,43687,43687,Metallosphaera sedula,strain=ARS120-2,,latest,Complete Genome,Major,Full,2015/08/12,ASM126671v1,University of Nebraska-Lincoln,GCA_001266715.1,identical,ftp://ftp.ncbi.nlm.nih.gov/genomes/all/GCF/001/266/715/GCF_001266715.1_ASM126671v1,,,1.0,1.0,2274.0,2191533.0,,,46.2249484721
GCF_001266735.1,PRJNA224116,SAMN03890864,,na,43687,43687,Metallosphaera sedula,strain=SARC-M1,,latest,Complete Genome,Major,Full,2015/08/12,ASM126673v1,University of Nebraska-Lincoln,GCA_001266735.1,identical,ftp://ftp.ncbi.nlm.nih.gov/genomes/all/GCF/001/266/735/GCF_001266735.1_ASM126673v1,,,1.0,1.0,2280.0,2191533.0,,,46.224902842
GCF_000230715.2,PRJNA224116,SAMN02232042,,representative genome,797304,44930,Natronobacterium gregoryi SP2,strain=SP2,,latest,Complete Genome,Major,Full,2012/12/10,ASM23071v3,DOE Joint Genome Institute,GCA_000230715.3,identical,ftp://ftp.ncbi.nlm.nih.gov/genomes/all/GCF/000/230/715/GCF_000230715.2_ASM23071v3,,assembly from type material,3.0,1.0,3572.0,3788356.0,GCF_000230715.2_Natronobacterium gregoryi SP2_strain=SP2,0.454942397867,62.2355185204
GCF_000011185.1,PRJNA224116,SAMD00061089,,representative genome,273116,50339,Thermoplasma volcanium GSS1,strain=GSS1,,latest,Complete Genome,Major,Full,2004/05/11,ASM1118v1,"National Institute of Advanced Industrial Science and Technology, Japan",GCA_000011185.1,identical,ftp://ftp.ncbi.nlm.nih.gov/genomes/all/GCF/000/011/185/GCF_000011185.1_ASM1118v1,,assembly from type material,1.0,1.0,1541.0,1584804.0,GCF_000011185.1_Thermoplasma volcanium GSS1_strain=GSS1,0.333642099896,39.9185009629
GCF_000223905.1,PRJNA224116,SAMN02602960,,representative genome,634497,51589,Haloarcula hispanica ATCC 33960,strain=CGMCC 1.2049,,latest,Complete Genome,Major,Full,2011/08/17,ASM22390v1," Institute of Microbiology, Chinese Academy of Sciences",GCA_000223905.1,identical,ftp://ftp.ncbi.nlm.nih.gov/genomes/all/GCF/000/223/905/GCF_000223905.1_ASM22390v1,,assembly from type material,3.0,3.0,3712.0,3890005.0,GCF_000223905.1_Haloarcula hispanica ATCC 33960_strain=CGMCC 1.2049,0.295707665788,62.4546498012
GCF_000504565.1,PRJNA224116,SAMN02393367,,na,1417673,51589,Haloarcula hispanica N601,strain=N601,,latest,Complete Genome,Major,Full,2014/01/09,ASM50456v2,"Academia Sinica, Taipei, Taiwan",GCA_000504565.2,identical,ftp://ftp.ncbi.nlm.nih.gov/genomes/all/GCF/000/504/565/GCF_000504565.1_ASM50456v2,,,3.0,4.0,3723.0,3901495.0,,,62.4261981625
GCF_001592435.1,PRJNA224116,SAMN03324162,,na,53952,53952,Thermococcus peptonophilus,strain=OG-1,,latest,Complete Genome,Major,Full,2016/03/15,ASM159243v1,Ecole Normale Superieure de Lyon,GCA_001592435.1,identical,ftp://ftp.ncbi.nlm.nih.gov/genomes/all/GCF/001/592/435/GCF_001592435.1_ASM159243v1,,assembly from type material,1.0,2.0,1969.0,1896106.0,GCF_001592435.1_Thermococcus peptonophilus_strain=OG-1,0.902112232042,51.735926156
GCF_000011105.1,PRJNA224116,SAMD00061090,,representative genome,70601,53953,Pyrococcus horikoshii OT3,strain=OT3,,latest,Complete Genome,Major,Full,2004/05/11,ASM1110v1,NITE,GCA_000011105.1,identical,ftp://ftp.ncbi.nlm.nih.gov/genomes/all/GCF/000/011/105/GCF_000011105.1_ASM1110v1,,assembly from type material,1.0,1.0,1802.0,1738505.0,,,41.8789707248
GCF_000147875.1,PRJNA224116,SAMN00017400,,representative genome,679926,54120,Methanolacinia petrolearia DSM 11571,,,latest,Complete Genome,Major,Full,2010/09/17,ASM14787v1,US DOE Joint Genome Institute (JGI-PGF),GCA_000147875.1,identical,ftp://ftp.ncbi.nlm.nih.gov/genomes/all/GCF/000/147/875/GCF_000147875.1_ASM14787v1,,assembly from type material,2.0,1.0,2749.0,2843290.0,GCF_000147875.1_Methanolacinia petrolearia DSM 11571,0.654806729418,47.3991748995
GCF_000015145.1,PRJNA224116,SAMN02604082,,representative genome,415426,54248,Hyperthermus butylicus DSM 5456,strain=DSM 5456,,latest,Complete Genome,Major,Full,2007/01/22,ASM1514v1,Univ. Copenhagen,GCA_000015145.1,identical,ftp://ftp.ncbi.nlm.nih.gov/genomes/all/GCF/000/015/145/GCF_000015145.1_ASM1514v1,,assembly from type material,1.0,1.0,1681.0,1667163.0,GCF_000015145.1_Hyperthermus butylicus DSM 5456_strain=DSM 5456,0.909561299958,53.7367371997
GCF_000223395.1,PRJNA224116,SAMN02232047,,representative genome,694429,54252,Pyrolobus fumarii 1A,strain=1A,,latest,Complete Genome,Major,Full,2011/08/12,ASM22339v1,DOE Joint Genome Institute,GCA_000223395.1,identical,ftp://ftp.ncbi.nlm.nih.gov/genomes/all/GCF/000/223/395/GCF_000223395.1_ASM22339v1,,assembly from type material,1.0,1.0,1885.0,1843267.0,GCF_000223395.1_Pyrolobus fumarii 1A_strain=1A,0.83503655042,54.9041457369
GCF_000092185.1,PRJNA224116,SAMN02598509,,na,633148,54254,Thermosphaera aggregans DSM 11486,strain=DSM 11486,,latest,Complete Genome,Major,Full,2010/05/17,ASM9218v1,US DOE Joint Genome Institute (JGI-PGF),GCA_000092185.1,identical,ftp://ftp.ncbi.nlm.nih.gov/genomes/all/GCF/000/092/185/GCF_000092185.1_ASM9218v1,,assembly from type material,1.0,1.0,1368.0,1316595.0,GCF_000092185.1_Thermosphaera aggregans DSM 11486_strain=DSM 11486,0.902217175639,46.7343412363
GCF_001481685.1,PRJNA224116,SAMN04316368,,representative genome,940295,54259,Ignicoccus islandicus DSM 13165,strain=DSM 13165,,latest,Complete Genome,Major,Full,2015/12/23,ASM148168v1,Oak Ridge National Laboratory,GCA_001481685.1,identical,ftp://ftp.ncbi.nlm.nih.gov/genomes/all/GCF/001/481/685/GCF_001481685.1_ASM148168v1,,assembly from type material,1.0,1.0,1477.0,1394664.0,GCF_001481685.1_Ignicoccus islandicus DSM 13165_strain=DSM 13165,0.7542221978,44.9004204597
GCF_000025505.1,PRJNA224116,SAMN02598503,,representative genome,589924,54261,Ferroglobus placidus DSM 10642,strain=DSM 10642,,latest,Complete Genome,Major,Full,2010/02/16,ASM2550v1,US DOE Joint Genome Institute,GCA_000025505.1,identical,ftp://ftp.ncbi.nlm.nih.gov/genomes/all/GCF/000/025/505/GCF_000025505.1_ASM2550v1,,assembly from type material,1.0,1.0,2464.0,2196266.0,GCF_000025505.1_Ferroglobus placidus DSM 10642_strain=DSM 10642,0.78069290726,44.1354098274
GCF_900012635.1,PRJNA224116,SAMEA3721282,,na,54262,54262,Thermococcus chitonophagus,,1,latest,Complete Genome,Major,Full,2016/04/15,Pyrococcus chitonophagus genome sequence,University of Athens,GCA_900012635.1,identical,ftp://ftp.ncbi.nlm.nih.gov/genomes/all/GCF/900/012/635/GCF_900012635.1_Pyrococcus_chitonophagus_genome_sequence,,,1.0,1.0,2068.0,1969648.0,GCF_900012635.1_Thermococcus chitonophagus,0.825599060237,44.9204629457
GCF_000151105.2,PRJNA224116,SAMN02603625,,representative genome,391623,55802,Thermococcus barophilus MP,strain=MP,,latest,Complete Genome,Major,Full,2010/12/17,ASM15110v2,Moore Foundation,GCA_000151105.2,identical,ftp://ftp.ncbi.nlm.nih.gov/genomes/all/GCF/000/151/105/GCF_000151105.2_ASM15110v2,,assembly from type material,1.0,2.0,2169.0,2064237.0,GCF_000151105.2_Thermococcus barophilus MP_strain=MP,0.870550594567,41.6667272217
GCF_001433455.1,PRJNA224116,SAMN03324231,,na,55802,55802,Thermococcus barophilus,strain=CH5,,latest,Complete Genome,Major,Full,2015/11/05,ASM143345v1,Ecole Normale Superieure de Lyon,GCA_001433455.1,identical,ftp://ftp.ncbi.nlm.nih.gov/genomes/all/GCF/001/433/455/GCF_001433455.1_ASM143345v1,,,1.0,1.0,2501.0,2388527.0,,,41.8368726835
GCF_000023965.1,PRJNA224116,SAMN00002610,,representative genome,485914,57705,Halomicrobium mukohataei DSM 12286,strain=DSM 12286,,latest,Complete Genome,Major,Full,2009/09/03,ASM2396v1,US DOE Joint Genome Institute (JGI-PGF),GCA_000023965.1,identical,ftp://ftp.ncbi.nlm.nih.gov/genomes/all/GCF/000/023/965/GCF_000023965.1_ASM2396v1,,assembly from type material,3.0,2.0,3201.0,3332349.0,GCF_000023965.1_Halomicrobium mukohataei DSM 12286_strain=DSM 12286,0.53645055535,65.530711219
GCF_000194625.1,PRJNA224116,SAMN00713598,,representative genome,693661,58290,Archaeoglobus veneficus SNP6,strain=SNP6,,latest,Complete Genome,Major,Full,2011/03/31,ASM19462v1,US DOE Joint Genome Institute (JGI-PGF),GCA_000194625.1,identical,ftp://ftp.ncbi.nlm.nih.gov/genomes/all/GCF/000/194/625/GCF_000194625.1_ASM19462v1,,assembly from type material,1.0,1.0,2040.0,1901943.0,GCF_000194625.1_Archaeoglobus veneficus SNP6_strain=SNP6,0.888650548382,47.0489914787
GCF_000172995.2,PRJNA224116,SAMN00002580,,representative genome,469382,60847,Halogeometricum borinquense DSM 11551,strain=PR 3,,latest,Complete Genome,Major,Full,2010/11/22,ASM17299v2,US DOE Joint Genome Institute (JGI-PGF),GCA_000172995.2,identical,ftp://ftp.ncbi.nlm.nih.gov/genomes/all/GCF/000/172/995/GCF_000172995.2_ASM17299v2,,assembly from type material,2.0,6.0,3741.0,3944467.0,GCF_000172995.2_Halogeometricum borinquense DSM 11551_strain=PR 3,0.324910107693,59.9406459732
GCF_000025325.1,PRJNA224116,SAMN02598471,,representative genome,543526,62320,Haloterrigena turkmenica DSM 5511,strain=DSM 5511,,latest,Complete Genome,Major,Full,2010/01/19,ASM2532v1,US DOE Joint Genome Institute (JGI-PGF),GCA_000025325.1,identical,ftp://ftp.ncbi.nlm.nih.gov/genomes/all/GCF/000/025/325/GCF_000025325.1_ASM2532v1,,assembly from type material,3.0,7.0,4911.0,5440782.0,GCF_000025325.1_Haloterrigena turkmenica DSM 5511_strain=DSM 5511,0.432371200479,64.2642730402
GCF_000092305.1,PRJNA224116,SAMN00017484,,representative genome,573063,67760,Methanocaldococcus infernus ME,strain=ME,,latest,Complete Genome,Major,Full,2010/04/30,ASM9230v1,US DOE Joint Genome Institute (JGI-PGF),GCA_000092305.1,identical,ftp://ftp.ncbi.nlm.nih.gov/genomes/all/GCF/000/092/305/GCF_000092305.1_ASM9230v1,,assembly from type material,2.0,1.0,1418.0,1328194.0,GCF_000092305.1_Methanocaldococcus infernus ME_strain=ME,0.903728319169,33.6185075373
GCF_000230735.2,PRJNA224116,SAMN02261373,,representative genome,797303,69525,Natrinema pellirubrum DSM 15624,strain=DSM 15624,,latest,Complete Genome,Major,Full,2012/12/27,ASM23073v3,JGI,GCA_000230735.3,identical,ftp://ftp.ncbi.nlm.nih.gov/genomes/all/GCF/000/230/735/GCF_000230735.2_ASM23073v3,,assembly from type material,3.0,3.0,3975.0,4354100.0,GCF_000230735.2_Natrinema pellirubrum DSM 15624_strain=DSM 15624,0.46497027095,63.9911347925
GCF_000024625.1,PRJNA224116,SAMN02598493,,representative genome,579137,73913,Methanocaldococcus vulcanius M7,strain=M7,,latest,Complete Genome,Major,Full,2009/10/15,ASM2462v1,US DOE Joint Genome Institute (JGI-PGF),GCA_000024625.1,identical,ftp://ftp.ncbi.nlm.nih.gov/genomes/all/GCF/000/024/625/GCF_000024625.1_ASM2462v1,,assembly from type material,2.0,3.0,1682.0,1761737.0,GCF_000024625.1_Methanocaldococcus vulcanius M7_strain=M7,0.91473285201,31.5757686874
GCF_000018305.1,PRJNA224116,SAMN00623034,,representative genome,397948,76887,Caldivirga maquilingensis IC-167,strain=IC-167,,latest,Complete Genome,Major,Full,2007/10/05,ASM1830v1,US DOE Joint Genome Institute (JGI-PGF),GCA_000018305.1,identical,ftp://ftp.ncbi.nlm.nih.gov/genomes/all/GCF/000/018/305/GCF_000018305.1_ASM1830v1,,assembly from type material,1.0,1.0,1995.0,2077567.0,GCF_000018305.1_Caldivirga maquilingensis IC-167_strain=IC-167,0.602556813855,43.0958423964
GCF_000008265.1,PRJNA224116,SAMN02603345,,representative genome,263820,82076,Picrophilus torridus DSM 9790,strain=DSM 9790,,latest,Complete Genome,Major,Full,2004/06/08,ASM826v1,"Institut of Microbiology and Genetics, University of Goettingen",GCA_000008265.1,identical,ftp://ftp.ncbi.nlm.nih.gov/genomes/all/GCF/000/008/265/GCF_000008265.1_ASM826v1,,assembly from type material,1.0,1.0,1545.0,1545895.0,GCF_000008265.1_Picrophilus torridus DSM 9790_strain=DSM 9790,0.213316760852,35.9704248995
GCF_000023985.1,PRJNA224116,SAMN02598490,,representative genome,573064,83171,Methanocaldococcus fervens AG86,strain=AG86,,latest,Complete Genome,Major,Full,2009/08/28,ASM2398v1,US DOE Joint Genome Institute (JGI-PGF),GCA_000023985.1,identical,ftp://ftp.ncbi.nlm.nih.gov/genomes/all/GCF/000/023/985/GCF_000023985.1_ASM2398v1,,assembly from type material,2.0,2.0,1550.0,1507251.0,GCF_000023985.1_Methanocaldococcus fervens AG86_strain=AG86,0.898540060088,32.2183896378
GCF_000024185.1,PRJNA224116,SAMN02603710,,representative genome,634498,83816,Methanobrevibacter ruminantium M1,strain=M1,,latest,Complete Genome,Major,Full,2010/02/05,ASM2418v1,Pastoral Greenhouse Gas Research Consortium,GCA_000024185.1,identical,ftp://ftp.ncbi.nlm.nih.gov/genomes/all/GCF/000/024/185/GCF_000024185.1_ASM2418v1,,assembly from type material,2.0,1.0,2108.0,2937203.0,GCF_000024185.1_Methanobrevibacter ruminantium M1_strain=M1,0.820577520709,32.6409853183
GCF_000015765.1,PRJNA224116,SAMN00623052,,representative genome,410358,83984,Methanocorpusculum labreanum Z,strain=Z,,latest,Complete Genome,Major,Full,2007/02/01,ASM1576v1,DOE Joint Genome Institute,GCA_000015765.1,identical,ftp://ftp.ncbi.nlm.nih.gov/genomes/all/GCF/000/015/765/GCF_000015765.1_ASM1576v1,,assembly from type material,3.0,1.0,1782.0,1804962.0,GCF_000015765.1_Methanocorpusculum labreanum Z_strain=Z,0.462024073204,50.0065929366
GCF_000304355.2,PRJNA224116,SAMEA2272323,,representative genome,1201294,83986,Methanoculleus bourgensis MS2,strain=MS2T,,latest,Complete Genome,Major,Full,2014/02/04,Mb_MS2,irena.maus,GCA_000304355.2,identical,ftp://ftp.ncbi.nlm.nih.gov/genomes/all/GCF/000/304/355/GCF_000304355.2_Mb_MS2,,assembly from type material,1.0,1.0,2487.0,2789774.0,GCF_000304355.2_Methanoculleus bourgensis MS2_strain=MS2T,0.694804892663,60.6400375084
GCF_900079125.1,PRJNA224116,SAMEA3921042,,na,83986,83986,Methanoculleus bourgensis,,BA1,latest,Complete Genome,Major,Full,2016/05/05,MBBA,CEBITEC,GCA_900079125.1,identical,ftp://ftp.ncbi.nlm.nih.gov/genomes/all/GCF/900/079/125/GCF_900079125.1_MBBA,,,1.0,1.0,2386.0,2551189.0,GCF_900079125.1_Methanoculleus bourgensis,0.670221518391,60.8871000933
GCF_000025285.1,PRJNA224116,SAMN00017459,,representative genome,572546,84156,Archaeoglobus profundus DSM 5631,strain=DSM 5631,,latest,Complete Genome,Major,Full,2010/01/19,ASM2528v1,US DOE Joint Genome Institute (JGI-PGF),GCA_000025285.1,identical,ftp://ftp.ncbi.nlm.nih.gov/genomes/all/GCF/000/025/285/GCF_000025285.1_ASM2528v1,,assembly from type material,1.0,2.0,1770.0,1563423.0,GCF_000025285.1_Archaeoglobus profundus DSM 5631_strain=DSM 5631,0.813336877228,42.0045630645
GCF_000092465.1,PRJNA224116,SAMN00002730,,na,591019,84599,Staphylothermus hellenicus DSM 12710,strain=DSM 12710,,latest,Complete Genome,Major,Full,2010/06/01,ASM9246v1,US DOE Joint Genome Institute (JGI-PGF),GCA_000092465.1,identical,ftp://ftp.ncbi.nlm.nih.gov/genomes/all/GCF/000/092/465/GCF_000092465.1_ASM9246v1,,assembly from type material,1.0,1.0,1586.0,1580347.0,GCF_000092465.1_Staphylothermus hellenicus DSM 12710_strain=DSM 12710,0.988142945271,36.8383019679
GCF_900036045.1,PRJNA224116,SAMEA3857231,,na,86622,86622,Methanoculleus sp. MAB1,,Methanoculleus sp MAB1,latest,Complete Genome,Major,Full,2016/02/15,Methanoculleus sp MAB1,SLU,GCA_900036045.1,identical,ftp://ftp.ncbi.nlm.nih.gov/genomes/all/GCF/900/036/045/GCF_900036045.1_Methanoculleus_sp_MAB1,,,1.0,1.0,2305.0,2859299.0,,,60.2575666273
GCF_000020905.1,PRJNA224116,SAMN02603098,,representative genome,490899,94694,Desulfurococcus amylolyticus 1221n,strain=1221n,,latest,Complete Genome,Major,Full,2008/12/24,ASM2090v1,Centre 'Bioengineering' RAS,GCA_000020905.1,identical,ftp://ftp.ncbi.nlm.nih.gov/genomes/all/GCF/000/020/905/GCF_000020905.1_ASM2090v1,,assembly from type material,1.0,1.0,1378.0,1365223.0,GCF_000020905.1_Desulfurococcus amylolyticus 1221n_strain=1221n,0.835737540151,45.3391130973
GCF_000231015.2,PRJNA224116,SAMN02232017,,na,768672,94694,Desulfurococcus amylolyticus DSM 16532,strain=DSM 16532,,latest,Complete Genome,Major,Full,2012/06/07,ASM23101v3,DOE Joint Genome Institute,GCA_000231015.3,identical,ftp://ftp.ncbi.nlm.nih.gov/genomes/all/GCF/000/231/015/GCF_000231015.2_ASM23101v3,,assembly from type material,1.0,1.0,1425.0,1384116.0,GCF_000231015.2_Desulfurococcus amylolyticus DSM 16532_strain=DSM 16532,0.819016093344,44.8287571273
GCF_000152265.2,PRJNA224116,SAMN02604346,,representative genome,333146,97393,Ferroplasma acidarmanus fer1,strain=fer1,,latest,Complete Genome,Major,Full,2013/06/26,ASM15226v2,DOE Joint Genome Institute,GCA_000152265.2,identical,ftp://ftp.ncbi.nlm.nih.gov/genomes/all/GCF/000/152/265/GCF_000152265.2_ASM15226v2,,assembly from type material,1.0,1.0,1848.0,1935211.0,GCF_000152265.2_Ferroplasma acidarmanus fer1_strain=fer1,0.0,36.4657910688
GCF_000328665.1,PRJNA224116,SAMN02261367,,representative genome,867904,101192,Methanomethylovorans hollandica DSM 15978,strain=DSM 15978,,latest,Complete Genome,Major,Full,2012/12/28,ASM32866v1,JGI,GCA_000328665.1,identical,ftp://ftp.ncbi.nlm.nih.gov/genomes/all/GCF/000/328/665/GCF_000328665.1_ASM32866v1,,assembly from type material,2.0,2.0,2510.0,2714013.0,GCF_000328665.1_Methanomethylovorans hollandica DSM 15978_strain=DSM 15978,0.703445485943,41.8670433782
GCF_000816105.1,PRJNA224116,SAMN02429659,,representative genome,1432656,110164,Thermococcus guaymasensis DSM 11113,strain=DSM 11113,,latest,Complete Genome,Major,Full,2015/01/07,ASM81610v1,University of Waterloo,GCA_000816105.1,identical,ftp://ftp.ncbi.nlm.nih.gov/genomes/all/GCF/000/816/105/GCF_000816105.1_ASM81610v1,,assembly from type material,1.0,1.0,2021.0,1920914.0,GCF_000816105.1_Thermococcus guaymasensis DSM 11113_strain=DSM 11113,0.89896994684,52.8622832672
GCF_000011205.1,PRJNA224116,SAMD00061096,,representative genome,273063,111955,Sulfolobus tokodaii str. 7,strain=7,,latest,Complete Genome,Major,Full,2004/05/11,ASM1120v1,NITE,GCA_000011205.1,identical,ftp://ftp.ncbi.nlm.nih.gov/genomes/all/GCF/000/011/205/GCF_000011205.1_ASM1120v1,,assembly from type material,1.0,1.0,2757.0,2694756.0,GCF_000011205.1_Sulfolobus tokodaii str. 7_strain=7,0.361338813267,32.7867161257
GCF_001006045.1,PRJNA224116,SAMN02988852,,representative genome,113653,113653,Geoglobus ahangari,strain=234,,latest,Complete Genome,Major,Full,2015/05/11,ASM100604v1,Michigan State University,GCA_001006045.1,identical,ftp://ftp.ncbi.nlm.nih.gov/genomes/all/GCF/001/006/045/GCF_001006045.1_ASM100604v1,,assembly from type material,1.0,1.0,1978.0,1770093.0,GCF_001006045.1_Geoglobus ahangari_strain=234,0.83245057536,53.1085654822
GCF_900095295.1,PRJNA224116,SAMEA4378819,,representative genome,118062,118062,Methanobacterium congolense,,Buetzberg,latest,Complete Genome,Major,Full,2016/09/08,MCBB,CEBITEC,GCA_900095295.1,identical,ftp://ftp.ncbi.nlm.nih.gov/genomes/all/GCF/900/095/295/GCF_900095295.1_MCBB,,,3.0,2.0,2282.0,2469575.0,GCF_900095295.1_Methanobacterium congolense,0.814802633954,38.4897806303
GCF_900095815.1,PRJNA224116,SAMEA4408318,,representative genome,145261,145261,Methanothermobacter wolfeii,,SIV6,latest,Complete Genome,Major,Full,2016/12/16,SIV6,CEBITEC,GCA_900095815.1,identical,ftp://ftp.ncbi.nlm.nih.gov/genomes/all/GCF/900/095/815/GCF_900095815.1_SIV6,,,2.0,1.0,1659.0,1686891.0,GCF_900095815.1_Methanothermobacter wolfeii,0.851594414383,48.8862054513
GCF_000008645.1,PRJNA224116,SAMN02603244,,representative genome,187420,145262,Methanothermobacter thermautotrophicus str. Delta H,strain=Delta H,,latest,Complete Genome,Major,Full,1999/12/22,ASM864v1,Genome Therapeutics Corporation,GCA_000008645.1,identical,ftp://ftp.ncbi.nlm.nih.gov/genomes/all/GCF/000/008/645/GCF_000008645.1_ASM864v1,,assembly from type material,2.0,1.0,1746.0,1751377.0,GCF_000008645.1_Methanothermobacter thermautotrophicus str. Delta H_strain=Delta H,0.891991123556,49.5439302903
GCF_000145295.1,PRJNA224116,SAMN02603260,,representative genome,79929,145263,Methanothermobacter marburgensis str. Marburg,strain=Marburg,,latest,Complete Genome,Major,Full,2010/08/11,ASM14529v1,Georg-August-University Goettingen,GCA_000145295.1,identical,ftp://ftp.ncbi.nlm.nih.gov/genomes/all/GCF/000/145/295/GCF_000145295.1_ASM14529v1,,assembly from type material,2.0,2.0,1689.0,1639135.0,GCF_000145295.1_Methanothermobacter marburgensis str. Marburg_strain=Marburg,0.887683138331,48.6406549796
GCF_000023945.1,PRJNA224116,SAMN00002611,,representative genome,519442,146826,Halorhabdus utahensis DSM 12940,strain=DSM 12940,,latest,Complete Genome,Major,Full,2009/08/27,ASM2394v1,US DOE Joint Genome Institute (JGI-PGF),GCA_000023945.1,identical,ftp://ftp.ncbi.nlm.nih.gov/genomes/all/GCF/000/023/945/GCF_000023945.1_ASM2394v1,,assembly from type material,1.0,1.0,2893.0,3116795.0,GCF_000023945.1_Halorhabdus utahensis DSM 12940_strain=DSM 12940,0.517731351586,62.8999661511
GCF_000179575.2,PRJNA224116,SAMN00100784,,representative genome,647113,155863,Methanothermococcus okinawensis IH1,strain=IH1,,latest,Complete Genome,Major,Full,2011/06/06,ASM17957v2,US DOE Joint Genome Institute (JGI-PGF),GCA_000179575.2,identical,ftp://ftp.ncbi.nlm.nih.gov/genomes/all/GCF/000/179/575/GCF_000179575.2_ASM17957v2,,assembly from type material,2.0,2.0,1544.0,1677455.0,GCF_000179575.2_Methanothermococcus okinawensis IH1_strain=IH1,0.838845359435,29.2767913297
GCF_000017945.1,PRJNA224116,SAMN02598324,,representative genome,453591,160233,Ignicoccus hospitalis KIN4/I,strain=KIN4/I,,latest,Complete Genome,Major,Full,2007/08/29,ASM1794v1,US DOE Joint Genome Institute,GCA_000017945.1,identical,ftp://ftp.ncbi.nlm.nih.gov/genomes/all/GCF/000/017/945/GCF_000017945.1_ASM1794v1,,assembly from type material,1.0,1.0,1437.0,1297538.0,GCF_000017945.1_Ignicoccus hospitalis KIN4/I_strain=KIN4/I,0.896739569498,56.520348537
GCF_000265525.1,PRJNA224116,SAMN02603492,,representative genome,163003,163003,Thermococcus cleftensis,strain=CL1,,latest,Complete Genome,Major,Full,2012/06/11,ASM26552v1,Kyung Hee University,GCA_000265525.1,identical,ftp://ftp.ncbi.nlm.nih.gov/genomes/all/GCF/000/265/525/GCF_000265525.1_ASM26552v1,,assembly from type material,1.0,1.0,2032.0,1950313.0,GCF_000265525.1_Thermococcus cleftensis_strain=CL1,0.894884143609,55.8175021138
GCF_000148385.1,PRJNA224116,SAMN00017002,,na,572478,164451,Vulcanisaeta distributa DSM 14429,strain=DSM 14429,,latest,Complete Genome,Major,Full,2010/09/22,ASM14838v1,US DOE Joint Genome Institute (JGI-PGF),GCA_000148385.1,identical,ftp://ftp.ncbi.nlm.nih.gov/genomes/all/GCF/000/148/385/GCF_000148385.1_ASM14838v1,,assembly from type material,1.0,1.0,2419.0,2374137.0,GCF_000148385.1_Vulcanisaeta distributa DSM 14429_strain=DSM 14429,0.674045668127,45.4277069942
GCF_000970265.1,PRJNA224116,SAMN03074579,,representative genome,1434111,170861,Methanosarcina lacustris Z-7289,strain=Z-7289,,latest,Complete Genome,Major,Full,2015/04/07,ASM97026v1,University of Illinois at Urbana-Champaign,GCA_000970265.1,identical,ftp://ftp.ncbi.nlm.nih.gov/genomes/all/GCF/000/970/265/GCF_000970265.1_ASM97026v1,,,3.0,1.0,3234.0,4139808.0,GCF_000970265.1_Methanosarcina lacustris Z-7289_strain=Z-7289,0.603335894989,41.822785018
GCF_000022545.1,PRJNA224116,SAMN02603090,,representative genome,604354,172049,Thermococcus sibiricus MM 739,strain=MM 739,,latest,Complete Genome,Major,Full,2009/06/29,ASM2254v1,Centre,GCA_000022545.1,identical,ftp://ftp.ncbi.nlm.nih.gov/genomes/all/GCF/000/022/545/GCF_000022545.1_ASM2254v1,,assembly from type material,1.0,1.0,1912.0,1845800.0,GCF_000022545.1_Thermococcus sibiricus MM 739_strain=MM 739,0.943152634409,40.201267743
GCF_000193375.1,PRJNA224116,SAMN02603093,,na,999630,184117,Thermoproteus uzoniensis 768-20,strain=768-20,,latest,Complete Genome,Major,Full,2011/03/28,ASM19337v1,Centre Bioengineering RAS,GCA_000193375.1,identical,ftp://ftp.ncbi.nlm.nih.gov/genomes/all/GCF/000/193/375/GCF_000193375.1_ASM19337v1,,,1.0,1.0,2112.0,1936063.0,GCF_000193375.1_Thermoproteus uzoniensis 768-20_strain=768-20,0.608981622943,59.6550835381
GCF_000022365.1,PRJNA224116,SAMN02603333,,na,593117,187878,Thermococcus gammatolerans EJ3,strain=EJ3; DSM 15229,,latest,Complete Genome,Major,Full,2009/06/12,ASM2236v1,"IGM/ Universit Paris-Sud, France",GCA_000022365.1,identical,ftp://ftp.ncbi.nlm.nih.gov/genomes/all/GCF/000/022/365/GCF_000022365.1_ASM2236v1,,assembly from type material,1.0,1.0,2111.0,2045438.0,GCF_000022365.1_Thermococcus gammatolerans EJ3_strain=EJ3; DSM 15229,0.946802293725,53.5614865862
GCF_000585495.1,PRJNA224116,SAMN03081537,,representative genome,195522,195522,Thermococcus nautili,strain=30-1,,latest,Complete Genome,Major,Full,2014/03/05,ASM58549v1,Institute de Genetique et Microbiologie,GCA_000585495.1,identical,ftp://ftp.ncbi.nlm.nih.gov/genomes/all/GCF/000/585/495/GCF_000585495.1_ASM58549v1,,assembly from type material,1.0,1.0,2127.0,1976356.0,GCF_000585495.1_Thermococcus nautili_strain=30-1,0.886047509969,54.8416884407
GCF_000317795.1,PRJNA224116,SAMN02261426,,representative genome,1056495,200415,Caldisphaera lagunensis DSM 15908,strain=DSM 15908,,latest,Complete Genome,Major,Full,2012/12/10,ASM31779v1,JGI,GCA_000317795.1,identical,ftp://ftp.ncbi.nlm.nih.gov/genomes/all/GCF/000/317/795/GCF_000317795.1_ASM31779v1,,assembly from type material,1.0,1.0,1483.0,1546846.0,GCF_000317795.1_Caldisphaera lagunensis DSM 15908_strain=DSM 15908,0.743361169389,30.0340176074
GCF_000404165.1,PRJNA224116,SAMN02602974,,na,224719,224719,Methanobrevibacter sp. AbM4,strain=AbM4,,latest,Complete Genome,Major,Full,2013/06/03,ASM40416v1,AgResearch Ltd. & The New Zealand Agricultural Greenhouse Gas Research Centre,GCA_000404165.1,identical,ftp://ftp.ncbi.nlm.nih.gov/genomes/all/GCF/000/404/165/GCF_000404165.1_ASM40416v1,,,3.0,1.0,1658.0,1998189.0,GCF_000404165.1_Methanobrevibacter sp. AbM4_strain=AbM4,0.75250355346,29.0385944473
GCF_001477655.1,PRJNA224116,SAMN03438115,,representative genome,230361,230361,Methanobrevibacter millerae,strain=SM9,,latest,Complete Genome,Major,Full,2015/12/22,ASM147765v1,PGgRc,GCA_001477655.1,identical,ftp://ftp.ncbi.nlm.nih.gov/genomes/all/GCF/001/477/655/GCF_001477655.1_ASM147765v1,,,2.0,1.0,2187.0,2543538.0,GCF_001477655.1_Methanobrevibacter millerae_strain=SM9,0.780534323766,31.81088704
GCF_000144915.1,PRJNA224116,SAMN02603091,,representative genome,666510,242703,Acidilobus saccharovorans 345-15,strain=345-15,,latest,Complete Genome,Major,Full,2010/08/06,ASM14491v1,Centre Bioengineering RAS,GCA_000144915.1,identical,ftp://ftp.ncbi.nlm.nih.gov/genomes/all/GCF/000/144/915/GCF_000144915.1_ASM14491v1,,assembly from type material,1.0,1.0,1469.0,1496453.0,GCF_000144915.1_Acidilobus saccharovorans 345-15_strain=345-15,0.814351814144,57.2173666664
GCF_000151205.2,PRJNA224116,SAMN02603626,,na,246969,246969,Thermococcus sp. AM4,strain=AM4,,latest,Complete Genome,Major,Full,2011/09/08,ASM15120v2,Moore Foundation,GCA_000151205.2,identical,ftp://ftp.ncbi.nlm.nih.gov/genomes/all/GCF/000/151/205/GCF_000151205.2_ASM15120v2,,,1.0,1.0,2225.0,2086428.0,GCF_000151205.2_Thermococcus sp. AM4_strain=AM4,0.907037269656,54.7809941201
GCF_000009185.1,PRJNA224116,SAMEA3138195,,na,362976,293091,Haloquadratum walsbyi DSM 16790,strain=DSM 16790 = HBSQ001,,latest,Complete Genome,Major,Full,2006/06/22,ASM918v1,Max Planck Institute,GCA_000009185.1,identical,ftp://ftp.ncbi.nlm.nih.gov/genomes/all/GCF/000/009/185/GCF_000009185.1_ASM918v1,,,2.0,2.0,2680.0,3179361.0,GCF_000009185.1_Haloquadratum walsbyi DSM 16790_strain=DSM 16790 = HBSQ001,0.177818125948,47.8610953585
GCF_000237865.1,PRJNA224116,SAMEA2272799,,representative genome,768065,293091,Haloquadratum walsbyi C23,,,latest,Complete Genome,Major,Full,2011/05/31,ASM23786v1,Max-Planck-Institute of Biochemistry,GCA_000237865.1,identical,ftp://ftp.ncbi.nlm.nih.gov/genomes/all/GCF/000/237/865/GCF_000237865.1_ASM23786v1,,assembly from type material,2.0,4.0,2777.0,3260476.0,GCF_000237865.1_Haloquadratum walsbyi C23,0.187556845833,47.675922166
GCF_001563245.1,PRJNA224116,SAMN04335716,,representative genome,294671,294671,Methanobrevibacter olleyae,strain=YLM1,,latest,Complete Genome,Major,Full,2016/02/18,ASM156324v1,PGgRc,GCA_001563245.1,identical,ftp://ftp.ncbi.nlm.nih.gov/genomes/all/GCF/001/563/245/GCF_001563245.1_ASM156324v1,,,2.0,1.0,1777.0,2201192.0,GCF_001563245.1_Methanobrevibacter olleyae_strain=YLM1,0.835941700681,26.9318169428
GCF_000235565.1,PRJNA224116,SAMN02603883,,representative genome,1110509,301375,Methanosaeta harundinacea 6Ac,strain=6Ac,,latest,Complete Genome,Major,Full,2011/11/16,ASM23556v1,"State Key Laboratory of Microbial Resources, Institute of Microbiology, Chinese Academy of Sciences",GCA_000235565.1,identical,ftp://ftp.ncbi.nlm.nih.gov/genomes/all/GCF/000/235/565/GCF_000235565.1_ASM23556v1,,,1.0,2.0,2348.0,2571034.0,GCF_000235565.1_Methanosaeta harundinacea 6Ac_strain=6Ac,0.783374449182,60.5963592858
GCF_000009965.1,PRJNA224116,SAMD00061071,,representative genome,69014,311400,Thermococcus kodakarensis KOD1,strain=KOD1,,latest,Complete Genome,Major,Full,2005/01/05,ASM996v1,"Kyoto University, Japan",GCA_000009965.1,identical,ftp://ftp.ncbi.nlm.nih.gov/genomes/all/GCF/000/009/965/GCF_000009965.1_ASM996v1,,assembly from type material,1.0,1.0,2227.0,2088737.0,,,51.9954881826
GCF_000018365.1,PRJNA224116,SAMN02603476,,representative genome,523850,342948,Thermococcus onnurineus NA1,strain=NA1,,latest,Complete Genome,Major,Full,2008/11/06,ASM1836v1,Korea Ocean Research & Development Institute,GCA_000018365.1,identical,ftp://ftp.ncbi.nlm.nih.gov/genomes/all/GCF/000/018/365/GCF_000018365.1_ASM1836v1,,assembly from type material,1.0,1.0,1936.0,1847607.0,GCF_000018365.1_Thermococcus onnurineus NA1_strain=NA1,0.897036024643,51.2727003091
GCF_000211475.1,PRJNA224116,SAMN02603477,,na,342949,342949,Pyrococcus sp. NA2,strain=NA2,,latest,Complete Genome,Major,Full,2011/04/29,ASM21147v1,Korea Ocean Research and Development Institute,GCA_000211475.1,identical,ftp://ftp.ncbi.nlm.nih.gov/genomes/all/GCF/000/211/475/GCF_000211475.1_ASM21147v1,,,1.0,1.0,1920.0,1861320.0,GCF_000211475.1_Pyrococcus sp. NA2_strain=NA2,0.849070416274,42.7402596007
GCF_000517625.1,PRJNA224116,SAMN00117518,,representative genome,797299,353800,Halostagnicola larsenii XH-48,strain=XH-48,,latest,Complete Genome,Major,Full,2014/01/13,ASM51762v1,JGI,GCA_000517625.1,identical,ftp://ftp.ncbi.nlm.nih.gov/genomes/all/GCF/000/517/625/GCF_000517625.1_ASM51762v1,,assembly from type material,2.0,5.0,3725.0,4131176.0,GCF_000517625.1_Halostagnicola larsenii XH-48_strain=XH-48,0.36890601505,60.8978169896
GCF_000017625.1,PRJNA224116,SAMN02598409,,representative genome,456442,358766,Methanoregula boonei 6A8,strain=6A8,,latest,Complete Genome,Major,Full,2007/07/26,ASM1762v1,US DOE Joint Genome Institute,GCA_000017625.1,identical,ftp://ftp.ncbi.nlm.nih.gov/genomes/all/GCF/000/017/625/GCF_000017625.1_ASM1762v1,,assembly from type material,1.0,1.0,2488.0,2542943.0,GCF_000017625.1_Methanoregula boonei 6A8_strain=6A8,0.776255557909,54.5136088383
GCF_000025665.1,PRJNA224116,SAMN02598523,,representative genome,439481,379547,Aciduliprofundum boonei T469,strain=T469,,latest,Complete Genome,Major,Full,2010/02/24,ASM2566v1,US DOE Joint Genome Institute,GCA_000025665.1,identical,ftp://ftp.ncbi.nlm.nih.gov/genomes/all/GCF/000/025/665/GCF_000025665.1_ASM2566v1,,,1.0,1.0,1511.0,1486778.0,GCF_000025665.1_Aciduliprofundum boonei T469_strain=T469,0.691899815617,39.1579644036
GCF_000217715.1,PRJNA224116,SAMN02232028,,representative genome,797210,387343,Halopiger xanaduensis SH-6,strain=SH-6,,latest,Complete Genome,Major,Full,2011/06/09,ASM21771v1,US DOE Joint Genome Institute,GCA_000217715.1,identical,ftp://ftp.ncbi.nlm.nih.gov/genomes/all/GCF/000/217/715/GCF_000217715.1_ASM21771v1,,assembly from type material,3.0,4.0,4018.0,4355268.0,GCF_000217715.1_Halopiger xanaduensis SH-6_strain=SH-6,0.465132102007,65.1836121221
GCF_000281695.1,PRJNA224116,SAMN02603638,,na,406552,406552,Natrinema sp. J7-2,strain=J7-2,,latest,Complete Genome,Major,Full,2012/07/25,ASM28169v1,Nankai University,GCA_000281695.1,identical,ftp://ftp.ncbi.nlm.nih.gov/genomes/all/GCF/000/281/695/GCF_000281695.1_ASM28169v1,,,3.0,2.0,3564.0,3793615.0,GCF_000281695.1_Natrinema sp. J7-2_strain=J7-2,0.484258381978,64.1061362315
GCF_000196895.1,PRJNA224116,SAMN02603490,,representative genome,795797,413810,Halalkalicoccus jeotgali B3,strain=B3,,latest,Complete Genome,Major,Full,2010/06/23,ASM19689v1,Kyung Hee University,GCA_000196895.1,identical,ftp://ftp.ncbi.nlm.nih.gov/genomes/all/GCF/000/196/895/GCF_000196895.1_ASM19689v1,,assembly from type material,1.0,7.0,3550.0,3698650.0,GCF_000196895.1_Halalkalicoccus jeotgali B3_strain=B3,0.477176152266,62.5205953524
GCF_000591055.1,PRJNA224116,SAMEA3138954,,representative genome,268739,416273,Natronomonas moolapensis 8.8.11,strain=8.8.11,,latest,Complete Genome,Major,Full,2013/02/21,ASM59105v1,Max-Planck-Institute of Biochemistry,GCA_000591055.1,identical,ftp://ftp.ncbi.nlm.nih.gov/genomes/all/GCF/000/591/055/GCF_000591055.1_ASM59105v1,,assembly from type material,1.0,1.0,2640.0,2912573.0,GCF_000591055.1_Natronomonas moolapensis 8.8.11_strain=8.8.11,0.680521085023,64.5258333439
GCF_000970285.1,PRJNA224116,SAMN03074578,,representative genome,1434110,418008,Methanosarcina horonobensis HB-1 = JCM 15518,strain=HB-1,,latest,Complete Genome,Major,Full,2015/04/07,ASM97028v1,University of Illinois at Urbana-Champaign,GCA_000970285.1,identical,ftp://ftp.ncbi.nlm.nih.gov/genomes/all/GCF/000/970/285/GCF_000970285.1_ASM97028v1,,assembly from type material,3.0,1.0,4096.0,5018607.0,GCF_000970285.1_Methanosarcina horonobensis HB-1 = JCM 15518_strain=HB-1,0.590484730561,41.3110450769
GCF_000306725.1,PRJNA224116,SAMN00739943,,representative genome,1094980,420950,Methanolobus psychrophilus R15,strain=R15,,latest,Complete Genome,Major,Full,2012/10/18,ASM30672v1,Beijing Institute of Genomics,GCA_000306725.1,identical,ftp://ftp.ncbi.nlm.nih.gov/genomes/all/GCF/000/306/725/GCF_000306725.1_ASM30672v1,,assembly from type material,3.0,1.0,2802.0,3072769.0,GCF_000306725.1_Methanolobus psychrophilus R15_strain=R15,0.650194836727,44.610870521
GCF_000470655.1,PRJNA224116,SAMEA2271992,,representative genome,1033806,430914,Halorhabdus tiamatea SARL4B,strain=type strain: SARL4B,,latest,Complete Genome,Major,Full,2013/08/01,HATI1,MPI BREMEN,GCA_000470655.1,identical,ftp://ftp.ncbi.nlm.nih.gov/genomes/all/GCF/000/470/655/GCF_000470655.1_HATI1,,assembly from type material,1.0,2.0,2939.0,3146160.0,GCF_000470655.1_Halorhabdus tiamatea SARL4B_strain=type strain: SARL4B,0.56701653442,62.7428039261
GCF_000021965.1,PRJNA224116,SAMN00001866,,representative genome,521011,475088,Methanosphaerula palustris E1-9c,strain=E1-9c,,latest,Complete Genome,Major,Full,2009/01/05,ASM2196v1,US DOE Joint Genome Institute (JGI-PGF),GCA_000021965.1,identical,ftp://ftp.ncbi.nlm.nih.gov/genomes/all/GCF/000/021/965/GCF_000021965.1_ASM2196v1,,assembly from type material,3.0,1.0,2680.0,2922917.0,GCF_000021965.1_Methanosphaerula palustris E1-9c_strain=E1-9c,0.764648404696,55.3536757972
GCF_000019605.1,PRJNA224116,SAMN02598368,,na,374847,498846,Candidatus Korarchaeum cryptofilum OPF8,,,latest,Complete Genome,Major,Full,2008/03/18,ASM1960v1,US DOE Joint Genome Institute,GCA_000019605.1,identical,ftp://ftp.ncbi.nlm.nih.gov/genomes/all/GCF/000/019/605/GCF_000019605.1_ASM1960v1,,,1.0,1.0,1627.0,1590757.0,GCF_000019605.1_Candidatus Korarchaeum cryptofilum OPF8,0.473571670453,49.0006958951
GCF_000213215.1,PRJNA224116,SAMN02602984,,representative genome,933801,563177,Acidianus hospitalis W1,strain=W1,,latest,Complete Genome,Major,Full,2011/05/12,ASM21321v1,"Archaea Centre, Department of Biology, University of Copenhagen, Copenhagen 2200 N, Denmark",GCA_000213215.1,identical,ftp://ftp.ncbi.nlm.nih.gov/genomes/all/GCF/000/213/215/GCF_000213215.1_ASM21321v1,,,1.0,1.0,2326.0,2137654.0,GCF_000213215.1_Acidianus hospitalis W1_strain=W1,0.334723586621,34.1481362278
GCF_000789255.1,PRJNA224116,SAMN03070125,,representative genome,565033,565033,Geoglobus acetivorans,strain=SBH6,,latest,Complete Genome,Major,Full,2014/12/04,ASM78925v1,Centre Bioengineering RAS,GCA_000789255.1,identical,ftp://ftp.ncbi.nlm.nih.gov/genomes/all/GCF/000/789/255/GCF_000789255.1_ASM78925v1,,assembly from type material,1.0,1.0,2132.0,1860815.0,GCF_000789255.1_Geoglobus acetivorans_strain=SBH6,0.736308515434,46.8406585287
GCF_000517445.1,PRJNA224116,SAMN03081513,,representative genome,582419,582419,Thermococcus paralvinellae,strain=ES1,,latest,Complete Genome,Major,Full,2014/01/10,ASM51744v1,Kyung Hee University,GCA_000517445.1,identical,ftp://ftp.ncbi.nlm.nih.gov/genomes/all/GCF/000/517/445/GCF_000517445.1_ASM51744v1,,assembly from type material,1.0,1.0,2052.0,1957742.0,GCF_000517445.1_Thermococcus paralvinellae_strain=ES1,0.850164826541,40.2965252827
GCF_000025525.1,PRJNA224116,SAMN02598520,,na,644281,644281,Methanocaldococcus sp. FS406-22,strain=FS406-22,,latest,Complete Genome,Major,Full,2010/02/17,ASM2552v1,US DOE Joint Genome Institute,GCA_000025525.1,identical,ftp://ftp.ncbi.nlm.nih.gov/genomes/all/GCF/000/025/525/GCF_000025525.1_ASM2552v1,,,2.0,2.0,1777.0,1773136.0,GCF_000025525.1_Methanocaldococcus sp. FS406-22_strain=FS406-22,0.903029465997,32.0391103672
GCF_000327505.1,PRJNA224116,SAMN02261429,,na,673860,673860,Aciduliprofundum sp. MAR08-339,strain=MAR08-339,,latest,Complete Genome,Major,Full,2012/12/21,ASM32750v1,JGI,GCA_000327505.1,identical,ftp://ftp.ncbi.nlm.nih.gov/genomes/all/GCF/000/327/505/GCF_000327505.1_ASM32750v1,,,1.0,1.0,1459.0,1437090.0,GCF_000327505.1_Aciduliprofundum sp. MAR08-339_strain=MAR08-339,0.685466671778,44.1294560536
GCF_000230955.2,PRJNA224116,SAMN02261380,,na,751944,751944,Halobacterium sp. DL1,strain=DL1,,latest,Complete Genome,Major,Full,2014/01/13,ASM23095v3,JGI,GCA_000230955.3,identical,ftp://ftp.ncbi.nlm.nih.gov/genomes/all/GCF/000/230/955/GCF_000230955.2_ASM23095v3,,,1.0,2.0,3112.0,3162560.0,GCF_000230955.2_Halobacterium sp. DL1_strain=DL1,0.578807177448,66.4321625519
GCF_000224475.1,PRJNA224116,SAMN02232027,,representative genome,756883,756883,halophilic archaeon DL31,strain=DL31,,latest,Complete Genome,Major,Full,2011/08/26,ASM22447v1,DOE Joint Genome Institute,GCA_000224475.1,identical,ftp://ftp.ncbi.nlm.nih.gov/genomes/all/GCF/000/224/475/GCF_000224475.1_ASM22447v1,,,2.0,3.0,3320.0,3643158.0,GCF_000224475.1_halophilic archaeon DL31_strain=DL31,0.359569205182,62.3807422022
GCF_000828575.1,PRJNA224116,SAMD00060975,,na,866790,866790,Methanothermobacter sp. CaT2,strain=CaT2,,latest,Complete Genome,Major,Full,2012/12/03,ASM82857v1,National Institute of Genetics,GCA_000828575.1,identical,ftp://ftp.ncbi.nlm.nih.gov/genomes/all/GCF/000/828/575/GCF_000828575.1_ASM82857v1,,,2.0,2.0,1737.0,1731018.0,GCF_000828575.1_Methanothermobacter sp. CaT2_strain=CaT2,0.891110645555,49.3476670953
GCF_000214725.1,PRJNA224116,SAMN00713630,,representative genome,868131,868131,Methanobacterium paludis,strain=SWAN1,,latest,Complete Genome,Major,Full,2011/05/24,ASM21472v1,US DOE Joint Genome Institute,GCA_000214725.1,identical,ftp://ftp.ncbi.nlm.nih.gov/genomes/all/GCF/000/214/725/GCF_000214725.1_ASM21472v1,,assembly from type material,3.0,1.0,2344.0,2546541.0,GCF_000214725.1_Methanobacterium paludis_strain=SWAN1,0.828735844189,35.7317632035
GCF_000191585.1,PRJNA224116,SAMN02232037,,representative genome,877455,877455,Methanobacterium lacus,strain=AL-21,,latest,Complete Genome,Major,Full,2011/03/07,ASM19158v1,US DOE Joint Genome Institute,GCA_000191585.1,identical,ftp://ftp.ncbi.nlm.nih.gov/genomes/all/GCF/000/191/585/GCF_000191585.1_ASM19158v1,,,2.0,1.0,2440.0,2583753.0,GCF_000191585.1_Methanobacterium lacus_strain=AL-21,0.784001239429,35.8286569962
GCF_000327485.1,PRJNA224116,SAMN02232038,,representative genome,593750,882104,Methanoregula formicica SMSP,strain=SMSP,,latest,Complete Genome,Major,Full,2012/12/21,ASM32748v1,DOE Joint Genome Institute,GCA_000327485.1,identical,ftp://ftp.ncbi.nlm.nih.gov/genomes/all/GCF/000/327/485/GCF_000327485.1_ASM32748v1,,assembly from type material,1.0,1.0,2769.0,2820858.0,GCF_000327485.1_Methanoregula formicica SMSP_strain=SMSP,0.758372656165,55.1959368391
GCF_000725425.1,PRJNA224116,SAMN03081469,,representative genome,1343739,971279,Palaeococcus pacificus DY20341,strain=DY20341,,latest,Complete Genome,Major,Full,2014/07/14,ASM72542v1,"The third institute of oceanography of SOA,PRChina",GCA_000725425.1,identical,ftp://ftp.ncbi.nlm.nih.gov/genomes/all/GCF/000/725/425/GCF_000725425.1_ASM72542v1,,assembly from type material,2.0,1.0,1945.0,1859370.0,GCF_000725425.1_Palaeococcus pacificus DY20341_strain=DY20341,0.935483078271,43.0442569257
GCF_000190315.1,PRJNA224116,SAMN02603092,,representative genome,985053,985052,Vulcanisaeta moutnovskia 768-28,strain=768-28,,latest,Complete Genome,Major,Full,2011/02/22,ASM19031v1,Centre Bioengineering RAS,GCA_000190315.1,identical,ftp://ftp.ncbi.nlm.nih.gov/genomes/all/GCF/000/190/315/GCF_000190315.1_ASM19031v1,,,1.0,1.0,2351.0,2298983.0,GCF_000190315.1_Vulcanisaeta moutnovskia 768-28_strain=768-28,0.637052056565,42.3870032967
GCF_000204925.1,PRJNA224116,SAMN02603221,,representative genome,1006006,1006005,Metallosphaera cuprina Ar-4,strain=Ar-4,,latest,Complete Genome,Major,Full,2011/04/19,ASM20492v1,Environmental Microbiology Research Center (EMRC),GCA_000204925.1,identical,ftp://ftp.ncbi.nlm.nih.gov/genomes/all/GCF/000/204/925/GCF_000204925.1_ASM20492v1,,assembly from type material,1.0,1.0,1878.0,1840348.0,GCF_000204925.1_Metallosphaera cuprina Ar-4_strain=Ar-4,0.300034690208,41.9945575511
GCF_000215995.1,PRJNA224116,SAMN02603867,,representative genome,529709,1008460,Pyrococcus yayanosii CH1,strain=CH1,,latest,Complete Genome,Major,Full,2011/06/07,ASM21599v1,Shanghai JiaoTong University,GCA_000215995.1,identical,ftp://ftp.ncbi.nlm.nih.gov/genomes/all/GCF/000/215/995/GCF_000215995.1_ASM21599v1,,assembly from type material,1.0,1.0,1795.0,1716818.0,GCF_000215995.1_Pyrococcus yayanosii CH1_strain=CH1,0.891181473248,51.6375061305
GCF_000698785.1,PRJNA224116,SAMN02721150,,representative genome,926571,1034015,Nitrososphaera viennensis EN76,strain=EN76,,latest,Complete Genome,Major,Full,2014/06/06,ASM69878v1,University of Vienna,GCA_000698785.1,identical,ftp://ftp.ncbi.nlm.nih.gov/genomes/all/GCF/000/698/785/GCF_000698785.1_ASM69878v1,,assembly from type material,1.0,1.0,2794.0,2527938.0,GCF_000698785.1_Nitrososphaera viennensis EN76_strain=EN76,0.556435602273,52.7154542556
GCF_000221185.1,PRJNA224116,SAMN02603471,,na,1042877,1042877,Thermococcus sp. 4557,strain=4557,,latest,Complete Genome,Major,Full,2011/07/22,ASM22118v1,"Key Laboratory of Marine Biogenetic Resources, Third Institute of Oceanography, State Oceanic Administration (SOA),PR China",GCA_000221185.1,identical,ftp://ftp.ncbi.nlm.nih.gov/genomes/all/GCF/000/221/185/GCF_000221185.1_ASM22118v1,,,1.0,1.0,2076.0,2011320.0,GCF_000221185.1_Thermococcus sp. 4557_strain=4557,0.892940957981,56.0787940258
GCF_000350305.1,PRJNA224116,SAMN02603168,,representative genome,1054217,1054217,Thermoplasmatales archaeon BRNA1,strain=BRNA1,,latest,Complete Genome,Major,Full,2013/04/02,ASM35030v1,CSIRO Livestock Industries,GCA_000350305.1,identical,ftp://ftp.ncbi.nlm.nih.gov/genomes/all/GCF/000/350/305/GCF_000350305.1_ASM35030v1,,,1.0,1.0,1465.0,1461105.0,GCF_000350305.1_Thermoplasmatales archaeon BRNA1_strain=BRNA1,0.463613306141,58.3029967045
GCF_000251105.1,PRJNA224116,SAMN02603117,,representative genome,1041930,1175444,Methanocella conradii HZ254,strain=HZ254,,latest,Complete Genome,Major,Full,2012/03/07,ASM25110v1,China Agricultural University,GCA_000251105.1,identical,ftp://ftp.ncbi.nlm.nih.gov/genomes/all/GCF/000/251/105/GCF_000251105.1_ASM25110v1,,assembly from type material,2.0,1.0,2419.0,2378438.0,GCF_000251105.1_Methanocella conradii HZ254_strain=HZ254,0.45844126802,52.7402017627
GCF_000063445.1,PRJNA224116,SAMEA3138262,,representative genome,351160,1175445,Methanocella arvoryzae MRE50,strain=MRE50,,latest,Complete Genome,Major,Full,2006/10/12,ASM6344v1,Max Planck Institute,GCA_000063445.1,identical,ftp://ftp.ncbi.nlm.nih.gov/genomes/all/GCF/000/063/445/GCF_000063445.1_ASM6344v1,,assembly from type material,3.0,1.0,3001.0,3179916.0,GCF_000063445.1_Methanocella arvoryzae MRE50_strain=MRE50,0.520288062205,54.6029517761
GCF_000263735.1,PRJNA224116,SAMN02603491,,na,1183377,1183377,Pyrococcus sp. ST04,strain=ST04,,latest,Complete Genome,Major,Full,2012/05/22,ASM26373v1,Kyung Hee University,GCA_000263735.1,identical,ftp://ftp.ncbi.nlm.nih.gov/genomes/all/GCF/000/263/735/GCF_000263735.1_ASM26373v1,,,1.0,1.0,1793.0,1736885.0,GCF_000263735.1_Pyrococcus sp. ST04_strain=ST04,0.804946055609,42.2933009382
GCF_000264495.1,PRJNA224116,SAMN02603096,,representative genome,1184251,1200300,Thermogladius calderae 1633,strain=1633,,latest,Complete Genome,Major,Full,2012/05/25,ASM26449v1,Centre Bioengineering RAS,GCA_000264495.1,identical,ftp://ftp.ncbi.nlm.nih.gov/genomes/all/GCF/000/264/495/GCF_000264495.1_ASM26449v1,,assembly from type material,1.0,1.0,1392.0,1356318.0,GCF_000264495.1_Thermogladius calderae 1633_strain=1633,0.938493216921,55.6411549504
GCF_000299395.1,PRJNA224116,SAMN02603138,,na,1229909,1229909,Candidatus Nitrosopumilus sediminis,strain=AR2,,latest,Complete Genome,Major,Full,2012/09/27,ASM29939v1,Chungbuk National University,GCA_000299395.1,identical,ftp://ftp.ncbi.nlm.nih.gov/genomes/all/GCF/000/299/395/GCF_000299395.1_ASM29939v1,,,1.0,1.0,1935.0,1690905.0,GCF_000299395.1_Candidatus Nitrosopumilus sediminis_strain=AR2,0.233500822809,33.5886995426
GCF_001412615.1,PRJNA224116,SAMN03223811,,representative genome,1273541,1273541,Pyrodictium delaneyi,strain=Su06,,latest,Complete Genome,Major,Full,2015/10/26,ASM141261v1,Kyung Hee University,GCA_001412615.1,identical,ftp://ftp.ncbi.nlm.nih.gov/genomes/all/GCF/001/412/615/GCF_001412615.1_ASM141261v1,,assembly from type material,1.0,1.0,1991.0,2023836.0,GCF_001412615.1_Pyrodictium delaneyi_strain=Su06,0.802261404436,53.9139535022
GCF_000300255.2,PRJNA224116,SAMN03081445,,na,1236689,1291540,Candidatus Methanomethylophilus alvus Mx1201,strain=Mx1201,,latest,Complete Genome,Major,Full,2013/04/09,ASM30025v2,Universit d'Auvergne,GCA_000300255.2,identical,ftp://ftp.ncbi.nlm.nih.gov/genomes/all/GCF/000/300/255/GCF_000300255.2_ASM30025v2,,,1.0,1.0,1586.0,1666795.0,GCF_000300255.2_Candidatus Methanomethylophilus alvus Mx1201_strain=Mx1201,0.352459258396,55.5947192066
GCF_000739065.1,PRJNA224116,SAMN02951366,,representative genome,1301915,1301915,Methanocaldococcus bathoardescens,strain=JH146,,latest,Complete Genome,Major,Full,2014/08/12,ASM73906v1,Kyung Hee University,GCA_000739065.1,identical,ftp://ftp.ncbi.nlm.nih.gov/genomes/all/GCF/000/739/065/GCF_000739065.1_ASM73906v1,,assembly from type material,2.0,1.0,1606.0,1607556.0,GCF_000739065.1_Methanocaldococcus bathoardescens_strain=JH146,0.909452629776,30.7881031827
GCF_000385565.1,PRJNA224116,SAMN02028569,,representative genome,387631,1316941,Archaeoglobus sulfaticallidus PM70-1,strain=PM70-1,,latest,Complete Genome,Major,Full,2013/04/30,ASM38556v1,"University of Bergen, Centre for Geobiology, Department of Biology",GCA_000385565.1,identical,ftp://ftp.ncbi.nlm.nih.gov/genomes/all/GCF/000/385/565/GCF_000385565.1_ASM38556v1,,assembly from type material,1.0,1.0,2178.0,2076931.0,GCF_000385565.1_Archaeoglobus sulfaticallidus PM70-1_strain=PM70-1,0.829459977957,43.2389906068
GCF_000403645.1,PRJNA224116,SAMN02602994,,na,1333523,1333523,Salinarchaeum sp. Harcht-Bsk1,strain=Harcht-Bsk1,,latest,Complete Genome,Major,Full,2013/05/30,ASM40364v1,Baltic Federal University,GCA_000403645.1,identical,ftp://ftp.ncbi.nlm.nih.gov/genomes/all/GCF/000/403/645/GCF_000403645.1_ASM40364v1,,,1.0,1.0,2925.0,3255260.0,GCF_000403645.1_Salinarchaeum sp. Harcht-Bsk1_strain=Harcht-Bsk1,0.518034286362,66.5859869872
GCF_000446015.1,PRJNA224116,SAMN02602995,,na,1365176,1365176,Thermofilum adornatus,,,latest,Complete Genome,Major,Full,2013/08/13,ASM44601v1,Baltic Federal University,GCA_000446015.1,identical,ftp://ftp.ncbi.nlm.nih.gov/genomes/all/GCF/000/446/015/GCF_000446015.1_ASM44601v1,,,1.0,1.0,1825.0,1750259.0,GCF_000446015.1_Thermofilum adornatus,0.878653481939,46.5062599307
GCF_000499765.1,PRJNA224116,SAMEA3138830,,na,1379702,1379702,Methanobacterium sp. MB1,,,latest,Complete Genome,Major,Full,2013/11/14,Methanobacterium,irena.maus,GCA_000499765.1,identical,ftp://ftp.ncbi.nlm.nih.gov/genomes/all/GCF/000/499/765/GCF_000499765.1_Methanobacterium,,,2.0,1.0,1933.0,2029766.0,GCF_000499765.1_Methanobacterium sp. MB1,0.802078133445,39.7424136575
GCF_000404225.1,PRJNA224116,SAMN03081468,,na,1295009,1406512,Candidatus Methanomassiliicoccus intestinalis Issoire-Mx1,strain=Issoire-Mx1,,latest,Complete Genome,Major,Full,2013/06/03,ASM40422v1,Universite d'Auvergne,GCA_000404225.1,identical,ftp://ftp.ncbi.nlm.nih.gov/genomes/all/GCF/000/404/225/GCF_000404225.1_ASM40422v1,,,1.0,1.0,1804.0,1931651.0,GCF_000404225.1_Candidatus Methanomassiliicoccus intestinalis Issoire-Mx1_strain=Issoire-Mx1,0.380161331192,41.2554338232
GCF_001488575.1,PRJNA224116,SAMEA3305703,,representative genome,1407499,1407499,Halobacterium hubeiense,strain=JI20-1,,latest,Complete Genome,Major,Full,2015/12/17,Halobacterium hubeiense JI20-1,UH,GCA_001488575.1,identical,ftp://ftp.ncbi.nlm.nih.gov/genomes/all/GCF/001/488/575/GCF_001488575.1_Halobacterium_hubeiense_JI20-1,,assembly from type material,1.0,4.0,3100.0,3130345.0,GCF_001488575.1_Halobacterium hubeiense_strain=JI20-1,0.551529397719,66.5742274414
GCF_000812185.1,PRJNA224116,SAMN03273964,,na,1410606,1410606,Candidatus Nitrosopelagicus brevis,strain=CN25,,latest,Complete Genome,Major,Full,2014/12/31,ASM81218v1,J. Craig Venter Institute,GCA_000812185.1,identical,ftp://ftp.ncbi.nlm.nih.gov/genomes/all/GCF/000/812/185/GCF_000812185.1_ASM81218v1,,,1.0,1.0,1403.0,1232128.0,GCF_000812185.1_Candidatus Nitrosopelagicus brevis_strain=CN25,0.153338063495,33.157756337
GCF_000969945.1,PRJNA224116,SAMN03074590,,na,1434099,1434099,Methanosarcina sp. Kolksee,strain=Kolksee,,latest,Complete Genome,Major,Full,2015/04/07,ASM96994v1,University of Illinois at Urbana-Champaign,GCA_000969945.1,identical,ftp://ftp.ncbi.nlm.nih.gov/genomes/all/GCF/000/969/945/GCF_000969945.1_ASM96994v1,,,3.0,2.0,3521.0,4553495.0,GCF_000969945.1_Methanosarcina sp. Kolksee_strain=Kolksee,0.575674623356,39.8463158519
GCF_000970045.1,PRJNA224116,SAMN03074591,,na,1434100,1434100,Methanosarcina sp. MTP4,strain=MTP4,,latest,Complete Genome,Major,Full,2015/04/07,ASM97004v1,University of Illinois at Urbana-Champaign,GCA_000970045.1,identical,ftp://ftp.ncbi.nlm.nih.gov/genomes/all/GCF/000/970/045/GCF_000970045.1_ASM97004v1,,,3.0,1.0,3366.0,4211468.0,GCF_000970045.1_Methanosarcina sp. MTP4_strain=MTP4,0.573362870612,45.9302314537
GCF_000970005.1,PRJNA224116,SAMN03074593,,na,1434102,1434102,Methanosarcina sp. WH1,strain=WH1,,latest,Complete Genome,Major,Full,2015/04/07,ASM97000v1,University of Illinois at Urbana-Champaign,GCA_000970005.1,identical,ftp://ftp.ncbi.nlm.nih.gov/genomes/all/GCF/000/970/005/GCF_000970005.1_ASM97000v1,,,3.0,1.0,3225.0,3914091.0,GCF_000970005.1_Methanosarcina sp. WH1_strain=WH1,0.567064455036,41.8192627611
GCF_000969965.1,PRJNA224116,SAMN03074594,,na,1434103,1434103,Methanosarcina sp. WWM596,strain=WWM596,,latest,Complete Genome,Major,Full,2015/04/07,ASM96996v1,University of Illinois at Urbana-Champaign,GCA_000969965.1,identical,ftp://ftp.ncbi.nlm.nih.gov/genomes/all/GCF/000/969/965/GCF_000969965.1_ASM96996v1,,,3.0,1.0,3375.0,4137337.0,,,41.6924944717
GCF_000813245.1,PRJNA224116,SAMN03274240,,na,697581,1483572,Thermofilum carboxyditrophus 1505,strain=1505,,latest,Complete Genome,Major,Full,2015/01/02,ASM81324v1,Centre Bioengineering RAS,GCA_000813245.1,identical,ftp://ftp.ncbi.nlm.nih.gov/genomes/all/GCF/000/813/245/GCF_000813245.1_ASM81324v1,,,1.0,1.0,1849.0,1754190.0,,,46.4039243183
GCF_001560915.1,PRJNA224116,SAMN03976563,,representative genome,1495144,1495144,methanogenic archaeon ISO4-H5,strain=ISO4-H5,,latest,Complete Genome,Major,Full,2016/02/12,ASM156091v1,AgResearch Ltd.,GCA_001560915.1,identical,ftp://ftp.ncbi.nlm.nih.gov/genomes/all/GCF/001/560/915/GCF_001560915.1_ASM156091v1,,,2.0,1.0,1780.0,1937883.0,GCF_001560915.1_methanogenic archaeon ISO4-H5_strain=ISO4-H5,0.38167107948,54.0039310939
GCF_000769655.1,PRJNA224116,SAMN02838508,,representative genome,1505907,1505907,Thermococcus eurythermalis,strain=A501,,latest,Complete Genome,Major,Full,2014/10/28,ASM76965v1,Laboratory of Marine Oceanography,GCA_000769655.1,identical,ftp://ftp.ncbi.nlm.nih.gov/genomes/all/GCF/000/769/655/GCF_000769655.1_ASM76965v1,,assembly from type material,1.0,2.0,2181.0,2126164.0,GCF_000769655.1_Thermococcus eurythermalis_strain=A501,0.885945939418,53.4540609285
GCF_000993805.1,PRJNA224116,SAMN03083278,,na,1550241,1550241,Thermofilum uzonense,strain=1807-2,,latest,Complete Genome,Major,Full,2015/05/07,ASM99380v1,Immanuel Kant Baltic Federal University,GCA_000993805.1,identical,ftp://ftp.ncbi.nlm.nih.gov/genomes/all/GCF/000/993/805/GCF_000993805.1_ASM99380v1,,assembly from type material,1.0,1.0,1640.0,1611988.0,GCF_000993805.1_Thermofilum uzonense_strain=1807-2,0.852141907057,47.9401211423
GCF_000800805.1,PRJNA224116,SAMN03224143,,na,1577791,1577791,Candidatus Methanoplasma termitum,strain=MpT1,,latest,Complete Genome,Major,Full,2014/12/11,ASM80080v1,"Georg-August-University Goettingen, Genomic and Applied Microbiology, Goettingen Genomics Laboratory",GCA_000800805.1,identical,ftp://ftp.ncbi.nlm.nih.gov/genomes/all/GCF/000/800/805/GCF_000800805.1_ASM80080v1,,assembly from type material,1.0,1.0,1359.0,1488669.0,GCF_000800805.1_Candidatus Methanoplasma termitum_strain=MpT1,0.458163134984,49.2056998567
GCF_000956175.1,PRJNA224116,SAMN03253153,,na,1580092,1580092,Candidatus Nitrosopumilus adriaticus,strain=NF5,,latest,Complete Genome,Major,Full,2015/03/19,ASM95617v1,University of Vienna,GCA_000956175.1,identical,ftp://ftp.ncbi.nlm.nih.gov/genomes/all/GCF/000/956/175/GCF_000956175.1_ASM95617v1,,,1.0,1.0,2022.0,1803090.0,GCF_000956175.1_Candidatus Nitrosopumilus adriaticus_strain=NF5,0.267103635659,33.4068737556
GCF_000827835.1,PRJNA224116,SAMN03278120,,na,1592728,1592728,Haloarcula sp. CBA1115,strain=CBA1115,CBA1115,latest,Complete Genome,Major,Full,2015/01/23,ASM82783v1,Kyung Hee University,GCA_000827835.1,identical,ftp://ftp.ncbi.nlm.nih.gov/genomes/all/GCF/000/827/835/GCF_000827835.1_ASM82783v1,,,3.0,6.0,3948.0,4225046.0,GCF_000827835.1_Haloarcula sp. CBA1115_strain=CBA1115,0.3083527171,61.949810724
GCF_000955905.1,PRJNA224116,SAMN03286947,,na,1603555,1603555,Candidatus Nitrosotenuis cloacae,strain=SAT1,,latest,Complete Genome,Major,Full,2015/04/20,ASM95590v3,Tsinghua University,GCA_000955905.3,identical,ftp://ftp.ncbi.nlm.nih.gov/genomes/all/GCF/000/955/905/GCF_000955905.1_ASM95590v3,,,1.0,1.0,1787.0,1620156.0,GCF_000955905.1_Candidatus Nitrosotenuis cloacae_strain=SAT1,0.192224136434,40.9969163463
GCF_001011115.1,PRJNA224116,SAMN02899090,,representative genome,1604004,1604004,Halanaeroarchaeum sulfurireducens,strain=HSR2,,latest,Complete Genome,Major,Full,2015/05/21,ASM101111v1,C.N.R. - Institute for Coastal Marine Environment (IAMC),GCA_001011115.1,identical,ftp://ftp.ncbi.nlm.nih.gov/genomes/all/GCF/001/011/115/GCF_001011115.1_ASM101111v1,,assembly from type material,1.0,2.0,2129.0,2209738.0,GCF_001011115.1_Halanaeroarchaeum sulfurireducens_strain=HSR2,0.560991395935,62.8475412017
GCF_001305655.1,PRJNA224116,SAMN03701450,,na,1604004,1604004,Halanaeroarchaeum sulfurireducens,strain=M27-SA2,,latest,Complete Genome,Major,Full,2015/10/02,ASM130565v1,C.N.R. - Institute for Coastal Marine Environment (IAMC),GCA_001305655.1,identical,ftp://ftp.ncbi.nlm.nih.gov/genomes/all/GCF/001/305/655/GCF_001305655.1_ASM130565v1,,,1.0,2.0,2171.0,2253500.0,GCF_001305655.1_Halanaeroarchaeum sulfurireducens_strain=M27-SA2,0.516342703548,62.7608165077
GCF_001577775.1,PRJNA224116,SAMN03323778,,representative genome,1609559,1609559,Pyrococcus kukulkanii,strain=NCB100,,latest,Complete Genome,Major,Full,2016/02/29,ASM157777v1,Ecole Normale Superieure de Lyon,GCA_001577775.1,identical,ftp://ftp.ncbi.nlm.nih.gov/genomes/all/GCF/001/577/775/GCF_001577775.1_ASM157777v1,,assembly from type material,1.0,1.0,2057.0,1977126.0,GCF_001577775.1_Pyrococcus kukulkanii_strain=NCB100,0.869864020612,44.6220928762
GCF_001548675.1,PRJNA224116,SAMN03295748,,na,1609968,1609968,Methanobrevibacter sp. YE315,strain=YE315,,latest,Complete Genome,Major,Full,2016/02/04,ASM154867v1,Queensland Government,GCA_001548675.1,identical,ftp://ftp.ncbi.nlm.nih.gov/genomes/all/GCF/001/548/675/GCF_001548675.1_ASM154867v1,,,2.0,1.0,2022.0,2273296.0,GCF_001548675.1_Methanobrevibacter sp. YE315_strain=YE315,0.802766950556,34.248113752
GCF_001484685.1,PRJNA224116,SAMN03892931,,na,1674923,1674923,Thermococcus sp. 2319x1,strain=2319x1,,latest,Complete Genome,Major,Full,2016/01/04,ASM148468v1,Hotzyme,GCA_001484685.1,identical,ftp://ftp.ncbi.nlm.nih.gov/genomes/all/GCF/001/484/685/GCF_001484685.1_ASM148468v1,,,1.0,1.0,2034.0,1961221.0,GCF_001484685.1_Thermococcus sp. 2319x1_strain=2319x1,0.896325104118,44.5968098445
GCF_001647085.1,PRJNA224116,SAMN04915575,,representative genome,1712654,1712654,Thermococcus piezophilus,strain=CDGS,,latest,Complete Genome,Major,Full,2016/05/18,ASM164708v1,Institut National des Sciences Appliquees de Lyon,GCA_001647085.1,identical,ftp://ftp.ncbi.nlm.nih.gov/genomes/all/GCF/001/647/085/GCF_001647085.1_ASM164708v1,,assembly from type material,1.0,1.0,1866.0,1928800.0,GCF_001647085.1_Thermococcus piezophilus_strain=CDGS,0.902874176094,51.1069576939
GCF_001767315.1,PRJNA224116,SAMN05185403,,na,1873524,1873524,Halodesulfurarchaeum formicicum,strain=HTSR1,,latest,Complete Genome,Major,Full,2016/10/18,ASM176731v1,C.N.R. - Institute for Coastal Marine Environment (IAMC),GCA_001767315.1,identical,ftp://ftp.ncbi.nlm.nih.gov/genomes/all/GCF/001/767/315/GCF_001767315.1_ASM176731v1,,,1.0,1.0,1968.0,1972283.0,GCF_001767315.1_Halodesulfurarchaeum formicicum_strain=HTSR1,0.61961364453,63.7636688041
GCF_001886955.1,PRJNA224116,SAMN05363636,,representative genome,1873524,1873524,Halodesulfurarchaeum formicicum,strain=HSR6,,latest,Complete Genome,Major,Full,2016/11/28,ASM188695v1,Immanuel Kant Baltic Federal University,GCA_001886955.1,identical,ftp://ftp.ncbi.nlm.nih.gov/genomes/all/GCF/001/886/955/GCF_001886955.1_ASM188695v1,,assembly from type material,1.0,1.0,2079.0,2085946.0,,,63.6211579782
GCF_001719125.1,PRJNA224116,SAMN05582949,,na,1891280,1891280,Sulfolobus sp. A20,strain=A20,,latest,Complete Genome,Major,Full,2016/09/06,ASM171912v1,"Institute of Microbiology, Chinese Academy of Sciences",GCA_001719125.1,identical,ftp://ftp.ncbi.nlm.nih.gov/genomes/all/GCF/001/719/125/GCF_001719125.1_ASM171912v1,,,1.0,1.0,2588.0,2688317.0,GCF_001719125.1_Sulfolobus sp. A20_strain=A20,0.424435982395,34.7752515793
