# assembly_accession,bioproject,biosample,wgs_master,refseq_category,taxid,species_taxid,organism_name,infraspecific_name,isolate,version_status,assembly_level,release_type,genome_rep,seq_rel_date,asm_name,submitter,gbrs_paired_asm,paired_asm_comp,ftp_path,n16S,nge,ncds,genome_size,tax_name,phi,GC,clade,tip_name,npaths_actual,branch_length,nec_actual
GCF_000762265.1,PRJNA224116,SAMN03085433,,representative genome,2162,2162,Methanobacterium formicicum,strain=BRM9,,latest,Complete Genome,Major,Full,2014/10/02,ASM76226v1,PGgRc,GCA_000762265.1,identical,ftp://ftp.ncbi.nlm.nih.gov/genomes/all/GCF_000762265.1_ASM76226v1,2.0,1.0,2317.0,2449987.0,GCF_000762265.1_Methanobacterium formicicum_strain=BRM9,0.795240001266,41.339525475,344.0,@GCF_000762265.1_Methanobacterium_formicicum_strain_BRM9,108.0,0.00993205,86.0
GCF_000953115.1,PRJNA224116,SAMEA2724982,,na,2162,2162,Methanobacterium formicicum,,,latest,Complete Genome,Major,Full,2014/09/10,DSM1535,CEBITEC,GCA_000953115.1,identical,ftp://ftp.ncbi.nlm.nih.gov/genomes/all/GCF_000953115.1_DSM1535,2.0,1.0,2329.0,2478074.0,,,41.2305282247,,,,,
GCF_001458655.1,PRJNA224116,SAMEA2779801,,na,2162,2162,Methanobacterium formicicum,,Mb9,latest,Complete Genome,Major,Full,2015/11/16,Mb9,CEBITEC,GCA_001458655.1,identical,ftp://ftp.ncbi.nlm.nih.gov/genomes/all/GCF_001458655.1_Mb9,2.0,1.0,2320.0,2494510.0,,,41.1437115907,,,,,
GCF_000016525.1,PRJNA58827,SAMN02604313,,representative genome,420247,2173,Methanobrevibacter smithii ATCC 35061,strain=ATCC 35061; PS; DSMZ 861,,latest,Complete Genome,Major,Full,2007/06/04,ASM1652v1,,GCA_000016525.1,identical,ftp://ftp.ncbi.nlm.nih.gov/genomes/all/GCF_000016525.1_ASM1652v1,2.0,1.0,1699.0,1853160.0,GCF_000016525.1_Methanobrevibacter smithii ATCC 35061_strain=ATCC 35061; PS; DSMZ 861,0.757629783295,31.0342334175,7.0,@GCF_000016525.1_Methanobrevibacter_smithii_ATCC_35061_strain_ATCC_35061__PS__DSMZ_861,107.0,0.00500939,230.0
GCF_000025865.1,PRJNA47313,SAMN02598474,,representative genome,547558,2176,Methanohalophilus mahii DSM 5219,strain=DSM 5219,,latest,Complete Genome,Major,Full,2010/03/31,ASM2586v1,,GCA_000025865.1,identical,ftp://ftp.ncbi.nlm.nih.gov/genomes/all/GCF_000025865.1_ASM2586v1,3.0,1.0,1945.0,2012424.0,GCF_000025865.1_Methanohalophilus mahii DSM 5219_strain=DSM 5219,0.609471156082,42.6182057062,324.0,@GCF_000025865.1_Methanohalophilus_mahii_DSM_5219_strain_DSM_5219,119.0,0.0499638,395.0
GCF_000166095.1,PRJNA60167,SAMN02232040,,representative genome,523846,2180,Methanothermus fervidus DSM 2088,strain=DSM 2088,,latest,Complete Genome,Major,Full,2010/11/05,ASM16609v1,,GCA_000166095.1,identical,ftp://ftp.ncbi.nlm.nih.gov/genomes/all/GCF_000166095.1_ASM16609v1,2.0,1.0,1290.0,1243342.0,GCF_000166095.1_Methanothermus fervidus DSM 2088_strain=DSM 2088,0.996241821505,31.6369912703,339.0,@GCF_000166095.1_Methanothermus_fervidus_DSM_2088_strain_DSM_2088,100.0,0.0810066,308.0
GCF_000017165.1,PRJNA58767,SAMN02598403,,representative genome,406327,2187,Methanococcus vannielii SB,strain=SB,,latest,Complete Genome,Major,Full,2007/06/29,ASM1716v1,,GCA_000017165.1,identical,ftp://ftp.ncbi.nlm.nih.gov/genomes/all/GCF_000017165.1_ASM1716v1,4.0,1.0,1658.0,1720048.0,GCF_000017165.1_Methanococcus vannielii SB_strain=SB,0.692323580611,31.328311768,196.0,@GCF_000017165.1_Methanococcus_vannielii_SB_strain_SB,104.0,0.034552,281.0
GCF_000006175.1,PRJNA49529,SAMN00000040,,representative genome,456320,2188,Methanococcus voltae A3,strain=A3,,latest,Complete Genome,Major,Full,2010/06/03,ASM617v2,,GCA_000006175.2,identical,ftp://ftp.ncbi.nlm.nih.gov/genomes/all/GCF_000006175.1_ASM617v2,2.0,1.0,1601.0,1936387.0,GCF_000006175.1_Methanococcus voltae A3_strain=A3,0.687966735181,28.5945939526,197.0,@GCF_000006175.1_Methanococcus_voltae_A3_strain_A3,93.0,0.0693825,180.0
GCF_000214415.1,PRJNA67321,SAMN00713627,,representative genome,880724,2189,Methanotorris igneus Kol 5,strain=Kol 5,,latest,Complete Genome,Major,Full,2011/05/23,ASM21441v1,,GCA_000214415.1,identical,ftp://ftp.ncbi.nlm.nih.gov/genomes/all/GCF_000214415.1_ASM21441v1,2.0,1.0,1727.0,1854197.0,GCF_000214415.1_Methanotorris igneus Kol 5_strain=Kol 5,0.916901479914,32.2999120374,185.0,@GCF_000214415.1_Methanotorris_igneus_Kol_5_strain_Kol_5,87.0,1.48612e-06,11.0
GCF_000015825.1,PRJNA58561,SAMN02598365,,representative genome,368407,2198,Methanoculleus marisnigri JR1,strain=JR1,,latest,Complete Genome,Major,Full,2007/02/16,ASM1582v1,,GCA_000015825.1,identical,ftp://ftp.ncbi.nlm.nih.gov/genomes/all/GCF_000015825.1_ASM1582v1,1.0,1.0,2378.0,2478101.0,GCF_000015825.1_Methanoculleus marisnigri JR1_strain=JR1,0.704131393479,62.0628860567,268.0,@GCF_000015825.1_Methanoculleus_marisnigri_JR1_strain_JR1,113.0,0.0164137,260.0
GCF_000013445.1,PRJNA58181,SAMN02598287,,representative genome,323259,2203,Methanospirillum hungatei JF-1,strain=JF-1,,latest,Complete Genome,Major,Full,2006/02/17,ASM1344v1,,GCA_000013445.1,identical,ftp://ftp.ncbi.nlm.nih.gov/genomes/all/GCF_000013445.1_ASM1344v1,4.0,1.0,3249.0,3544738.0,GCF_000013445.1_Methanospirillum hungatei JF-1_strain=JF-1,0.628079523069,45.1490349921,276.0,@GCF_000013445.1_Methanospirillum_hungatei_JF-1_strain_JF-1,112.0,0.139712,255.0
GCF_000195895.1,PRJNA57715,SAMN02598252,,representative genome,269797,2208,Methanosarcina barkeri str. Fusaro,strain=Fusaro,,latest,Complete Genome,Major,Full,2005/08/12,ASM19589v1,,GCA_000195895.1,identical,ftp://ftp.ncbi.nlm.nih.gov/genomes/all/GCF_000195895.1_ASM19589v1,3.0,2.0,3746.0,4873766.0,GCF_000195895.1_Methanosarcina barkeri str. Fusaro_strain=Fusaro,0.57807595302,36.4348704007,308.0,@GCF_000195895.1_Methanosarcina_barkeri_str._Fusaro_strain_Fusaro,0.0,0.00506593,389.0
GCF_000969985.1,PRJNA224116,SAMN03074576,,na,1434109,2208,Methanosarcina barkeri str. Wiesmoor,strain=Wiesmoor,,latest,Complete Genome,Major,Full,2015/04/07,ASM96998v1,University of Illinois at Urbana-Champaign,GCA_000969985.1,identical,ftp://ftp.ncbi.nlm.nih.gov/genomes/all/GCF_000969985.1_ASM96998v1,3.0,2.0,3774.0,4907186.0,,,36.7922683964,,,,,
GCF_000970025.1,PRJNA224116,SAMN03074575,,na,1434108,2208,Methanosarcina barkeri MS,strain=MS,,latest,Complete Genome,Major,Full,2015/04/07,ASM97002v1,University of Illinois at Urbana-Champaign,GCA_000970025.1,identical,ftp://ftp.ncbi.nlm.nih.gov/genomes/all/GCF_000970025.1_ASM97002v1,3.0,2.0,3433.0,4574907.0,GCF_000970025.1_Methanosarcina barkeri MS_strain=MS,0.569758485945,37.5354856014,309.0,@GCF_000970025.1_Methanosarcina_barkeri_MS_strain_MS,115.0,0.00202158,118.0
GCF_000970065.1,PRJNA224116,SAMN03074573,,na,1434106,2208,Methanosarcina barkeri 227,strain=227,,latest,Complete Genome,Major,Full,2015/04/07,ASM97006v1,University of Illinois at Urbana-Champaign,GCA_000970065.1,identical,ftp://ftp.ncbi.nlm.nih.gov/genomes/all/GCF_000970065.1_ASM97006v1,3.0,2.0,3410.0,4487566.0,GCF_000970065.1_Methanosarcina barkeri 227_strain=227,0.569145037335,37.5205581925,310.0,@GCF_000970065.1_Methanosarcina_barkeri_227_strain_227,117.0,0.000984691,117.0
GCF_000970305.1,PRJNA224116,SAMN03074574,,representative genome,1434107,2208,Methanosarcina barkeri 3,strain=3,,latest,Complete Genome,Major,Full,2015/04/07,ASM97030v1,University of Illinois at Urbana-Champaign,GCA_000970305.1,identical,ftp://ftp.ncbi.nlm.nih.gov/genomes/all/GCF_000970305.1_ASM97030v1,3.0,1.0,3546.0,4560446.0,GCF_000970305.1_Methanosarcina barkeri 3_strain=3,0.57413062118,39.0806074669,304.0,@GCF_000970305.1_Methanosarcina_barkeri_3_strain_3,117.0,0.00489253,118.0
GCF_001027005.1,PRJNA224116,SAMN02866457,,na,796385,2208,Methanosarcina barkeri CM1,strain=CM1,,latest,Complete Genome,Major,Full,2015/06/03,ASM102700v1,PGgRc,GCA_001027005.1,identical,ftp://ftp.ncbi.nlm.nih.gov/genomes/all/GCF_001027005.1_ASM102700v1,3.0,1.0,3420.0,4501171.0,,,39.1780272289,,,,,
GCF_000007065.1,PRJNA57893,SAMN02603290,,representative genome,192952,2209,Methanosarcina mazei Go1,strain=Go1,,latest,Complete Genome,Major,Full,2002/05/20,ASM706v1,,GCA_000007065.1,identical,ftp://ftp.ncbi.nlm.nih.gov/genomes/all/GCF_000007065.1_ASM706v1,3.0,1.0,3311.0,4096345.0,GCF_000007065.1_Methanosarcina mazei Go1_strain=Go1,0.563201477384,41.484909108,299.0,@GCF_000007065.1_Methanosarcina_mazei_Go1_strain_Go1,141.0,1.48612e-06,400.0
GCF_000970165.1,PRJNA224116,SAMN03074586,,na,1434117,2209,Methanosarcina mazei WWM610,strain=WWM610,,latest,Complete Genome,Major,Full,2015/04/07,ASM97016v1,University of Illinois at Urbana-Champaign,GCA_000970165.1,identical,ftp://ftp.ncbi.nlm.nih.gov/genomes/all/GCF_000970165.1_ASM97016v1,3.0,1.0,3292.0,4096482.0,GCF_000970165.1_Methanosarcina mazei WWM610_strain=WWM610,0.566520495345,41.4574261525,300.0,@GCF_000970165.1_Methanosarcina_mazei_WWM610_strain_WWM610,131.0,0.00101631,226.0
GCF_000970185.1,PRJNA224116,SAMN03074584,,na,1434115,2209,Methanosarcina mazei SarPi,strain=SarPi,,latest,Complete Genome,Major,Full,2015/04/07,ASM97018v1,University of Illinois at Urbana-Champaign,GCA_000970185.1,identical,ftp://ftp.ncbi.nlm.nih.gov/genomes/all/GCF_000970185.1_ASM97018v1,3.0,1.0,3241.0,4066551.0,,,41.4870488529,,,,,
GCF_000970205.1,PRJNA224116,SAMN03074583,,na,213585,2209,Methanosarcina mazei S-6,strain=S-6,,latest,Complete Genome,Major,Full,2015/04/07,ASM97020v1,University of Illinois at Urbana-Champaign,GCA_000970205.1,identical,ftp://ftp.ncbi.nlm.nih.gov/genomes/all/GCF_000970205.1_ASM97020v1,3.0,1.0,3347.0,4142816.0,,,41.4207147988,,,,,
GCF_000970225.1,PRJNA224116,SAMN03074582,,na,1434114,2209,Methanosarcina mazei LYC,strain=LYC,,latest,Complete Genome,Major,Full,2015/04/07,ASM97022v1,University of Illinois at Urbana-Champaign,GCA_000970225.1,identical,ftp://ftp.ncbi.nlm.nih.gov/genomes/all/GCF_000970225.1_ASM97022v1,3.0,1.0,3360.0,4154344.0,,,41.3905781514,,,,,
GCF_000970245.1,PRJNA224116,SAMN03074581,,na,1434113,2209,Methanosarcina mazei C16,strain=C16,,latest,Complete Genome,Major,Full,2015/04/07,ASM97024v1,University of Illinois at Urbana-Champaign,GCA_000970245.1,identical,ftp://ftp.ncbi.nlm.nih.gov/genomes/all/GCF_000970245.1_ASM97024v1,3.0,1.0,3330.0,4166241.0,,,41.4876143747,,,,,
GCF_000969885.1,PRJNA224116,SAMN03074597,,representative genome,523844,2210,Methanosarcina thermophila TM-1,strain=TM-1,,latest,Complete Genome,Major,Full,2015/04/07,ASM96988v1,University of Illinois at Urbana-Champaign,GCA_000969885.1,identical,ftp://ftp.ncbi.nlm.nih.gov/genomes/all/GCF_000969885.1_ASM96988v1,3.0,1.0,2576.0,3127379.0,GCF_000969885.1_Methanosarcina thermophila TM-1_strain=TM-1,0.575209135047,41.1499853392,294.0,@GCF_000969885.1_Methanosarcina_thermophila_TM-1_strain_TM-1,109.0,0.0200803,110.0
GCF_000007345.1,PRJNA57879,SAMN03081414,,representative genome,188937,2214,Methanosarcina acetivorans C2A,strain=C2A,,latest,Complete Genome,Major,Full,2002/04/03,ASM734v1,,GCA_000007345.1,identical,ftp://ftp.ncbi.nlm.nih.gov/genomes/all/GCF_000007345.1_ASM734v1,3.0,1.0,4523.0,5751492.0,GCF_000007345.1_Methanosarcina acetivorans C2A_strain=C2A,0.573809670055,42.6808904542,298.0,@GCF_000007345.1_Methanosarcina_acetivorans_C2A_strain_C2A,125.0,0.00644285,189.0
GCF_000969905.1,PRJNA224116,SAMN03074598,,representative genome,1434123,2215,Methanosarcina vacuolata Z-761,strain=Z-761,,latest,Complete Genome,Major,Full,2015/04/07,ASM96990v1,University of Illinois at Urbana-Champaign,GCA_000969905.1,identical,ftp://ftp.ncbi.nlm.nih.gov/genomes/all/GCF_000969905.1_ASM96990v1,3.0,2.0,3490.0,4563885.0,GCF_000969905.1_Methanosarcina vacuolata Z-761_strain=Z-761,0.594776318963,37.1613666768,305.0,@GCF_000969905.1_Methanosarcina_vacuolata_Z-761_strain_Z-761,116.0,0.00100496,113.0
GCF_000204415.1,PRJNA66207,SAMN02604263,,representative genome,990316,2223,Methanosaeta concilii GP6,strain=GP6,,latest,Complete Genome,Major,Full,2011/04/15,ASM20441v1,,GCA_000204415.1,identical,ftp://ftp.ncbi.nlm.nih.gov/genomes/all/GCF_000204415.1_ASM20441v1,2.0,2.0,2824.0,3026645.0,GCF_000204415.1_Methanosaeta concilii GP6_strain=GP6,0.684732965081,47.4559145674,283.0,@GCF_000204415.1_Methanosaeta_concilii_GP6_strain_GP6,122.0,0.116794,290.0
GCF_000970325.1,PRJNA224116,SAMN03074571,,representative genome,1434104,2226,Methanococcoides methylutens MM1,strain=MM1,,latest,Complete Genome,Major,Full,2015/04/07,ASM97032v1,University of Illinois at Urbana-Champaign,GCA_000970325.1,identical,ftp://ftp.ncbi.nlm.nih.gov/genomes/all/GCF_000970325.1_ASM97032v1,3.0,1.0,2249.0,2394636.0,GCF_000970325.1_Methanococcoides methylutens MM1_strain=MM1,0.636538330422,44.0232252417,325.0,@GCF_000970325.1_Methanococcoides_methylutens_MM1_strain_MM1,106.0,0.0162367,99.0
GCF_000008665.1,PRJNA57717,SAMN02603985,,representative genome,224325,2234,Archaeoglobus fulgidus DSM 4304,strain=DSM 4304,,latest,Complete Genome,Major,Full,1999/12/22,ASM866v1,,GCA_000008665.1,identical,ftp://ftp.ncbi.nlm.nih.gov/genomes/all/GCF_000008665.1_ASM866v1,1.0,1.0,2342.0,2178400.0,GCF_000008665.1_Archaeoglobus fulgidus DSM 4304_strain=DSM 4304,0.78926553667,48.5816654425,22.0,@GCF_000008665.1_Archaeoglobus_fulgidus_DSM_4304_strain_DSM_4304,105.0,1.48612e-06,148.0
GCF_000734035.1,PRJNA224116,SAMN03081472,,na,1344584,2234,Archaeoglobus fulgidus DSM 8774,strain=DSM 8774,,latest,Complete Genome,Major,Full,2014/07/28,ASM73403v1,University Bergen,GCA_000734035.1,identical,ftp://ftp.ncbi.nlm.nih.gov/genomes/all/GCF_000734035.1_ASM73403v1,1.0,1.0,2479.0,2316287.0,GCF_000734035.1_Archaeoglobus fulgidus DSM 8774_strain=DSM 8774,0.798952855117,48.0765121075,23.0,@GCF_000734035.1_Archaeoglobus_fulgidus_DSM_8774_strain_DSM_8774,101.0,0.00107294,137.0
GCF_000011085.1,PRJNA57719,SAMN02603385,,na,272569,2238,Haloarcula marismortui ATCC 43049,strain=ATCC 43049,,latest,Complete Genome,Major,Full,2004/11/02,ASM1108v1,,GCA_000011085.1,identical,ftp://ftp.ncbi.nlm.nih.gov/genomes/all/GCF_000011085.1_ASM1108v1,3.0,9.0,4089.0,4274642.0,GCF_000011085.1_Haloarcula marismortui ATCC 43049_strain=ATCC 43049,0.286555732539,57.6415986073,243.0,@GCF_000011085.1_Haloarcula_marismortui_ATCC_43049_strain_ATCC_43049,165.0,0.00585613,425.0
GCF_000006805.1,PRJNA57769,SAMN02604216,,na,64091,2242,Halobacterium salinarum NRC-1,strain=NRC-1; ATCC 700922,,latest,Complete Genome,Major,Full,2001/01/09,ASM680v1,,GCA_000006805.1,identical,ftp://ftp.ncbi.nlm.nih.gov/genomes/all/GCF_000006805.1_ASM680v1,1.0,3.0,2342.0,2571010.0,GCF_000006805.1_Halobacterium salinarum NRC-1_strain=NRC-1; ATCC 700922,0.576903124645,61.6819813255,252.0,@GCF_000006805.1_Halobacterium_salinarum_NRC-1_strain_NRC-1__ATCC_700922,126.0,0.0330684,191.0
GCF_000069025.1,PRJNA61571,SAMEA3138275,,representative genome,478009,2242,Halobacterium salinarum R1,strain=DSM 671 = R1,,latest,Complete Genome,Major,Full,2008/02/12,ASM6902v1,,GCA_000069025.1,identical,ftp://ftp.ncbi.nlm.nih.gov/genomes/all/GCF_000069025.1_ASM6902v1,1.0,5.0,2478.0,2668776.0,,,60.350488697,,,,,
GCF_000025685.1,PRJNA46845,SAMN02604027,,representative genome,309800,2246,Haloferax volcanii DS2,strain=DS2,,latest,Complete Genome,Major,Full,2010/03/23,ASM2568v1,,GCA_000025685.1,identical,ftp://ftp.ncbi.nlm.nih.gov/genomes/all/GCF_000025685.1_ASM2568v1,2.0,5.0,3776.0,4012900.0,GCF_000025685.1_Haloferax volcanii DS2_strain=DS2,0.492140560287,61.084872762,209.0,@GCF_000025685.1_Haloferax_volcanii_DS2_strain_DS2,0.0,0.00412997,222.0
GCF_000022205.1,PRJNA58807,SAMN02598407,,representative genome,416348,2247,Halorubrum lacusprofundi ATCC 49239,strain=ATCC 49239,,latest,Complete Genome,Major,Full,2009/02/04,ASM2220v1,,GCA_000022205.1,identical,ftp://ftp.ncbi.nlm.nih.gov/genomes/all/GCF_000022205.1_ASM2220v1,3.0,3.0,3319.0,3692576.0,GCF_000022205.1_Halorubrum lacusprofundi ATCC 49239_strain=ATCC 49239,0.366789586845,59.5748549336,205.0,@GCF_000022205.1_Halorubrum_lacusprofundi_ATCC_49239_strain_ATCC_49239,147.0,0.163098,236.0
GCF_000306765.2,PRJNA167315,SAMN02603397,,representative genome,523841,2252,Haloferax mediterranei ATCC 33500,strain=CGMCC 1.2087,,latest,Complete Genome,Major,Full,2014/05/27,ASM30676v2,"Institute of Microbiology, Chinese Academy of Sciences",GCA_000306765.2,identical,ftp://ftp.ncbi.nlm.nih.gov/genomes/all/GCF_000306765.2_ASM30676v2,2.0,4.0,3715.0,3904707.0,GCF_000306765.2_Haloferax mediterranei ATCC 33500_strain=CGMCC 1.2087,0.455530801665,58.5218788355,211.0,@GCF_000306765.2_Haloferax_mediterranei_ATCC_33500_strain_CGMCC_1.2087,149.0,0.0156222,209.0
GCF_000026045.1,PRJNA58435,SAMEA3138222,,representative genome,348780,2257,Natronomonas pharaonis DSM 2160,strain=Gabara,,latest,Complete Genome,Major,Full,2005/09/28,ASM2604v1,,GCA_000026045.1,identical,ftp://ftp.ncbi.nlm.nih.gov/genomes/all/GCF_000026045.1_ASM2604v1,1.0,3.0,2680.0,2749696.0,GCF_000026045.1_Natronomonas pharaonis DSM 2160_strain=Gabara,0.649167961781,60.4184557487,263.0,@GCF_000026045.1_Natronomonas_pharaonis_DSM_2160_strain_Gabara,155.0,0.00966685,605.0
GCF_000007305.1,PRJNA57873,SAMN02604284,,representative genome,186497,2261,Pyrococcus furiosus DSM 3638,strain=DSM 3638,,latest,Complete Genome,Major,Full,2002/02/27,ASM730v1,,GCA_000007305.1,identical,ftp://ftp.ncbi.nlm.nih.gov/genomes/all/GCF_000007305.1_ASM730v1,1.0,1.0,1969.0,1908256.0,GCF_000007305.1_Pyrococcus furiosus DSM 3638_strain=DSM 3638,0.878199549777,40.7698967015,131.0,@GCF_000007305.1_Pyrococcus_furiosus_DSM_3638_strain_DSM_3638,115.0,0.00436165,238.0
GCF_000275605.1,PRJNA169620,SAMN02603219,,na,1185654,2261,Pyrococcus furiosus COM1,strain=COM1,,latest,Complete Genome,Major,Full,2012/06/29,ASM27560v1,ENIGMA- Ecosystems and Networks Integrated with Genes and Molecular Assemblies,GCA_000275605.1,identical,ftp://ftp.ncbi.nlm.nih.gov/genomes/all/GCF_000275605.1_ASM27560v1,1.0,1.0,1976.0,1909827.0,,,40.786888027,,,,,
GCF_000246985.2,PRJNA82997,SAMN02603679,,representative genome,523849,2265,Thermococcus litoralis DSM 5473,strain=DSM 5473,,latest,Complete Genome,Major,Full,2013/08/13,ASM24698v3,"New England Biolabs, Inc.",GCA_000246985.3,identical,ftp://ftp.ncbi.nlm.nih.gov/genomes/all/GCF_000246985.2_ASM24698v3,1.0,1.0,2284.0,2215172.0,GCF_000246985.2_Thermococcus litoralis DSM 5473_strain=DSM 5473,0.915915848169,43.0871733662,121.0,@GCF_000246985.2_Thermococcus_litoralis_DSM_5473_strain_DSM_5473,108.0,0.0037492,1.0
GCF_000015225.1,PRJNA58563,SAMN02598366,,representative genome,368408,2269,Thermofilum pendens Hrk 5,strain=Hrk 5,,latest,Complete Genome,Major,Full,2006/12/18,ASM1522v1,,GCA_000015225.1,identical,ftp://ftp.ncbi.nlm.nih.gov/genomes/all/GCF_000015225.1_ASM1522v1,1.0,2.0,1866.0,1813393.0,GCF_000015225.1_Thermofilum pendens Hrk 5_strain=Hrk 5,0.860996261762,57.1038417366,101.0,@GCF_000015225.1_Thermofilum_pendens_Hrk_5_strain_Hrk_5,76.0,0.0250325,123.0
GCF_000253055.1,PRJNA74443,SAMEA2272453,,representative genome,768679,2271,Thermoproteus tenax Kra 1,strain=Kra 1,,latest,Complete Genome,Major,Full,2011/10/06,ASM25305v1,"University of Duisburg-Essen, Faculty of Chemistry, Molecular Enzyme Technology and Biochemistry",GCA_000253055.1,identical,ftp://ftp.ncbi.nlm.nih.gov/genomes/all/GCF_000253055.1_ASM25305v1,1.0,1.0,1957.0,1841542.0,GCF_000253055.1_Thermoproteus tenax Kra 1_strain=Kra 1,0.602873093062,55.1282566458,111.0,@GCF_000253055.1_Thermoproteus_tenax_Kra_1_strain_Kra_1,133.0,0.0209824,426.0
GCF_000186365.1,PRJNA62227,SAMN00103627,,representative genome,765177,2275,Desulfurococcus mucosus DSM 2162,strain=DSM 2162,,latest,Complete Genome,Major,Full,2011/01/20,ASM18636v1,,GCA_000186365.1,identical,ftp://ftp.ncbi.nlm.nih.gov/genomes/all/GCF_000186365.1_ASM18636v1,1.0,1.0,1335.0,1314639.0,GCF_000186365.1_Desulfurococcus mucosus DSM 2162_strain=DSM 2162,0.896433291474,53.1416609427,52.0,@GCF_000186365.1_Desulfurococcus_mucosus_DSM_2162_strain_DSM_2162,66.0,0.0103532,4.0
GCF_000015205.1,PRJNA58635,SAMN02598374,,representative genome,384616,2277,Pyrobaculum islandicum DSM 4184,strain=DSM 4184,,latest,Complete Genome,Major,Full,2006/12/20,ASM1520v1,,GCA_000015205.1,identical,ftp://ftp.ncbi.nlm.nih.gov/genomes/all/GCF_000015205.1_ASM1520v1,1.0,1.0,1965.0,1826402.0,GCF_000015205.1_Pyrobaculum islandicum DSM 4184_strain=DSM 4184,0.582997780045,49.5990477452,109.0,@GCF_000015205.1_Pyrobaculum_islandicum_DSM_4184_strain_DSM_4184,98.0,0.0455751,6.0
GCF_000015945.1,PRJNA58719,SAMN02598390,,representative genome,399550,2280,Staphylothermus marinus F1,strain=F1,,latest,Complete Genome,Major,Full,2007/02/21,ASM1594v1,,GCA_000015945.1,identical,ftp://ftp.ncbi.nlm.nih.gov/genomes/all/GCF_000015945.1_ASM1594v1,1.0,1.0,1598.0,1570485.0,GCF_000015945.1_Staphylothermus marinus F1_strain=F1,0.899945210307,35.7265430743,47.0,@GCF_000015945.1_Staphylothermus_marinus_F1_strain_F1,95.0,0.027357,212.0
GCF_000012285.1,PRJNA58379,SAMN02603173,,representative genome,330779,2285,Sulfolobus acidocaldarius DSM 639,strain=DSM 639,,latest,Complete Genome,Major,Full,2005/07/05,ASM1228v1,,GCA_000012285.1,identical,ftp://ftp.ncbi.nlm.nih.gov/genomes/all/GCF_000012285.1_ASM1228v1,1.0,1.0,2224.0,2225959.0,GCF_000012285.1_Sulfolobus acidocaldarius DSM 639_strain=DSM 639,0.426437196028,36.7075943447,81.0,@GCF_000012285.1_Sulfolobus_acidocaldarius_DSM_639_strain_DSM_639,127.0,0.01,468.0
GCF_000338775.1,PRJNA189028,SAMN02604153,,na,1028567,2285,Sulfolobus acidocaldarius Ron12/I,strain=Ron12/I,,latest,Complete Genome,Major,Full,2013/02/08,ASM33877v1,University of Cincinnati,GCA_000338775.1,identical,ftp://ftp.ncbi.nlm.nih.gov/genomes/all/GCF_000338775.1_ASM33877v1,1.0,1.0,2227.0,2223983.0,,,36.7067554024,,,,,
GCF_000340315.1,PRJNA189027,SAMN02604152,,na,1028566,2285,Sulfolobus acidocaldarius N8,strain=N8,,latest,Complete Genome,Major,Full,2013/02/08,ASM34031v1,University of Cincinnati,GCA_000340315.1,identical,ftp://ftp.ncbi.nlm.nih.gov/genomes/all/GCF_000340315.1_ASM34031v1,1.0,1.0,2188.0,2176362.0,,,36.6677050969,,,,,
GCF_000508305.1,PRJNA232254,SAMN03081514,,na,1435377,2285,Sulfolobus acidocaldarius SUSAZ,strain=SUSAZ,,latest,Complete Genome,Major,Full,2013/12/16,ASM50830v1,Center for Genomic Sciences,GCA_000508305.1,identical,ftp://ftp.ncbi.nlm.nih.gov/genomes/all/GCF_000508305.1_ASM50830v1,1.0,1.0,2038.0,2061920.0,GCF_000508305.1_Sulfolobus acidocaldarius SUSAZ_strain=SUSAZ,0.425667366189,36.3002444324,82.0,@GCF_000508305.1_Sulfolobus_acidocaldarius_SUSAZ_strain_SUSAZ,110.0,0.00184853,24.0
GCF_000007005.1,PRJNA57721,SAMN02603227,,representative genome,273057,2287,Sulfolobus solfataricus P2,strain=P2,,latest,Complete Genome,Major,Full,2002/11/25,ASM700v1,,GCA_000007005.1,identical,ftp://ftp.ncbi.nlm.nih.gov/genomes/all/GCF_000007005.1_ASM700v1,1.0,1.0,2845.0,2992245.0,GCF_000007005.1_Sulfolobus solfataricus P2_strain=P2,0.425908184694,35.787176518,72.0,@GCF_000007005.1_Sulfolobus_solfataricus_P2_strain_P2,124.0,1.48612e-06,85.0
GCF_000024745.1,PRJNA167998,SAMN00120218,,na,555311,2287,Sulfolobus solfataricus 98/2,strain=98/2,,latest,Complete Genome,Major,Full,2009/10/20,ASM2474v1,,GCA_000024745.1,identical,ftp://ftp.ncbi.nlm.nih.gov/genomes/all/GCF_000024745.1_ASM2474v1,1.0,1.0,2614.0,2668974.0,GCF_000024745.1_Sulfolobus solfataricus 98/2_strain=98/2,0.415765899597,35.825152287,73.0,@GCF_000024745.1_Sulfolobus_solfataricus_98/2_strain_98/2,112.0,1.48612e-06,19.0
GCF_000968355.1,PRJNA224116,SAMN03452281,,na,2287,2287,Sulfolobus solfataricus,strain=SULB,98/2,latest,Complete Genome,Major,Full,2015/04/02,ASM96835v1,University of Nebraska-Lincoln,GCA_000968355.1,identical,ftp://ftp.ncbi.nlm.nih.gov/genomes/all/GCF_000968355.1_ASM96835v1,1.0,1.0,2650.0,2727261.0,,,35.8598241972,,,,,
GCF_000968395.1,PRJNA224116,SAMN03395044,,na,2287,2287,Sulfolobus solfataricus,strain=98/2 SULC,,latest,Complete Genome,Major,Full,2015/04/02,ASM96839v1,University of Nebraska-Lincoln,GCA_000968395.1,identical,ftp://ftp.ncbi.nlm.nih.gov/genomes/all/GCF_000968395.1_ASM96839v1,1.0,1.0,2645.0,2727312.0,,,35.8590802959,,,,,
GCF_000968435.1,PRJNA224116,SAMN03452280,,na,2287,2287,Sulfolobus solfataricus,strain=SULA,98/2,latest,Complete Genome,Major,Full,2015/04/02,ASM96843v1,University of Nebraska-Lincoln,GCA_000968435.1,identical,ftp://ftp.ncbi.nlm.nih.gov/genomes/all/GCF_000968435.1_ASM96843v1,1.0,1.0,2646.0,2727337.0,,,35.8597049063,,,,,
GCF_000012545.1,PRJNA58407,SAMN02604180,,representative genome,339860,2317,Methanosphaera stadtmanae DSM 3091,strain=DSM 3091,,latest,Complete Genome,Major,Full,2006/01/05,ASM1254v1,,GCA_000012545.1,identical,ftp://ftp.ncbi.nlm.nih.gov/genomes/all/GCF_000012545.1_ASM1254v1,4.0,1.0,1516.0,1767403.0,GCF_000012545.1_Methanosphaera stadtmanae DSM 3091_strain=DSM 3091,0.720691321778,27.6337088938,11.0,@GCF_000012545.1_Methanosphaera_stadtmanae_DSM_3091_strain_DSM_3091,99.0,0.104821,279.0
GCF_000196655.1,PRJNA49857,SAMN00015125,,representative genome,644295,2322,Methanohalobium evestigatum Z-7303,strain=Z-7303,,latest,Complete Genome,Major,Full,2010/06/15,ASM19665v1,,GCA_000196655.1,identical,ftp://ftp.ncbi.nlm.nih.gov/genomes/all/GCF_000196655.1_ASM19665v1,2.0,2.0,2264.0,2406232.0,GCF_000196655.1_Methanohalobium evestigatum Z-7303_strain=Z-7303,0.650332117339,35.1325722053,286.0,@GCF_000196655.1_Methanohalobium_evestigatum_Z-7303_strain_Z-7303,103.0,0.0795057,221.0
GCF_000025625.1,PRJNA46245,SAMN02598473,,representative genome,547559,13769,Natrialba magadii ATCC 43099,strain=ATCC 43099,,latest,Complete Genome,Major,Full,2010/02/24,ASM2562v1,,GCA_000025625.1,identical,ftp://ftp.ncbi.nlm.nih.gov/genomes/all/GCF_000025625.1_ASM2562v1,3.0,4.0,4027.0,4443643.0,GCF_000025625.1_Natrialba magadii ATCC 43099_strain=ATCC 43099,0.426418413377,60.0587782216,227.0,@GCF_000025625.1_Natrialba_magadii_ATCC_43099_strain_ATCC_43099,144.0,0.0308683,196.0
GCF_000328685.1,PRJNA184863,SAMN02261263,,representative genome,694430,29288,Natronococcus occultus SP4,strain=SP4,,latest,Complete Genome,Major,Full,2012/12/28,ASM32868v1,JGI,GCA_000328685.1,identical,ftp://ftp.ncbi.nlm.nih.gov/genomes/all/GCF_000328685.1_ASM32868v1,4.0,3.0,4021.0,4314118.0,GCF_000328685.1_Natronococcus occultus SP4_strain=SP4,0.484035640534,60.3632654542,222.0,@GCF_000328685.1_Natronococcus_occultus_SP4_strain_SP4,156.0,0.0677568,369.0
GCF_000013725.1,PRJNA58023,SAMN02598545,,representative genome,259564,29291,Methanococcoides burtonii DSM 6242,strain=DSM 6242,,latest,Complete Genome,Major,Full,2006/04/10,ASM1372v1,,GCA_000013725.1,identical,ftp://ftp.ncbi.nlm.nih.gov/genomes/all/GCF_000013725.1_ASM1372v1,3.0,1.0,2393.0,2575032.0,GCF_000013725.1_Methanococcoides burtonii DSM 6242_strain=DSM 6242,0.671275682313,40.7580954334,326.0,@GCF_000013725.1_Methanococcoides_burtonii_DSM_6242_strain_DSM_6242,122.0,0.0160993,394.0
GCF_001190965.1,PRJNA224116,SAMN03755233,,na,35746,35746,Haloferax gibbonsii,strain=ARA6,,latest,Complete Genome,Major,Full,2015/08/03,ASM119096v1,Universidade do Estado do Rio de Janeiro,GCA_001190965.1,identical,ftp://ftp.ncbi.nlm.nih.gov/genomes/all/GCF_001190965.1_ASM119096v1,2.0,5.0,3699.0,3918454.0,GCF_001190965.1_Haloferax gibbonsii_strain=ARA6,0.465144403161,61.0666400349,208.0,@GCF_001190965.1_Haloferax_gibbonsii_strain_ARA6,147.0,0.00233295,127.0
GCF_000970085.1,PRJNA224116,SAMN03074589,,representative genome,1434120,38027,Methanosarcina siciliae T4/M,strain=T4/M,,latest,Complete Genome,Major,Full,2015/04/07,ASM97008v1,University of Illinois at Urbana-Champaign,GCA_000970085.1,identical,ftp://ftp.ncbi.nlm.nih.gov/genomes/all/GCF_000970085.1_ASM97008v1,3.0,1.0,3948.0,5017558.0,GCF_000970085.1_Methanosarcina siciliae T4/M_strain=T4/M,0.58149991007,42.9404104546,296.0,@GCF_000970085.1_Methanosarcina_siciliae_T4/M_strain_T4/M,118.0,0.00202373,116.0
GCF_000970145.1,PRJNA224116,SAMN03074587,,na,1434118,38027,Methanosarcina siciliae C2J,strain=C2J,,latest,Complete Genome,Major,Full,2015/04/07,ASM97014v1,University of Illinois at Urbana-Champaign,GCA_000970145.1,identical,ftp://ftp.ncbi.nlm.nih.gov/genomes/all/GCF_000970145.1_ASM97014v1,3.0,1.0,4218.0,5427890.0,GCF_000970145.1_Methanosarcina siciliae C2J_strain=C2J,0.587989328087,42.6009001656,295.0,@GCF_000970145.1_Methanosarcina_siciliae_C2J_strain_C2J,121.0,1.48612e-06,120.0
GCF_000011585.1,PRJNA58035,SAMEA3138215,,na,267377,39152,Methanococcus maripaludis S2,strain=S2,,latest,Complete Genome,Major,Full,2004/03/04,ASM1158v1,,GCA_000011585.1,identical,ftp://ftp.ncbi.nlm.nih.gov/genomes/all/GCF_000011585.1_ASM1158v1,3.0,1.0,1716.0,1661137.0,GCF_000011585.1_Methanococcus maripaludis S2_strain=S2,0.771216368132,33.1003403091,189.0,@GCF_000011585.1_Methanococcus_maripaludis_S2_strain_S2,111.0,0.00552522,420.0
GCF_000016125.1,PRJNA58741,SAMN02598397,,na,402880,39152,Methanococcus maripaludis C5,strain=C5,,latest,Complete Genome,Major,Full,2007/03/15,ASM1612v1,,GCA_000016125.1,identical,ftp://ftp.ncbi.nlm.nih.gov/genomes/all/GCF_000016125.1_ASM1612v1,3.0,2.0,1816.0,1789046.0,GCF_000016125.1_Methanococcus maripaludis C5_strain=C5,0.747210081727,30.1223178209,191.0,@GCF_000016125.1_Methanococcus_maripaludis_C5_strain_C5,109.0,1.48612e-06,391.0
GCF_000017225.1,PRJNA58847,SAMN00000031,,representative genome,426368,39152,Methanococcus maripaludis C7,strain=C7,,latest,Complete Genome,Major,Full,2007/06/29,ASM1722v1,,GCA_000017225.1,identical,ftp://ftp.ncbi.nlm.nih.gov/genomes/all/GCF_000017225.1_ASM1722v1,3.0,1.0,1785.0,1772694.0,GCF_000017225.1_Methanococcus maripaludis C7_strain=C7,0.753214098991,33.284424723,192.0,@GCF_000017225.1_Methanococcus_maripaludis_C7_strain_C7,100.0,0.00210776,276.0
GCF_000018485.1,PRJNA58947,SAMN02598423,,na,444158,39152,Methanococcus maripaludis C6,strain=C6,,latest,Complete Genome,Major,Full,2007/11/13,ASM1848v1,,GCA_000018485.1,identical,ftp://ftp.ncbi.nlm.nih.gov/genomes/all/GCF_000018485.1_ASM1848v1,3.0,1.0,1814.0,1744193.0,GCF_000018485.1_Methanococcus maripaludis C6_strain=C6,0.763402973457,33.4231934195,190.0,@GCF_000018485.1_Methanococcus_maripaludis_C6_strain_C6,100.0,1.48612e-06,217.0
GCF_000220645.1,PRJNA70729,SAMN02603718,,na,1053692,39152,Methanococcus maripaludis X1,strain=X1,,latest,Complete Genome,Major,Full,2011/07/14,ASM22064v1,,GCA_000220645.1,identical,ftp://ftp.ncbi.nlm.nih.gov/genomes/all/GCF_000220645.1_ASM22064v1,2.0,1.0,1790.0,1746697.0,,,32.9406874804,,,,,
GCF_000217995.1,PRJNA68249,SAMN02232039,,representative genome,679901,39669,Methanosalsum zhilinae DSM 4017,strain=DSM 4017,,latest,Complete Genome,Major,Full,2011/06/13,ASM21799v1,,GCA_000217995.1,identical,ftp://ftp.ncbi.nlm.nih.gov/genomes/all/GCF_000217995.1_ASM21799v1,3.0,1.0,1939.0,2138444.0,GCF_000217995.1_Methanosalsum zhilinae DSM 4017_strain=DSM 4017,0.706055642635,39.1560405603,287.0,@GCF_000217995.1_Methanosalsum_zhilinae_DSM_4017_strain_DSM_4017,116.0,0.0282004,260.0
GCF_000017185.1,PRJNA58823,SAMN00623051,,representative genome,419665,42879,Methanococcus aeolicus Nankai-3,,,latest,Complete Genome,Major,Full,2007/06/29,ASM1718v1,,GCA_000017185.1,identical,ftp://ftp.ncbi.nlm.nih.gov/genomes/all/GCF_000017185.1_ASM1718v1,2.0,1.0,1472.0,1569500.0,GCF_000017185.1_Methanococcus aeolicus Nankai-3,0.773679597577,30.0374641606,186.0,@GCF_000017185.1_Methanococcus_aeolicus_Nankai-3,97.0,0.0437349,258.0
GCF_000022385.1,PRJNA58871,SAMN02598420,,representative genome,429572,43080,Sulfolobus islandicus L.S.2.15,strain=L.S.2.15,,latest,Complete Genome,Major,Full,2009/04/24,ASM2238v1,,GCA_000022385.1,identical,ftp://ftp.ncbi.nlm.nih.gov/genomes/all/GCF_000022385.1_ASM2238v1,1.0,1.0,2753.0,2736272.0,GCF_000022385.1_Sulfolobus islandicus L.S.2.15_strain=L.S.2.15,0.403867785628,35.1110196647,64.0,@GCF_000022385.1_Sulfolobus_islandicus_L.S.2.15_strain_L.S.2.15,154.0,0.00205949,578.0
GCF_000022405.1,PRJNA58849,SAMN02598416,,na,427317,43080,Sulfolobus islandicus M.14.25,strain=M.14.25,,latest,Complete Genome,Major,Full,2009/04/24,ASM2240v1,,GCA_000022405.1,identical,ftp://ftp.ncbi.nlm.nih.gov/genomes/all/GCF_000022405.1_ASM2240v1,1.0,1.0,2667.0,2608832.0,GCF_000022405.1_Sulfolobus islandicus M.14.25_strain=M.14.25,0.404521190005,35.0995004661,63.0,@GCF_000022405.1_Sulfolobus_islandicus_M.14.25_strain_M.14.25,124.0,0.00103024,197.0
GCF_000022425.1,PRJNA58851,SAMN02598417,,na,427318,43080,Sulfolobus islandicus M.16.27,strain=M.16.27,,latest,Complete Genome,Major,Full,2009/04/29,ASM2242v1,,GCA_000022425.1,identical,ftp://ftp.ncbi.nlm.nih.gov/genomes/all/GCF_000022425.1_ASM2242v1,1.0,1.0,2753.0,2692402.0,GCF_000022425.1_Sulfolobus islandicus M.16.27_strain=M.16.27,0.416006855651,35.0097050886,70.0,@GCF_000022425.1_Sulfolobus_islandicus_M.16.27_strain_M.16.27,124.0,1.48612e-06,209.0
GCF_000022445.1,PRJNA58841,SAMN02598414,,na,426118,43080,Sulfolobus islandicus M.16.4,strain=M.16.4,,latest,Complete Genome,Major,Full,2009/05/27,ASM2244v1,,GCA_000022445.1,identical,ftp://ftp.ncbi.nlm.nih.gov/genomes/all/GCF_000022445.1_ASM2244v1,1.0,1.0,2669.0,2586647.0,GCF_000022445.1_Sulfolobus islandicus M.16.4_strain=M.16.4,0.405023226673,35.0022635481,65.0,@GCF_000022445.1_Sulfolobus_islandicus_M.16.4_strain_M.16.4,128.0,0.00102853,215.0
GCF_000022465.1,PRJNA58923,SAMN02598422,,na,439386,43080,Sulfolobus islandicus Y.G.57.14,strain=Y.G.57.14,,latest,Complete Genome,Major,Full,2009/04/29,ASM2246v1,,GCA_000022465.1,identical,ftp://ftp.ncbi.nlm.nih.gov/genomes/all/GCF_000022465.1_ASM2246v1,1.0,1.0,2682.0,2702058.0,,,35.3853618242,,,,,
GCF_000022485.1,PRJNA58825,SAMN02598411,,na,419942,43080,Sulfolobus islandicus Y.N.15.51,strain=Y.N.15.51,,latest,Complete Genome,Major,Full,2009/04/29,ASM2248v1,,GCA_000022485.1,identical,ftp://ftp.ncbi.nlm.nih.gov/genomes/all/GCF_000022485.1_ASM2248v1,1.0,2.0,2782.0,2854410.0,GCF_000022485.1_Sulfolobus islandicus Y.N.15.51_strain=Y.N.15.51,0.401966934464,35.700878402,62.0,@GCF_000022485.1_Sulfolobus_islandicus_Y.N.15.51_strain_Y.N.15.51,134.0,0.00413395,296.0
GCF_000189555.1,PRJNA162071,SAMN02603882,,na,930945,43080,Sulfolobus islandicus REY15A,strain=REY15A,,latest,Complete Genome,Major,Full,2011/02/16,ASM18955v1,,GCA_000189555.1,identical,ftp://ftp.ncbi.nlm.nih.gov/genomes/all/GCF_000189555.1_ASM18955v1,1.0,1.0,2520.0,2522992.0,,,35.3077615783,,,,,
GCF_000189575.1,PRJNA162067,SAMN02602983,,na,930943,43080,Sulfolobus islandicus HVE10/4,strain=HVE10/4,,latest,Complete Genome,Major,Full,2011/02/16,ASM18957v1,,GCA_000189575.1,identical,ftp://ftp.ncbi.nlm.nih.gov/genomes/all/GCF_000189575.1_ASM18957v1,1.0,1.0,2685.0,2655201.0,,,35.1481865215,,,,,
GCF_000245095.1,PRJNA199618,SAMN02471813,AHJK00000000.1,na,1132497,43080,Sulfolobus islandicus M.16.2,strain=M.16.2,,latest,Complete Genome,Major,Full,2012/01/25,ASM24509v2,University of Illinois,GCA_000245095.2,identical,ftp://ftp.ncbi.nlm.nih.gov/genomes/all/GCF_000245095.1_ASM24509v2,1.0,1.0,2567.0,2645252.0,GCF_000245095.1_Sulfolobus islandicus M.16.2_strain=M.16.2,0.42447636072,35.0018448148,68.0,@GCF_000245095.1_Sulfolobus_islandicus_M.16.2_strain_M.16.2,119.0,1.48612e-06,188.0
GCF_000245175.1,PRJNA199622,SAMN02471819,AHJO00000000.1,na,1132501,43080,Sulfolobus islandicus M.16.23,strain=M.16.23,,latest,Complete Genome,Major,Full,2012/01/25,ASM24517v2,University of Illinois,GCA_000245175.2,identical,ftp://ftp.ncbi.nlm.nih.gov/genomes/all/GCF_000245175.1_ASM24517v2,1.0,1.0,2589.0,2601131.0,,,35.076818507,,,,,
GCF_000245215.1,PRJNA199624,SAMN02471808,AHJQ00000000.1,na,1132503,43080,Sulfolobus islandicus M.16.40,strain=M.16.40,,latest,Complete Genome,Major,Full,2012/01/25,ASM24521v2,University of Illinois,GCA_000245215.2,identical,ftp://ftp.ncbi.nlm.nih.gov/genomes/all/GCF_000245215.1_ASM24521v2,1.0,1.0,2597.0,2664783.0,,,34.9812723963,,,,,
GCF_000245235.1,PRJNA199625,SAMN02471809,AHJR00000000.1,na,1132504,43080,Sulfolobus islandicus M.16.43,strain=M.16.43,,latest,Complete Genome,Major,Full,2012/01/25,ASM24523v2,University of Illinois,GCA_000245235.2,identical,ftp://ftp.ncbi.nlm.nih.gov/genomes/all/GCF_000245235.1_ASM24523v2,1.0,1.0,2596.0,2589840.0,GCF_000245235.1_Sulfolobus islandicus M.16.43_strain=M.16.43,0.407080364205,35.0243258271,75.0,@GCF_000245235.1_Sulfolobus_islandicus_M.16.43_strain_M.16.43,120.0,0.00102997,197.0
GCF_000245275.1,PRJNA199627,SAMN02471811,AHJT00000000.1,na,1132506,43080,Sulfolobus islandicus M.16.47,strain=M.16.47,,latest,Complete Genome,Major,Full,2012/01/25,ASM24527v2,University of Illinois,GCA_000245275.2,identical,ftp://ftp.ncbi.nlm.nih.gov/genomes/all/GCF_000245275.1_ASM24527v2,1.0,1.0,2551.0,2637559.0,GCF_000245275.1_Sulfolobus islandicus M.16.47_strain=M.16.47,0.435943181992,35.0519931497,78.0,@GCF_000245275.1_Sulfolobus_islandicus_M.16.47_strain_M.16.47,113.0,0.00310473,183.0
GCF_000364745.1,PRJNA197216,SAMN02603709,,na,1241935,43080,Sulfolobus islandicus LAL14/1,strain=LAL14/1,,latest,Complete Genome,Major,Full,2013/04/15,ASM36474v1,"Pasteur Institute, Paris, France",GCA_000364745.1,identical,ftp://ftp.ncbi.nlm.nih.gov/genomes/all/GCF_000364745.1_ASM36474v1,1.0,1.0,2501.0,2465177.0,,,35.1421419233,,,,,
GCF_000016605.1,PRJNA58717,SAMN02598389,,representative genome,399549,43687,Metallosphaera sedula DSM 5348,strain=DSM 5348,,latest,Complete Genome,Major,Full,2007/04/25,ASM1660v1,,GCA_000016605.1,identical,ftp://ftp.ncbi.nlm.nih.gov/genomes/all/GCF_000016605.1_ASM1660v1,1.0,1.0,2273.0,2191517.0,GCF_000016605.1_Metallosphaera sedula DSM 5348_strain=DSM 5348,0.341637575607,46.2253315854,89.0,@GCF_000016605.1_Metallosphaera_sedula_DSM_5348_strain_DSM_5348,122.0,0.01,340.0
GCF_001266655.1,PRJNA224116,SAMN03857118,,na,43687,43687,Metallosphaera sedula,strain=ARS50-1,,latest,Complete Genome,Major,Full,2015/08/12,ASM126665v1,University of Nebraska-Lincoln,GCA_001266655.1,identical,ftp://ftp.ncbi.nlm.nih.gov/genomes/all/GCF_001266655.1_ASM126665v1,1.0,1.0,2272.0,2191533.0,GCF_001266655.1_Metallosphaera sedula_strain=ARS50-1,0.333000583984,46.2252222531,88.0,@GCF_001266655.1_Metallosphaera_sedula_strain_ARS50-1,122.0,0.00101989,337.0
GCF_001266675.1,PRJNA224116,SAMN03857124,,na,43687,43687,Metallosphaera sedula,strain=ARS50-2,,latest,Complete Genome,Major,Full,2015/08/12,ASM126667v1,University of Nebraska-Lincoln,GCA_001266675.1,identical,ftp://ftp.ncbi.nlm.nih.gov/genomes/all/GCF_001266675.1_ASM126667v1,1.0,1.0,2274.0,2191529.0,,,46.2251697331,,,,,
GCF_001266695.1,PRJNA224116,SAMN03857129,,na,43687,43687,Metallosphaera sedula,strain=ARS120-1,,latest,Complete Genome,Major,Full,2015/08/12,ASM126669v1,University of Nebraska-Lincoln,GCA_001266695.1,identical,ftp://ftp.ncbi.nlm.nih.gov/genomes/all/GCF_001266695.1_ASM126669v1,1.0,1.0,2274.0,2191531.0,,,46.2249906572,,,,,
GCF_001266715.1,PRJNA224116,SAMN03857133,,na,43687,43687,Metallosphaera sedula,strain=ARS120-2,,latest,Complete Genome,Major,Full,2015/08/12,ASM126671v1,University of Nebraska-Lincoln,GCA_001266715.1,identical,ftp://ftp.ncbi.nlm.nih.gov/genomes/all/GCF_001266715.1_ASM126671v1,1.0,1.0,2274.0,2191533.0,,,46.2249484721,,,,,
GCF_001266735.1,PRJNA224116,SAMN03890864,,na,43687,43687,Metallosphaera sedula,strain=SARC-M1,,latest,Complete Genome,Major,Full,2015/08/12,ASM126673v1,University of Nebraska-Lincoln,GCA_001266735.1,identical,ftp://ftp.ncbi.nlm.nih.gov/genomes/all/GCF_001266735.1_ASM126673v1,1.0,1.0,2280.0,2191533.0,,,46.224902842,,,,,
GCF_000230715.2,PRJNA74439,SAMN02232042,,representative genome,797304,44930,Natronobacterium gregoryi SP2,strain=SP2,,latest,Complete Genome,Major,Full,2012/12/10,ASM23071v3,DOE Joint Genome Institute,GCA_000230715.3,identical,ftp://ftp.ncbi.nlm.nih.gov/genomes/all/GCF_000230715.2_ASM23071v3,3.0,1.0,3572.0,3788356.0,GCF_000230715.2_Natronobacterium gregoryi SP2_strain=SP2,0.456258293941,62.2355185204,225.0,@GCF_000230715.2_Natronobacterium_gregoryi_SP2_strain_SP2,153.0,0.0650791,166.0
GCF_000011185.1,PRJNA57751,,,representative genome,273116,50339,Thermoplasma volcanium GSS1,,,latest,Complete Genome,Major,Full,2004/05/11,ASM1118v1,,GCA_000011185.1,identical,ftp://ftp.ncbi.nlm.nih.gov/genomes/all/GCF_000011185.1_ASM1118v1,1.0,1.0,1541.0,1584804.0,GCF_000011185.1_Thermoplasma volcanium GSS1,0.327857926035,39.9185009629,169.0,@GCF_000011185.1_Thermoplasma_volcanium_GSS1,105.0,0.0876042,194.0
GCF_000223905.1,PRJNA72475,SAMN02602960,,representative genome,634497,51589,Haloarcula hispanica ATCC 33960,strain=CGMCC 1.2049,,latest,Complete Genome,Major,Full,2011/08/17,ASM22390v1,,GCA_000223905.1,identical,ftp://ftp.ncbi.nlm.nih.gov/genomes/all/GCF_000223905.1_ASM22390v1,3.0,3.0,3712.0,3890005.0,GCF_000223905.1_Haloarcula hispanica ATCC 33960_strain=CGMCC 1.2049,0.296564851971,60.1948917311,241.0,@GCF_000223905.1_Haloarcula_hispanica_ATCC_33960_strain_CGMCC_1.2049,163.0,0.00220053,605.0
GCF_000504565.1,PRJNA230920,SAMN02393367,,na,1417673,51589,Haloarcula hispanica N601,strain=N601,,latest,Complete Genome,Major,Full,2014/01/09,ASM50456v2,"Academia Sinica, Taipei, Taiwan",GCA_000504565.2,identical,ftp://ftp.ncbi.nlm.nih.gov/genomes/all/GCF_000504565.1_ASM50456v2,3.0,4.0,3723.0,3901495.0,,,59.1104378985,,,,,
GCF_000011105.1,PRJNA57753,,,representative genome,70601,53953,Pyrococcus horikoshii OT3,,,latest,Complete Genome,Major,Full,2004/05/11,ASM1110v1,,GCA_000011105.1,identical,ftp://ftp.ncbi.nlm.nih.gov/genomes/all/GCF_000011105.1_ASM1110v1,1.0,1.0,1802.0,1738505.0,GCF_000011105.1_Pyrococcus horikoshii OT3,0.927965854184,41.8789707248,128.0,@GCF_000011105.1_Pyrococcus_horikoshii_OT3,88.0,1.48612e-06,163.0
GCF_000147875.1,PRJNA52695,SAMN00017400,,representative genome,679926,54120,Methanolacinia petrolearia DSM 11571,,,latest,Complete Genome,Major,Full,2010/09/17,ASM14787v1,,GCA_000147875.1,identical,ftp://ftp.ncbi.nlm.nih.gov/genomes/all/GCF_000147875.1_ASM14787v1,2.0,1.0,2749.0,2843290.0,GCF_000147875.1_Methanolacinia petrolearia DSM 11571,0.656017136385,47.3991748995,266.0,@GCF_000147875.1_Methanolacinia_petrolearia_DSM_11571,113.0,0.0932969,237.0
GCF_000015145.1,PRJNA57755,SAMN02604082,,representative genome,415426,54248,Hyperthermus butylicus DSM 5456,strain=DSM 5456,,latest,Complete Genome,Major,Full,2007/01/22,ASM1514v1,,GCA_000015145.1,identical,ftp://ftp.ncbi.nlm.nih.gov/genomes/all/GCF_000015145.1_ASM1514v1,1.0,1.0,1681.0,1667163.0,GCF_000015145.1_Hyperthermus butylicus DSM 5456_strain=DSM 5456,0.924253841758,53.7367371997,41.0,@GCF_000015145.1_Hyperthermus_butylicus_DSM_5456_strain_DSM_5456,78.0,0.00583759,164.0
GCF_000223395.1,PRJNA73415,SAMN02232047,,representative genome,694429,54252,Pyrolobus fumarii 1A,strain=1A,,latest,Complete Genome,Major,Full,2011/08/12,ASM22339v1,DOE Joint Genome Institute,GCA_000223395.1,identical,ftp://ftp.ncbi.nlm.nih.gov/genomes/all/GCF_000223395.1_ASM22339v1,1.0,1.0,1885.0,1843267.0,GCF_000223395.1_Pyrolobus fumarii 1A_strain=1A,0.855742539804,54.9041457369,44.0,@GCF_000223395.1_Pyrolobus_fumarii_1A_strain_1A,69.0,0.0243615,114.0
GCF_000092185.1,PRJNA48993,SAMN02598509,,representative genome,633148,54254,Thermosphaera aggregans DSM 11486,strain=DSM 11486,,latest,Complete Genome,Major,Full,2010/05/17,ASM9218v1,,GCA_000092185.1,identical,ftp://ftp.ncbi.nlm.nih.gov/genomes/all/GCF_000092185.1_ASM9218v1,1.0,1.0,1368.0,1316595.0,GCF_000092185.1_Thermosphaera aggregans DSM 11486_strain=DSM 11486,0.916903435278,46.7343412363,51.0,@GCF_000092185.1_Thermosphaera_aggregans_DSM_11486_strain_DSM_11486,76.0,0.0554056,174.0
GCF_000025505.1,PRJNA40863,SAMN02598503,,representative genome,589924,54261,Ferroglobus placidus DSM 10642,strain=DSM 10642,,latest,Complete Genome,Major,Full,2010/02/16,ASM2550v1,,GCA_000025505.1,identical,ftp://ftp.ncbi.nlm.nih.gov/genomes/all/GCF_000025505.1_ASM2550v1,1.0,1.0,2464.0,2196266.0,GCF_000025505.1_Ferroglobus placidus DSM 10642_strain=DSM 10642,0.773421038942,44.1354098274,18.0,@GCF_000025505.1_Ferroglobus_placidus_DSM_10642_strain_DSM_10642,111.0,0.0177199,205.0
GCF_000151105.2,PRJNA54733,SAMN02603625,,representative genome,391623,55802,Thermococcus barophilus MP,strain=MP,,latest,Complete Genome,Major,Full,2010/12/17,ASM15110v2,,GCA_000151105.2,identical,ftp://ftp.ncbi.nlm.nih.gov/genomes/all/GCF_000151105.2_ASM15110v2,1.0,2.0,2169.0,2064237.0,GCF_000151105.2_Thermococcus barophilus MP_strain=MP,0.864371289502,40.0395922299,151.0,@GCF_000151105.2_Thermococcus_barophilus_MP_strain_MP,115.0,0.0109602,9.0
GCF_001433455.1,PRJNA224116,SAMN03324231,,na,55802,55802,Thermococcus barophilus,strain=CH5,,latest,Complete Genome,Major,Full,2015/11/05,ASM143345v1,Ecole Normale Superieure de Lyon,GCA_001433455.1,identical,ftp://ftp.ncbi.nlm.nih.gov/genomes/all/GCF_001433455.1_ASM143345v1,1.0,1.0,2501.0,2388527.0,,,41.8368726835,,,,,
GCF_000023965.1,PRJNA59107,SAMN00002610,,representative genome,485914,57705,Halomicrobium mukohataei DSM 12286,strain=DSM 12286,,latest,Complete Genome,Major,Full,2009/09/03,ASM2396v1,,GCA_000023965.1,identical,ftp://ftp.ncbi.nlm.nih.gov/genomes/all/GCF_000023965.1_ASM2396v1,3.0,2.0,3201.0,3332349.0,GCF_000023965.1_Halomicrobium mukohataei DSM 12286_strain=DSM 12286,0.533143539436,64.8903348374,245.0,@GCF_000023965.1_Halomicrobium_mukohataei_DSM_12286_strain_DSM_12286,153.0,0.0589376,227.0
GCF_000194625.1,PRJNA65269,SAMN00713598,,representative genome,693661,58290,Archaeoglobus veneficus SNP6,strain=SNP6,,latest,Complete Genome,Major,Full,2011/03/31,ASM19462v1,,GCA_000194625.1,identical,ftp://ftp.ncbi.nlm.nih.gov/genomes/all/GCF_000194625.1_ASM19462v1,1.0,1.0,2040.0,1901943.0,GCF_000194625.1_Archaeoglobus veneficus SNP6_strain=SNP6,0.881565356861,47.0489914787,26.0,@GCF_000194625.1_Archaeoglobus_veneficus_SNP6_strain_SNP6,121.0,0.0328456,315.0
GCF_000172995.2,PRJNA54919,SAMN00002580,,representative genome,469382,60847,Halogeometricum borinquense DSM 11551,strain=DSM 11551,,latest,Complete Genome,Major,Full,2010/11/22,ASM17299v2,,GCA_000172995.2,identical,ftp://ftp.ncbi.nlm.nih.gov/genomes/all/GCF_000172995.2_ASM17299v2,2.0,6.0,3741.0,3944467.0,GCF_000172995.2_Halogeometricum borinquense DSM 11551_strain=DSM 11551,0.325277397274,59.0589511223,213.0,@GCF_000172995.2_Halogeometricum_borinquense_DSM_11551_strain_DSM_11551,147.0,0.054226,192.0
GCF_000025325.1,PRJNA43501,SAMN02598471,,representative genome,543526,62320,Haloterrigena turkmenica DSM 5511,strain=DSM 5511,,latest,Complete Genome,Major,Full,2010/01/19,ASM2532v1,,GCA_000025325.1,identical,ftp://ftp.ncbi.nlm.nih.gov/genomes/all/GCF_000025325.1_ASM2532v1,3.0,7.0,4911.0,5440782.0,GCF_000025325.1_Haloterrigena turkmenica DSM 5511_strain=DSM 5511,0.433583937407,60.5982533262,231.0,@GCF_000025325.1_Haloterrigena_turkmenica_DSM_5511_strain_DSM_5511,158.0,0.0311856,325.0
GCF_000092305.1,PRJNA48803,SAMN00017484,,representative genome,573063,67760,Methanocaldococcus infernus ME,strain=ME,,latest,Complete Genome,Major,Full,2010/04/30,ASM9230v1,,GCA_000092305.1,identical,ftp://ftp.ncbi.nlm.nih.gov/genomes/all/GCF_000092305.1_ASM9230v1,2.0,1.0,1418.0,1328194.0,GCF_000092305.1_Methanocaldococcus infernus ME_strain=ME,0.905038320157,33.6185075373,176.0,@GCF_000092305.1_Methanocaldococcus_infernus_ME_strain_ME,94.0,0.0369121,182.0
GCF_000230735.2,PRJNA74437,SAMN02261373,,representative genome,797303,69525,Natrinema pellirubrum DSM 15624,strain=DSM 15624,,latest,Complete Genome,Major,Full,2012/12/27,ASM23073v3,JGI,GCA_000230735.3,identical,ftp://ftp.ncbi.nlm.nih.gov/genomes/all/GCF_000230735.2_ASM23073v3,3.0,3.0,3975.0,4354100.0,GCF_000230735.2_Natrinema pellirubrum DSM 15624_strain=DSM 15624,0.463895824062,60.0963632977,228.0,@GCF_000230735.2_Natrinema_pellirubrum_DSM_15624_strain_DSM_15624,147.0,0.0157387,174.0
GCF_000024625.1,PRJNA41131,SAMN02598493,,representative genome,579137,73913,Methanocaldococcus vulcanius M7,strain=M7,,latest,Complete Genome,Major,Full,2009/10/15,ASM2462v1,,GCA_000024625.1,identical,ftp://ftp.ncbi.nlm.nih.gov/genomes/all/GCF_000024625.1_ASM2462v1,2.0,3.0,1682.0,1761737.0,GCF_000024625.1_Methanocaldococcus vulcanius M7_strain=M7,0.91528432636,35.9631141991,178.0,@GCF_000024625.1_Methanocaldococcus_vulcanius_M7_strain_M7,92.0,0.0305852,198.0
GCF_000018305.1,PRJNA58711,SAMN00623034,,representative genome,397948,76887,Caldivirga maquilingensis IC-167,,,latest,Complete Genome,Major,Full,2007/10/05,ASM1830v1,,GCA_000018305.1,identical,ftp://ftp.ncbi.nlm.nih.gov/genomes/all/GCF_000018305.1_ASM1830v1,1.0,1.0,1995.0,2077567.0,GCF_000018305.1_Caldivirga maquilingensis IC-167,0.617946777356,43.0958423964,105.0,@GCF_000018305.1_Caldivirga_maquilingensis_IC-167,115.0,0.105735,164.0
GCF_000008265.1,PRJNA58041,SAMN02603345,,representative genome,263820,82076,Picrophilus torridus DSM 9790,strain=DSM 9790,,latest,Complete Genome,Major,Full,2004/06/08,ASM826v1,,GCA_000008265.1,identical,ftp://ftp.ncbi.nlm.nih.gov/genomes/all/GCF_000008265.1_ASM826v1,1.0,1.0,1545.0,1545895.0,GCF_000008265.1_Picrophilus torridus DSM 9790_strain=DSM 9790,0.208320288534,35.9704248995,171.0,@GCF_000008265.1_Picrophilus_torridus_DSM_9790_strain_DSM_9790,142.0,0.0538038,519.0
GCF_000023985.1,PRJNA59347,SAMN02598490,,representative genome,573064,83171,Methanocaldococcus fervens AG86,strain=AG86,,latest,Complete Genome,Major,Full,2009/08/28,ASM2398v1,,GCA_000023985.1,identical,ftp://ftp.ncbi.nlm.nih.gov/genomes/all/GCF_000023985.1_ASM2398v1,2.0,2.0,1550.0,1507251.0,GCF_000023985.1_Methanocaldococcus fervens AG86_strain=AG86,0.902701278491,32.4974804978,179.0,@GCF_000023985.1_Methanocaldococcus_fervens_AG86_strain_AG86,90.0,0.00481036,193.0
GCF_000024185.1,PRJNA45857,SAMN02603710,,representative genome,634498,83816,Methanobrevibacter ruminantium M1,strain=M1,,latest,Complete Genome,Major,Full,2010/02/05,ASM2418v1,,GCA_000024185.1,identical,ftp://ftp.ncbi.nlm.nih.gov/genomes/all/GCF_000024185.1_ASM2418v1,2.0,1.0,2108.0,2937203.0,GCF_000024185.1_Methanobrevibacter ruminantium M1_strain=M1,0.821374356104,32.6409853183,4.0,@GCF_000024185.1_Methanobrevibacter_ruminantium_M1_strain_M1,110.0,0.0377285,360.0
GCF_000015765.1,PRJNA58785,SAMN00623052,,representative genome,410358,83984,Methanocorpusculum labreanum Z,,,latest,Complete Genome,Major,Full,2007/02/01,ASM1576v1,,GCA_000015765.1,identical,ftp://ftp.ncbi.nlm.nih.gov/genomes/all/GCF_000015765.1_ASM1576v1,3.0,1.0,1782.0,1804962.0,GCF_000015765.1_Methanocorpusculum labreanum Z,0.472716146913,50.0065929366,271.0,@GCF_000015765.1_Methanocorpusculum_labreanum_Z,90.0,0.226841,250.0
GCF_000304355.2,PRJEA171377,SAMEA2272323,,representative genome,1201294,83986,Methanoculleus bourgensis MS2,strain=type strain:MS2,,latest,Complete Genome,Major,Full,2014/02/04,Mb_MS2,irena.maus,GCA_000304355.2,identical,ftp://ftp.ncbi.nlm.nih.gov/genomes/all/GCF_000304355.2_Mb_MS2,1.0,1.0,2487.0,2789774.0,GCF_000304355.2_Methanoculleus bourgensis MS2_strain=type strain:MS2,0.697154696568,60.6400375084,267.0,@GCF_000304355.2_Methanoculleus_bourgensis_MS2_strain_type_strain_MS2,119.0,0.025581,623.0
GCF_000025285.1,PRJNA43493,SAMN00017459,,representative genome,572546,84156,Archaeoglobus profundus DSM 5631,strain=DSM 5631,,latest,Complete Genome,Major,Full,2010/01/19,ASM2528v1,,GCA_000025285.1,identical,ftp://ftp.ncbi.nlm.nih.gov/genomes/all/GCF_000025285.1_ASM2528v1,1.0,2.0,1770.0,1563423.0,GCF_000025285.1_Archaeoglobus profundus DSM 5631_strain=DSM 5631,0.809854066148,40.9256780164,19.0,@GCF_000025285.1_Archaeoglobus_profundus_DSM_5631_strain_DSM_5631,105.0,0.0450852,166.0
GCF_000092465.1,PRJNA45893,SAMN00002730,,representative genome,591019,84599,Staphylothermus hellenicus DSM 12710,strain=DSM 12710,,latest,Complete Genome,Major,Full,2010/06/01,ASM9246v1,,GCA_000092465.1,identical,ftp://ftp.ncbi.nlm.nih.gov/genomes/all/GCF_000092465.1_ASM9246v1,1.0,1.0,1586.0,1580347.0,GCF_000092465.1_Staphylothermus hellenicus DSM 12710_strain=DSM 12710,1.0,36.8383019679,48.0,@GCF_000092465.1_Staphylothermus_hellenicus_DSM_12710_strain_DSM_12710,80.0,0.00578919,110.0
GCF_000152265.2,PRJNA54095,SAMN02604346,,representative genome,333146,97393,Ferroplasma acidarmanus fer1,strain=fer1,,latest,Complete Genome,Major,Full,2013/06/26,ASM15226v2,DOE Joint Genome Institute,GCA_000152265.2,identical,ftp://ftp.ncbi.nlm.nih.gov/genomes/all/GCF_000152265.2_ASM15226v2,1.0,1.0,1848.0,1935211.0,GCF_000152265.2_Ferroplasma acidarmanus fer1_strain=fer1,0.0,36.4657910688,170.0,@GCF_000152265.2_Ferroplasma_acidarmanus_fer1_strain_fer1,118.0,0.124998,183.0
GCF_000328665.1,PRJNA184864,SAMN02261367,,representative genome,867904,101192,Methanomethylovorans hollandica DSM 15978,strain=DSM 15978,,latest,Complete Genome,Major,Full,2012/12/28,ASM32866v1,JGI,GCA_000328665.1,identical,ftp://ftp.ncbi.nlm.nih.gov/genomes/all/GCF_000328665.1_ASM32866v1,2.0,2.0,2510.0,2714013.0,GCF_000328665.1_Methanomethylovorans hollandica DSM 15978_strain=DSM 15978,0.703477992403,39.0207267216,289.0,@GCF_000328665.1_Methanomethylovorans_hollandica_DSM_15978_strain_DSM_15978,95.0,0.0381441,15.0
GCF_000011205.1,PRJNA57807,,,representative genome,273063,111955,Sulfolobus tokodaii str. 7,strain=7,,latest,Complete Genome,Major,Full,2004/05/11,ASM1120v1,,GCA_000011205.1,identical,ftp://ftp.ncbi.nlm.nih.gov/genomes/all/GCF_000011205.1_ASM1120v1,1.0,1.0,2757.0,2694756.0,GCF_000011205.1_Sulfolobus tokodaii str. 7_strain=7,0.385575065778,32.7867161257,84.0,@GCF_000011205.1_Sulfolobus_tokodaii_str._7_strain_7,116.0,0.0418248,138.0
GCF_001006045.1,PRJNA224116,SAMN02988852,,representative genome,113653,113653,Geoglobus ahangari,strain=234,,latest,Complete Genome,Major,Full,2015/05/11,ASM100604v1,Michigan State University,GCA_001006045.1,identical,ftp://ftp.ncbi.nlm.nih.gov/genomes/all/GCF_001006045.1_ASM100604v1,1.0,1.0,1978.0,1770093.0,GCF_001006045.1_Geoglobus ahangari_strain=234,0.823544869883,53.1085654822,29.0,@GCF_001006045.1_Geoglobus_ahangari_strain_234,97.0,0.00911399,90.0
GCF_000008645.1,PRJNA57877,SAMN02603244,,representative genome,187420,145262,Methanothermobacter thermautotrophicus str. Delta H,strain=Delta H,,latest,Complete Genome,Major,Full,1999/12/22,ASM864v1,,GCA_000008645.1,identical,ftp://ftp.ncbi.nlm.nih.gov/genomes/all/GCF_000008645.1_ASM864v1,2.0,1.0,1746.0,1751377.0,GCF_000008645.1_Methanothermobacter thermautotrophicus str. Delta H_strain=Delta H,0.883843889129,49.5439302903,14.0,@GCF_000008645.1_Methanothermobacter_thermautotrophicus_str._Delta_H_strain_Delta_H,101.0,0.0105055,130.0
GCF_000145295.1,PRJNA51637,SAMN02603260,,representative genome,79929,145263,Methanothermobacter marburgensis str. Marburg,strain=Marburg,,latest,Complete Genome,Major,Full,2010/08/11,ASM14529v1,,GCA_000145295.1,identical,ftp://ftp.ncbi.nlm.nih.gov/genomes/all/GCF_000145295.1_ASM14529v1,2.0,2.0,1689.0,1639135.0,GCF_000145295.1_Methanothermobacter marburgensis str. Marburg_strain=Marburg,0.881363304059,47.0274238281,16.0,@GCF_000145295.1_Methanothermobacter_marburgensis_str._Marburg_strain_Marburg,112.0,0.00388614,422.0
GCF_000023945.1,PRJNA59189,SAMN00002611,,representative genome,519442,146826,Halorhabdus utahensis DSM 12940,strain=DSM 12940,,latest,Complete Genome,Major,Full,2009/08/27,ASM2394v1,,GCA_000023945.1,identical,ftp://ftp.ncbi.nlm.nih.gov/genomes/all/GCF_000023945.1_ASM2394v1,1.0,1.0,2893.0,3116795.0,GCF_000023945.1_Halorhabdus utahensis DSM 12940_strain=DSM 12940,0.514936006125,62.8999661511,247.0,@GCF_000023945.1_Halorhabdus_utahensis_DSM_12940_strain_DSM_12940,153.0,0.00427966,224.0
GCF_000179575.2,PRJNA51535,SAMN00100784,,representative genome,647113,155863,Methanothermococcus okinawensis IH1,strain=IH1,,latest,Complete Genome,Major,Full,2011/06/06,ASM17957v2,,GCA_000179575.2,identical,ftp://ftp.ncbi.nlm.nih.gov/genomes/all/GCF_000179575.2_ASM17957v2,2.0,2.0,1544.0,1677455.0,GCF_000179575.2_Methanothermococcus okinawensis IH1_strain=IH1,0.845078430483,28.068633639,187.0,@GCF_000179575.2_Methanothermococcus_okinawensis_IH1_strain_IH1,105.0,0.0218623,273.0
GCF_000017945.1,PRJNA58365,SAMN02598324,,representative genome,453591,160233,Ignicoccus hospitalis KIN4/I,strain=KIN4/I,,latest,Complete Genome,Major,Full,2007/08/29,ASM1794v1,,GCA_000017945.1,identical,ftp://ftp.ncbi.nlm.nih.gov/genomes/all/GCF_000017945.1_ASM1794v1,1.0,1.0,1437.0,1297538.0,GCF_000017945.1_Ignicoccus hospitalis KIN4/I_strain=KIN4/I,0.914978513199,56.520348537,46.0,@GCF_000017945.1_Ignicoccus_hospitalis_KIN4/I_strain_KIN4/I,56.0,0.105017,9.0
GCF_000265525.1,PRJNA168259,SAMN02603492,,representative genome,163003,163003,Thermococcus cleftensis,,,latest,Complete Genome,Major,Full,2012/06/11,ASM26552v1,,GCA_000265525.1,identical,ftp://ftp.ncbi.nlm.nih.gov/genomes/all/GCF_000265525.1_ASM26552v1,1.0,1.0,2032.0,1950313.0,GCF_000265525.1_Thermococcus cleftensis,0.893763603179,55.8175021138,145.0,@GCF_000265525.1_Thermococcus_cleftensis,92.0,0.00447952,7.0
GCF_000148385.1,PRJNA52827,SAMN00017002,,representative genome,572478,164451,Vulcanisaeta distributa DSM 14429,strain=DSM 14429,,latest,Complete Genome,Major,Full,2010/09/22,ASM14838v1,,GCA_000148385.1,identical,ftp://ftp.ncbi.nlm.nih.gov/genomes/all/GCF_000148385.1_ASM14838v1,1.0,1.0,2419.0,2374137.0,GCF_000148385.1_Vulcanisaeta distributa DSM 14429_strain=DSM 14429,0.686898240539,45.4277069942,107.0,@GCF_000148385.1_Vulcanisaeta_distributa_DSM_14429_strain_DSM_14429,115.0,0.0106589,207.0
GCF_000970265.1,PRJNA224116,SAMN03074579,,representative genome,1434111,170861,Methanosarcina lacustris Z-7289,strain=Z-7289,,latest,Complete Genome,Major,Full,2015/04/07,ASM97026v1,University of Illinois at Urbana-Champaign,GCA_000970265.1,identical,ftp://ftp.ncbi.nlm.nih.gov/genomes/all/GCF_000970265.1_ASM97026v1,3.0,1.0,3234.0,4139808.0,GCF_000970265.1_Methanosarcina lacustris Z-7289_strain=Z-7289,0.599736646791,41.822785018,292.0,@GCF_000970265.1_Methanosarcina_lacustris_Z-7289_strain_Z-7289,114.0,0.00888707,108.0
GCF_000022545.1,PRJNA59399,SAMN02603090,,representative genome,604354,172049,Thermococcus sibiricus MM 739,strain=MM 739,,latest,Complete Genome,Major,Full,2009/06/29,ASM2254v1,,GCA_000022545.1,identical,ftp://ftp.ncbi.nlm.nih.gov/genomes/all/GCF_000022545.1_ASM2254v1,1.0,1.0,1912.0,1845800.0,GCF_000022545.1_Thermococcus sibiricus MM 739_strain=MM 739,0.934652380525,40.201267743,122.0,@GCF_000022545.1_Thermococcus_sibiricus_MM_739_strain_MM_739,116.0,0.0157644,276.0
GCF_000193375.1,PRJNA65089,SAMN02603093,,representative genome,999630,184117,Thermoproteus uzoniensis 768-20,strain=768-20,,latest,Complete Genome,Major,Full,2011/03/28,ASM19337v1,,GCA_000193375.1,identical,ftp://ftp.ncbi.nlm.nih.gov/genomes/all/GCF_000193375.1_ASM19337v1,1.0,1.0,2112.0,1936063.0,GCF_000193375.1_Thermoproteus uzoniensis 768-20_strain=768-20,0.630415860022,59.6550835381,110.0,@GCF_000193375.1_Thermoproteus_uzoniensis_768-20_strain_768-20,115.0,0.00936804,10.0
GCF_000022365.1,PRJNA59389,SAMN02603333,,representative genome,593117,187878,Thermococcus gammatolerans EJ3,strain=EJ3; DSM 15229,,latest,Complete Genome,Major,Full,2009/06/12,ASM2236v1,,GCA_000022365.1,identical,ftp://ftp.ncbi.nlm.nih.gov/genomes/all/GCF_000022365.1_ASM2236v1,1.0,1.0,2111.0,2045438.0,GCF_000022365.1_Thermococcus gammatolerans EJ3_strain=EJ3; DSM 15229,0.944892523571,53.5614865862,141.0,@GCF_000022365.1_Thermococcus_gammatolerans_EJ3_strain_EJ3__DSM_15229,122.0,1.48612e-06,318.0
GCF_000585495.1,PRJNA224116,SAMN03081537,,representative genome,195522,195522,Thermococcus nautili,strain=30-1,,latest,Complete Genome,Major,Full,2014/03/05,ASM58549v1,Institute de Genetique et Microbiologie,GCA_000585495.1,identical,ftp://ftp.ncbi.nlm.nih.gov/genomes/all/GCF_000585495.1_ASM58549v1,1.0,1.0,2127.0,1976356.0,GCF_000585495.1_Thermococcus nautili_strain=30-1,0.885766999782,54.8416884407,137.0,@GCF_000585495.1_Thermococcus_nautili_strain_30-1,98.0,0.00112657,78.0
GCF_000317795.1,PRJNA183486,SAMN02261426,,representative genome,1056495,200415,Caldisphaera lagunensis DSM 15908,strain=DSM 15908,,latest,Complete Genome,Major,Full,2012/12/10,ASM31779v1,JGI,GCA_000317795.1,identical,ftp://ftp.ncbi.nlm.nih.gov/genomes/all/GCF_000317795.1_ASM31779v1,1.0,1.0,1483.0,1546846.0,GCF_000317795.1_Caldisphaera lagunensis DSM 15908_strain=DSM 15908,0.758782283171,30.0340176074,95.0,@GCF_000317795.1_Caldisphaera_lagunensis_DSM_15908_strain_DSM_15908,94.0,0.160068,7.0
GCF_000404165.1,PRJNA206516,SAMN02602974,,na,224719,224719,Methanobrevibacter sp. AbM4,strain=AbM4,,latest,Complete Genome,Major,Full,2013/06/03,ASM40416v1,AgResearch Ltd. & The New Zealand Agricultural Greenhouse Gas Research Centre,GCA_000404165.1,identical,ftp://ftp.ncbi.nlm.nih.gov/genomes/all/GCF_000404165.1_ASM40416v1,3.0,1.0,1658.0,1998189.0,GCF_000404165.1_Methanobrevibacter sp. AbM4_strain=AbM4,0.750757249899,29.0385944473,5.0,@GCF_000404165.1_Methanobrevibacter_sp._AbM4_strain_AbM4,82.0,0.0583152,3.0
GCF_000231015.2,PRJNA75119,SAMN02232017,,representative genome,768672,228748,Desulfurococcus fermentans DSM 16532,strain=DSM 16532,,latest,Complete Genome,Major,Full,2012/06/07,ASM23101v3,,GCA_000231015.3,identical,ftp://ftp.ncbi.nlm.nih.gov/genomes/all/GCF_000231015.2_ASM23101v3,1.0,1.0,1425.0,1384116.0,GCF_000231015.2_Desulfurococcus fermentans DSM 16532_strain=DSM 16532,0.835560985617,44.8287571273,53.0,@GCF_000231015.2_Desulfurococcus_fermentans_DSM_16532_strain_DSM_16532,78.0,0.01,141.0
GCF_001477655.1,PRJNA224116,SAMN03438115,,na,230361,230361,Methanobrevibacter millerae,strain=SM9,,latest,Complete Genome,Major,Full,2015/12/22,ASM147765v1,PGgRc,GCA_001477655.1,identical,ftp://ftp.ncbi.nlm.nih.gov/genomes/all/GCF_001477655.1_ASM147765v1,2.0,1.0,2187.0,2543538.0,GCF_001477655.1_Methanobrevibacter millerae_strain=SM9,0.77526370834,31.81088704,6.0,@GCF_001477655.1_Methanobrevibacter_millerae_strain_SM9,97.0,0.0223595,0.0
GCF_000144915.1,PRJNA51395,SAMN02603091,,representative genome,666510,242703,Acidilobus saccharovorans 345-15,strain=345-15,,latest,Complete Genome,Major,Full,2010/08/06,ASM14491v1,,GCA_000144915.1,identical,ftp://ftp.ncbi.nlm.nih.gov/genomes/all/GCF_000144915.1_ASM14491v1,1.0,1.0,1469.0,1496453.0,GCF_000144915.1_Acidilobus saccharovorans 345-15_strain=345-15,0.826331534538,57.2173666664,96.0,@GCF_000144915.1_Acidilobus_saccharovorans_345-15_strain_345-15,98.0,0.0516167,184.0
GCF_000151205.2,PRJNA54735,SAMN02603626,,na,246969,246969,Thermococcus sp. AM4,strain=AM4,,latest,Complete Genome,Major,Full,2011/09/08,ASM15120v2,,GCA_000151205.2,identical,ftp://ftp.ncbi.nlm.nih.gov/genomes/all/GCF_000151205.2_ASM15120v2,1.0,1.0,2225.0,2086428.0,GCF_000151205.2_Thermococcus sp. AM4_strain=AM4,0.906649980398,54.7809941201,139.0,@GCF_000151205.2_Thermococcus_sp._AM4_strain_AM4,97.0,0.00425,6.0
GCF_000235685.2,PRJNA224116,SAMN02261397,AGIY00000000.2,representative genome,882090,263906,Methanolinea tarda NOBI-1,strain=NOBI-1,,latest,Complete Genome,Major,Full,2014/01/13,ASM23568v3,JGI,GCA_000235685.3,identical,ftp://ftp.ncbi.nlm.nih.gov/genomes/all/GCF_000235685.2_ASM23568v3,1.0,1.0,1978.0,2052856.0,GCF_000235685.2_Methanolinea tarda NOBI-1_strain=NOBI-1,0.831204418047,56.5003585249,272.0,@GCF_000235685.2_Methanolinea_tarda_NOBI-1_strain_NOBI-1,96.0,0.0452567,14.0
GCF_000009185.1,PRJNA58673,SAMEA3138195,,na,362976,293091,Haloquadratum walsbyi DSM 16790,strain=DSM 16790 = HBSQ001,,latest,Complete Genome,Major,Full,2006/06/22,ASM918v1,,GCA_000009185.1,identical,ftp://ftp.ncbi.nlm.nih.gov/genomes/all/GCF_000009185.1_ASM918v1,2.0,2.0,2680.0,3179361.0,GCF_000009185.1_Haloquadratum walsbyi DSM 16790_strain=DSM 16790 = HBSQ001,0.19132990531,47.7685547082,215.0,@GCF_000009185.1_Haloquadratum_walsbyi_DSM_16790_strain_DSM_16790___HBSQ001,155.0,1.48612e-06,548.0
GCF_000237865.1,PRJEA162019,SAMEA2272799,,representative genome,768065,293091,Haloquadratum walsbyi C23,strain=DSM 16854 = C23,,latest,Complete Genome,Major,Full,2011/05/31,ASM23786v1,,GCA_000237865.1,identical,ftp://ftp.ncbi.nlm.nih.gov/genomes/all/GCF_000237865.1_ASM23786v1,2.0,4.0,2777.0,3260476.0,GCF_000237865.1_Haloquadratum walsbyi C23_strain=DSM 16854 = C23,0.200516485144,48.6807165913,214.0,@GCF_000237865.1_Haloquadratum_walsbyi_C23_strain_DSM_16854___C23,153.0,0.00211633,590.0
GCF_000235565.1,PRJNA81199,SAMN02603883,,representative genome,1110509,301375,Methanosaeta harundinacea 6Ac,strain=6Ac,,latest,Complete Genome,Major,Full,2011/11/16,ASM23556v1,,GCA_000235565.1,identical,ftp://ftp.ncbi.nlm.nih.gov/genomes/all/GCF_000235565.1_ASM23556v1,1.0,2.0,2348.0,2571034.0,GCF_000235565.1_Methanosaeta harundinacea 6Ac_strain=6Ac,0.780376124108,57.30060224,284.0,@GCF_000235565.1_Methanosaeta_harundinacea_6Ac_strain_6Ac,105.0,0.0427623,18.0
GCF_000009965.1,PRJNA58225,,,representative genome,69014,311400,Thermococcus kodakarensis KOD1,,,latest,Complete Genome,Major,Full,2005/01/05,ASM996v1,,GCA_000009965.1,identical,ftp://ftp.ncbi.nlm.nih.gov/genomes/all/GCF_000009965.1_ASM996v1,1.0,1.0,2227.0,2088737.0,GCF_000009965.1_Thermococcus kodakarensis KOD1,0.876322003423,51.9954881826,143.0,@GCF_000009965.1_Thermococcus_kodakarensis_KOD1,105.0,0.00110116,198.0
GCF_000018365.1,PRJNA59043,SAMN02603476,,representative genome,523850,342948,Thermococcus onnurineus NA1,strain=NA1,,latest,Complete Genome,Major,Full,2008/11/06,ASM1836v1,,GCA_000018365.1,identical,ftp://ftp.ncbi.nlm.nih.gov/genomes/all/GCF_000018365.1_ASM1836v1,1.0,1.0,1936.0,1847607.0,GCF_000018365.1_Thermococcus onnurineus NA1_strain=NA1,0.896669770744,51.2727003091,135.0,@GCF_000018365.1_Thermococcus_onnurineus_NA1_strain_NA1,95.0,0.00654914,7.0
GCF_000211475.1,PRJNA66551,SAMN02603477,,representative genome,342949,342949,Pyrococcus sp. NA2,strain=NA2,,latest,Complete Genome,Major,Full,2011/04/29,ASM21147v1,,GCA_000211475.1,identical,ftp://ftp.ncbi.nlm.nih.gov/genomes/all/GCF_000211475.1_ASM21147v1,1.0,1.0,1920.0,1861320.0,GCF_000211475.1_Pyrococcus sp. NA2_strain=NA2,0.846690033145,42.7402596007,127.0,@GCF_000211475.1_Pyrococcus_sp._NA2_strain_NA2,102.0,0.00545685,8.0
GCF_000517625.1,PRJNA224116,SAMN00117518,,representative genome,797299,353800,Halostagnicola larsenii XH-48,strain=XH-48,,latest,Complete Genome,Major,Full,2014/01/13,ASM51762v1,JGI,GCA_000517625.1,identical,ftp://ftp.ncbi.nlm.nih.gov/genomes/all/GCF_000517625.1_ASM51762v1,2.0,5.0,3725.0,4131176.0,GCF_000517625.1_Halostagnicola larsenii XH-48_strain=XH-48,0.37206138102,59.4718096255,226.0,@GCF_000517625.1_Halostagnicola_larsenii_XH-48_strain_XH-48,137.0,0.0689336,70.0
GCF_000017625.1,PRJNA58815,SAMN02598409,,representative genome,456442,358766,Methanoregula boonei 6A8,strain=6A8,,latest,Complete Genome,Major,Full,2007/07/26,ASM1762v1,,GCA_000017625.1,identical,ftp://ftp.ncbi.nlm.nih.gov/genomes/all/GCF_000017625.1_ASM1762v1,1.0,1.0,2488.0,2542943.0,GCF_000017625.1_Methanoregula boonei 6A8_strain=6A8,0.778484073967,54.5136088383,274.0,@GCF_000017625.1_Methanoregula_boonei_6A8_strain_6A8,113.0,0.0287774,207.0
GCF_000025665.1,PRJNA43333,SAMN02598523,,representative genome,439481,379547,Aciduliprofundum boonei T469,strain=T469,,latest,Complete Genome,Major,Full,2010/02/24,ASM2566v1,,GCA_000025665.1,identical,ftp://ftp.ncbi.nlm.nih.gov/genomes/all/GCF_000025665.1_ASM2566v1,1.0,1.0,1511.0,1486778.0,GCF_000025665.1_Aciduliprofundum boonei T469_strain=T469,0.681291778018,39.1579644036,160.0,@GCF_000025665.1_Aciduliprofundum_boonei_T469_strain_T469,98.0,0.023814,42.0
GCF_000217715.1,PRJNA68105,SAMN02232028,,representative genome,797210,387343,Halopiger xanaduensis SH-6,strain=SH-6,,latest,Complete Genome,Major,Full,2011/06/09,ASM21771v1,,GCA_000217715.1,identical,ftp://ftp.ncbi.nlm.nih.gov/genomes/all/GCF_000217715.1_ASM21771v1,3.0,4.0,4018.0,4355268.0,GCF_000217715.1_Halopiger xanaduensis SH-6_strain=SH-6,0.463401491352,62.1655852862,223.0,@GCF_000217715.1_Halopiger_xanaduensis_SH-6_strain_SH-6,173.0,0.0539621,554.0
GCF_000281695.1,PRJNA171337,SAMN02603638,,na,406552,406552,Natrinema sp. J7-2,strain=J7-2,,latest,Complete Genome,Major,Full,2012/07/25,ASM28169v1,Nankai University,GCA_000281695.1,identical,ftp://ftp.ncbi.nlm.nih.gov/genomes/all/GCF_000281695.1_ASM28169v1,3.0,2.0,3564.0,3793615.0,GCF_000281695.1_Natrinema sp. J7-2_strain=J7-2,0.484033133879,61.426792514,229.0,@GCF_000281695.1_Natrinema_sp._J7-2_strain_J7-2,153.0,0.0229429,72.0
GCF_000196895.1,PRJNA50305,SAMN02603490,,representative genome,795797,413810,Halalkalicoccus jeotgali B3,strain=B3,,latest,Complete Genome,Major,Full,2010/06/23,ASM19689v1,,GCA_000196895.1,identical,ftp://ftp.ncbi.nlm.nih.gov/genomes/all/GCF_000196895.1_ASM19689v1,1.0,7.0,3550.0,3698650.0,GCF_000196895.1_Halalkalicoccus jeotgali B3_strain=B3,0.476923780135,56.6341559002,221.0,@GCF_000196895.1_Halalkalicoccus_jeotgali_B3_strain_B3,14.0,0.0857529,173.0
GCF_000591055.1,PRJNA190182,SAMEA3138954,,representative genome,268739,416273,Natronomonas moolapensis 8.8.11,strain=8.8.11,,latest,Complete Genome,Major,Full,2013/02/21,ASM59105v1,Max-Planck-Institute of Biochemistry,GCA_000591055.1,identical,ftp://ftp.ncbi.nlm.nih.gov/genomes/all/GCF_000591055.1_ASM59105v1,1.0,1.0,2640.0,2912573.0,GCF_000591055.1_Natronomonas moolapensis 8.8.11_strain=8.8.11,0.67413644715,64.5258333439,262.0,@GCF_000591055.1_Natronomonas_moolapensis_8.8.11_strain_8.8.11,143.0,0.0331589,668.0
GCF_000970285.1,PRJNA224116,SAMN03074578,,representative genome,1434110,418008,Methanosarcina horonobensis HB-1 = JCM 15518,strain=HB-1,,latest,Complete Genome,Major,Full,2015/04/07,ASM97028v1,University of Illinois at Urbana-Champaign,GCA_000970285.1,identical,ftp://ftp.ncbi.nlm.nih.gov/genomes/all/GCF_000970285.1_ASM97028v1,3.0,1.0,4096.0,5018607.0,GCF_000970285.1_Methanosarcina horonobensis HB-1 = JCM 15518_strain=HB-1,0.587837191209,41.3110450769,302.0,@GCF_000970285.1_Methanosarcina_horonobensis_HB-1___JCM_15518_strain_HB-1,127.0,0.00244265,119.0
GCF_000306725.1,PRJNA177925,SAMN00739943,,representative genome,1094980,420950,Methanolobus psychrophilus R15,,,latest,Complete Genome,Major,Full,2012/10/18,ASM30672v1,Beijing Institute of Genomics,GCA_000306725.1,identical,ftp://ftp.ncbi.nlm.nih.gov/genomes/all/GCF_000306725.1_ASM30672v1,3.0,1.0,2802.0,3072769.0,GCF_000306725.1_Methanolobus psychrophilus R15,0.649873483955,44.610870521,321.0,@GCF_000306725.1_Methanolobus_psychrophilus_R15,102.0,0.0462562,13.0
GCF_000470655.1,PRJNA214082,SAMEA2271992,,representative genome,1033806,430914,Halorhabdus tiamatea SARL4B,strain=type strain: SARL4B,,latest,Complete Genome,Major,Full,2013/08/01,HATI1,MPI BREMEN,GCA_000470655.1,identical,ftp://ftp.ncbi.nlm.nih.gov/genomes/all/GCF_000470655.1_HATI1,1.0,2.0,2939.0,3146160.0,GCF_000470655.1_Halorhabdus tiamatea SARL4B_strain=type strain: SARL4B,0.564092524067,60.3889973679,246.0,@GCF_000470655.1_Halorhabdus_tiamatea_SARL4B_strain_type_strain__SARL4B,129.0,0.00706883,1.0
GCF_000021965.1,PRJNA59193,SAMN00001866,,representative genome,521011,475088,Methanosphaerula palustris E1-9c,strain=E1-9c,,latest,Complete Genome,Major,Full,2009/01/05,ASM2196v1,,GCA_000021965.1,identical,ftp://ftp.ncbi.nlm.nih.gov/genomes/all/GCF_000021965.1_ASM2196v1,3.0,1.0,2680.0,2922917.0,GCF_000021965.1_Methanosphaerula palustris E1-9c_strain=E1-9c,0.762410719413,55.3536757972,279.0,@GCF_000021965.1_Methanosphaerula_palustris_E1-9c_strain_E1-9c,113.0,0.0457406,203.0
GCF_000020905.1,PRJNA59133,SAMN02603098,,representative genome,490899,477693,Desulfurococcus kamchatkensis 1221n,strain=1221n,,latest,Complete Genome,Major,Full,2008/12/24,ASM2090v1,,GCA_000020905.1,identical,ftp://ftp.ncbi.nlm.nih.gov/genomes/all/GCF_000020905.1_ASM2090v1,1.0,1.0,1378.0,1365223.0,GCF_000020905.1_Desulfurococcus kamchatkensis 1221n_strain=1221n,0.851427918393,45.3391130973,54.0,@GCF_000020905.1_Desulfurococcus_kamchatkensis_1221n_strain_1221n,73.0,0.00376081,12.0
GCF_000019605.1,PRJNA58601,SAMN02598368,,representative genome,374847,498846,Candidatus Korarchaeum cryptofilum OPF8,,,latest,Complete Genome,Major,Full,2008/03/18,ASM1960v1,,GCA_000019605.1,identical,ftp://ftp.ncbi.nlm.nih.gov/genomes/all/GCF_000019605.1_ASM1960v1,1.0,1.0,1627.0,1590757.0,GCF_000019605.1_Candidatus Korarchaeum cryptofilum OPF8,0.491435085346,49.0006958951,33.0,@GCF_000019605.1_Candidatus_Korarchaeum_cryptofilum_OPF8,83.0,0.450887,121.0
GCF_000213215.1,PRJNA66875,SAMN02602984,,representative genome,933801,563177,Acidianus hospitalis W1,strain=W1,,latest,Complete Genome,Major,Full,2011/05/12,ASM21321v1,,GCA_000213215.1,identical,ftp://ftp.ncbi.nlm.nih.gov/genomes/all/GCF_000213215.1_ASM21321v1,1.0,1.0,2326.0,2137654.0,GCF_000213215.1_Acidianus hospitalis W1_strain=W1,0.365115757671,34.1481362278,86.0,@GCF_000213215.1_Acidianus_hospitalis_W1_strain_W1,108.0,0.0536846,11.0
GCF_000789255.1,PRJNA224116,SAMN03070125,,representative genome,565033,565033,Geoglobus acetivorans,strain=SBH6,,latest,Complete Genome,Major,Full,2014/12/04,ASM78925v1,Centre Bioengineering RAS,GCA_000789255.1,identical,ftp://ftp.ncbi.nlm.nih.gov/genomes/all/GCF_000789255.1_ASM78925v1,1.0,1.0,2132.0,1860815.0,GCF_000789255.1_Geoglobus acetivorans_strain=SBH6,0.727118480109,46.8406585287,21.0,@GCF_000789255.1_Geoglobus_acetivorans_strain_SBH6,99.0,0.0214269,89.0
GCF_000517445.1,PRJNA224116,SAMN03081513,,representative genome,582419,582419,Thermococcus paralvinellae,strain=ES1,,latest,Complete Genome,Major,Full,2014/01/10,ASM51744v1,Kyung Hee University,GCA_000517445.1,identical,ftp://ftp.ncbi.nlm.nih.gov/genomes/all/GCF_000517445.1_ASM51744v1,1.0,1.0,2052.0,1957742.0,GCF_000517445.1_Thermococcus paralvinellae_strain=ES1,0.845843694818,40.2965252827,150.0,@GCF_000517445.1_Thermococcus_paralvinellae_strain_ES1,104.0,0.00468268,85.0
GCF_000025525.1,PRJNA42499,SAMN02598520,,representative genome,644281,644281,Methanocaldococcus sp. FS406-22,strain=FS406-22,,latest,Complete Genome,Major,Full,2010/02/17,ASM2552v1,,GCA_000025525.1,identical,ftp://ftp.ncbi.nlm.nih.gov/genomes/all/GCF_000025525.1_ASM2552v1,2.0,2.0,1777.0,1773136.0,GCF_000025525.1_Methanocaldococcus sp. FS406-22_strain=FS406-22,0.902985690794,31.8444758775,177.0,@GCF_000025525.1_Methanocaldococcus_sp._FS406-22_strain_FS406-22,93.0,0.0031782,199.0
GCF_000327505.1,PRJNA184407,SAMN02261429,,representative genome,673860,673860,Aciduliprofundum sp. MAR08-339,strain=MAR08-339,,latest,Complete Genome,Major,Full,2012/12/21,ASM32750v1,JGI,GCA_000327505.1,identical,ftp://ftp.ncbi.nlm.nih.gov/genomes/all/GCF_000327505.1_ASM32750v1,1.0,1.0,1459.0,1437090.0,GCF_000327505.1_Aciduliprofundum sp. MAR08-339_strain=MAR08-339,0.673309492365,44.1294560536,159.0,@GCF_000327505.1_Aciduliprofundum_sp._MAR08-339_strain_MAR08-339,91.0,0.0180998,7.0
GCF_000230955.2,PRJNA224116,SAMN02261380,,representative genome,751944,751944,Halobacterium sp. DL1,strain=DL1,,latest,Complete Genome,Major,Full,2014/01/13,ASM23095v3,JGI,GCA_000230955.3,identical,ftp://ftp.ncbi.nlm.nih.gov/genomes/all/GCF_000230955.2_ASM23095v3,1.0,2.0,3112.0,3162560.0,GCF_000230955.2_Halobacterium sp. DL1_strain=DL1,0.57617498123,62.2097869828,251.0,@GCF_000230955.2_Halobacterium_sp._DL1_strain_DL1,144.0,0.0243452,1.0
GCF_000224475.1,PRJNA72619,SAMN02232027,,representative genome,756883,756883,halophilic archaeon DL31,strain=DL31,,latest,Complete Genome,Major,Full,2011/08/26,ASM22447v1,,GCA_000224475.1,identical,ftp://ftp.ncbi.nlm.nih.gov/genomes/all/GCF_000224475.1_ASM22447v1,2.0,3.0,3320.0,3643158.0,GCF_000224475.1_halophilic archaeon DL31_strain=DL31,0.363835935908,60.5027189427,206.0,@GCF_000224475.1_halophilic_archaeon_DL31_strain_DL31,164.0,0.142331,455.0
GCF_000828575.1,PRJNA224116,,,na,866790,866790,Methanothermobacter sp. CaT2,,,latest,Complete Genome,Major,Full,2012/12/03,ASM82857v1,National Institute of Genetics,GCA_000828575.1,identical,ftp://ftp.ncbi.nlm.nih.gov/genomes/all/GCF_000828575.1_ASM82857v1,2.0,2.0,1737.0,1731018.0,GCF_000828575.1_Methanothermobacter sp. CaT2,0.885465399336,45.9485788502,13.0,@GCF_000828575.1_Methanothermobacter_sp._CaT2,100.0,1.48612e-06,101.0
GCF_000214725.1,PRJNA67359,SAMN00713630,,representative genome,868131,868131,Methanobacterium paludis,strain=SWAN1,,latest,Complete Genome,Major,Full,2011/05/24,ASM21472v1,,GCA_000214725.1,identical,ftp://ftp.ncbi.nlm.nih.gov/genomes/all/GCF_000214725.1_ASM21472v1,3.0,1.0,2344.0,2546541.0,GCF_000214725.1_Methanobacterium paludis_strain=SWAN1,0.823996681468,35.7317632035,1.0,@GCF_000214725.1_Methanobacterium_paludis_strain_SWAN1,124.0,0.0259277,338.0
GCF_000191585.1,PRJNA224116,SAMN02232037,,representative genome,877455,877455,Methanobacterium lacus,strain=AL-21,,latest,Complete Genome,Major,Full,2011/03/07,ASM19158v1,,GCA_000191585.1,identical,ftp://ftp.ncbi.nlm.nih.gov/genomes/all/GCF_000191585.1_ASM19158v1,2.0,1.0,2440.0,2583753.0,GCF_000191585.1_Methanobacterium lacus_strain=AL-21,0.779461197843,35.8286569962,2.0,@GCF_000191585.1_Methanobacterium_lacus_strain_AL-21,121.0,0.0268057,359.0
GCF_000327485.1,PRJNA184406,SAMN02232038,,representative genome,593750,882104,Methanoregula formicica SMSP,strain=SMSP,,latest,Complete Genome,Major,Full,2012/12/21,ASM32748v1,DOE Joint Genome Institute,GCA_000327485.1,identical,ftp://ftp.ncbi.nlm.nih.gov/genomes/all/GCF_000327485.1_ASM32748v1,1.0,1.0,2769.0,2820858.0,GCF_000327485.1_Methanoregula formicica SMSP_strain=SMSP,0.758902454306,55.1959368391,273.0,@GCF_000327485.1_Methanoregula_formicica_SMSP_strain_SMSP,96.0,0.0318192,9.0
GCF_000725425.1,PRJNA224116,SAMN03081469,,representative genome,1343739,971279,Palaeococcus pacificus DY20341,strain=DY20341,,latest,Complete Genome,Major,Full,2014/07/14,ASM72542v1,"The third institute of oceanography of SOA,PRChina",GCA_000725425.1,identical,ftp://ftp.ncbi.nlm.nih.gov/genomes/all/GCF_000725425.1_ASM72542v1,2.0,1.0,1945.0,1859370.0,GCF_000725425.1_Palaeococcus pacificus DY20341_strain=DY20341,0.930903313996,43.0442569257,120.0,@GCF_000725425.1_Palaeococcus_pacificus_DY20341_strain_DY20341,106.0,0.0378277,84.0
GCF_000190315.1,PRJNA63631,SAMN02603092,,representative genome,985053,985052,Vulcanisaeta moutnovskia 768-28,strain=768-28,,latest,Complete Genome,Major,Full,2011/02/22,ASM19031v1,,GCA_000190315.1,identical,ftp://ftp.ncbi.nlm.nih.gov/genomes/all/GCF_000190315.1_ASM19031v1,1.0,1.0,2351.0,2298983.0,GCF_000190315.1_Vulcanisaeta moutnovskia 768-28_strain=768-28,0.650984967017,42.3870032967,106.0,@GCF_000190315.1_Vulcanisaeta_moutnovskia_768-28_strain_768-28,104.0,0.0262187,13.0
GCF_000204925.1,PRJNA66329,SAMN02603221,,representative genome,1006006,1006005,Metallosphaera cuprina Ar-4,strain=Ar-4,,latest,Complete Genome,Major,Full,2011/04/19,ASM20492v1,,GCA_000204925.1,identical,ftp://ftp.ncbi.nlm.nih.gov/genomes/all/GCF_000204925.1_ASM20492v1,1.0,1.0,1878.0,1840348.0,GCF_000204925.1_Metallosphaera cuprina Ar-4_strain=Ar-4,0.326728444683,41.9945575511,87.0,@GCF_000204925.1_Metallosphaera_cuprina_Ar-4_strain_Ar-4,93.0,0.026378,15.0
GCF_000215995.1,PRJNA68281,SAMN02603867,,representative genome,529709,1008460,Pyrococcus yayanosii CH1,strain=CH1,,latest,Complete Genome,Major,Full,2011/06/07,ASM21599v1,,GCA_000215995.1,identical,ftp://ftp.ncbi.nlm.nih.gov/genomes/all/GCF_000215995.1_ASM21599v1,1.0,1.0,1795.0,1716818.0,GCF_000215995.1_Pyrococcus yayanosii CH1_strain=CH1,0.888960824045,51.6375061305,130.0,@GCF_000215995.1_Pyrococcus_yayanosii_CH1_strain_CH1,88.0,0.00437575,10.0
GCF_000221185.1,PRJNA70841,SAMN02603471,,representative genome,1042877,1042877,Thermococcus sp. 4557,strain=4557,,latest,Complete Genome,Major,Full,2011/07/22,ASM22118v1,,GCA_000221185.1,identical,ftp://ftp.ncbi.nlm.nih.gov/genomes/all/GCF_000221185.1_ASM22118v1,1.0,1.0,2076.0,2011320.0,GCF_000221185.1_Thermococcus sp. 4557_strain=4557,0.891991260339,56.0787940258,146.0,@GCF_000221185.1_Thermococcus_sp._4557_strain_4557,98.0,0.0151857,189.0
GCF_000350305.1,PRJNA195930,SAMN02603168,,representative genome,1054217,1054217,Thermoplasmatales archaeon BRNA1,strain=BRNA1,,latest,Complete Genome,Major,Full,2013/04/02,ASM35030v1,CSIRO Livestock Industries,GCA_000350305.1,identical,ftp://ftp.ncbi.nlm.nih.gov/genomes/all/GCF_000350305.1_ASM35030v1,1.0,1.0,1465.0,1461105.0,GCF_000350305.1_Thermoplasmatales archaeon BRNA1_strain=BRNA1,0.471189646914,58.3029967045,164.0,@GCF_000350305.1_Thermoplasmatales_archaeon_BRNA1_strain_BRNA1,117.0,0.043528,359.0
GCF_000251105.1,PRJNA157911,SAMN02603117,,representative genome,1041930,1175444,Methanocella conradii HZ254,strain=HZ254,,latest,Complete Genome,Major,Full,2012/03/07,ASM25110v1,,GCA_000251105.1,identical,ftp://ftp.ncbi.nlm.nih.gov/genomes/all/GCF_000251105.1_ASM25110v1,2.0,1.0,2419.0,2378438.0,GCF_000251105.1_Methanocella conradii HZ254_strain=HZ254,0.464941207298,52.7402017627,332.0,@GCF_000251105.1_Methanocella_conradii_HZ254_strain_HZ254,118.0,0.0968752,497.0
GCF_000063445.1,PRJNA61623,SAMEA3138262,,representative genome,351160,1175445,Methanocella arvoryzae MRE50,strain=MRE50,,latest,Complete Genome,Major,Full,2006/10/12,ASM6344v1,,GCA_000063445.1,identical,ftp://ftp.ncbi.nlm.nih.gov/genomes/all/GCF_000063445.1_ASM6344v1,3.0,1.0,3001.0,3179916.0,GCF_000063445.1_Methanocella arvoryzae MRE50_strain=MRE50,0.520813397344,54.6029517761,333.0,@GCF_000063445.1_Methanocella_arvoryzae_MRE50_strain_MRE50,121.0,0.0452782,542.0
GCF_000263735.1,PRJNA167261,SAMN02603491,,representative genome,1183377,1183377,Pyrococcus sp. ST04,strain=ST04,,latest,Complete Genome,Major,Full,2012/05/22,ASM26373v1,,GCA_000263735.1,identical,ftp://ftp.ncbi.nlm.nih.gov/genomes/all/GCF_000263735.1_ASM26373v1,1.0,1.0,1793.0,1736885.0,GCF_000263735.1_Pyrococcus sp. ST04_strain=ST04,0.80416730275,42.2933009382,126.0,@GCF_000263735.1_Pyrococcus_sp._ST04_strain_ST04,96.0,0.00551249,17.0
GCF_000264495.1,PRJNA167488,SAMN02603096,,representative genome,1184251,1200300,Thermogladius cellulolyticus 1633,strain=1633,,latest,Complete Genome,Major,Full,2012/05/25,ASM26449v1,,GCA_000264495.1,identical,ftp://ftp.ncbi.nlm.nih.gov/genomes/all/GCF_000264495.1_ASM26449v1,1.0,1.0,1392.0,1356318.0,GCF_000264495.1_Thermogladius cellulolyticus 1633_strain=1633,0.95053775491,55.6411549504,50.0,@GCF_000264495.1_Thermogladius_cellulolyticus_1633_strain_1633,71.0,0.042311,11.0
GCF_000299395.1,PRJNA176130,SAMN02603138,,representative genome,1229909,1229909,Candidatus Nitrosopumilus sp. AR2,strain=AR2,,latest,Complete Genome,Major,Full,2012/09/27,ASM29939v1,Chungbuk National University,GCA_000299395.1,identical,ftp://ftp.ncbi.nlm.nih.gov/genomes/all/GCF_000299395.1_ASM29939v1,1.0,1.0,1935.0,1690905.0,GCF_000299395.1_Candidatus Nitrosopumilus sp. AR2_strain=AR2,0.261777004603,33.5886995426,36.0,@GCF_000299395.1_Candidatus_Nitrosopumilus_sp._AR2_strain_AR2,92.0,0.0116523,40.0
GCF_001412615.1,PRJNA224116,SAMN03223811,,representative genome,1273541,1273541,Pyrodictium delaneyi,strain=Su06,,latest,Complete Genome,Major,Full,2015/10/26,ASM141261v1,Kyung Hee University,GCA_001412615.1,identical,ftp://ftp.ncbi.nlm.nih.gov/genomes/all/GCF_001412615.1_ASM141261v1,1.0,1.0,1991.0,2023836.0,GCF_001412615.1_Pyrodictium delaneyi_strain=Su06,0.822158829516,53.9139535022,42.0,@GCF_001412615.1_Pyrodictium_delaneyi_strain_Su06,66.0,0.00299557,43.0
GCF_000300255.2,PRJNA196597,SAMN03081445,,representative genome,1236689,1291540,Candidatus Methanomethylophilus alvus Mx1201,strain=Mx1201,,latest,Complete Genome,Major,Full,2013/04/09,ASM30025v2,Universit d'Auvergne,GCA_000300255.2,identical,ftp://ftp.ncbi.nlm.nih.gov/genomes/all/GCF_000300255.2_ASM30025v2,1.0,1.0,1586.0,1666795.0,GCF_000300255.2_Candidatus Methanomethylophilus alvus Mx1201_strain=Mx1201,0.365655099085,55.5947192066,165.0,@GCF_000300255.2_Candidatus_Methanomethylophilus_alvus_Mx1201_strain_Mx1201,117.0,0.0363018,332.0
GCF_000739065.1,PRJNA224116,SAMN02951366,,representative genome,1301915,1301915,Methanocaldococcus bathoardescens,strain=JH146,,latest,Complete Genome,Major,Full,2014/08/12,ASM73906v1,Kyung Hee University,GCA_000739065.1,identical,ftp://ftp.ncbi.nlm.nih.gov/genomes/all/GCF_000739065.1_ASM73906v1,2.0,1.0,1606.0,1607556.0,GCF_000739065.1_Methanocaldococcus bathoardescens_strain=JH146,0.911756108745,30.7881031827,181.0,@GCF_000739065.1_Methanocaldococcus_bathoardescens_strain_JH146,87.0,0.00132077,104.0
GCF_000385565.1,PRJNA201033,SAMN02028569,,representative genome,387631,1316941,Archaeoglobus sulfaticallidus PM70-1,strain=PM70-1,,latest,Complete Genome,Major,Full,2013/04/30,ASM38556v1,"University of Bergen, Centre for Geobiology, Department of Biology",GCA_000385565.1,identical,ftp://ftp.ncbi.nlm.nih.gov/genomes/all/GCF_000385565.1_ASM38556v1,1.0,1.0,2178.0,2076931.0,GCF_000385565.1_Archaeoglobus sulfaticallidus PM70-1_strain=PM70-1,0.821117573939,43.2389906068,25.0,@GCF_000385565.1_Archaeoglobus_sulfaticallidus_PM70-1_strain_PM70-1,92.0,0.0686213,8.0
GCF_000403645.1,PRJNA207001,SAMN02602994,,representative genome,1333523,1333523,Salinarchaeum sp. Harcht-Bsk1,strain=Harcht-Bsk1,,latest,Complete Genome,Major,Full,2013/05/30,ASM40364v1,Baltic Federal University,GCA_000403645.1,identical,ftp://ftp.ncbi.nlm.nih.gov/genomes/all/GCF_000403645.1_ASM40364v1,1.0,1.0,2925.0,3255260.0,GCF_000403645.1_Salinarchaeum sp. Harcht-Bsk1_strain=Harcht-Bsk1,0.519659434213,66.5859869872,220.0,@GCF_000403645.1_Salinarchaeum_sp._Harcht-Bsk1_strain_Harcht-Bsk1,151.0,0.156787,160.0
GCF_000446015.1,PRJNA215374,SAMN02602995,,na,1365176,1365176,Thermofilum sp. 1910b,,,latest,Complete Genome,Major,Full,2013/08/13,ASM44601v1,Baltic Federal University,GCA_000446015.1,identical,ftp://ftp.ncbi.nlm.nih.gov/genomes/all/GCF_000446015.1_ASM44601v1,1.0,1.0,1825.0,1750259.0,GCF_000446015.1_Thermofilum sp. 1910b,0.888277983357,46.5062599307,100.0,@GCF_000446015.1_Thermofilum_sp._1910b,37.0,0.0264054,10.0
GCF_000499765.1,PRJNA231690,SAMEA3138830,,representative genome,1379702,1379702,Methanobacterium sp. MB1,,,latest,Complete Genome,Major,Full,2013/11/14,Methanobacterium,irena.maus,GCA_000499765.1,identical,ftp://ftp.ncbi.nlm.nih.gov/genomes/all/GCF_000499765.1_Methanobacterium,2.0,1.0,1933.0,2029766.0,GCF_000499765.1_Methanobacterium sp. MB1,0.799144513751,39.7424136575,0.0,@GCF_000499765.1_Methanobacterium_sp._MB1,99.0,0.00468879,6.0
GCF_000404225.1,PRJNA207287,SAMN03081468,,representative genome,1295009,1406512,Candidatus Methanomassiliicoccus intestinalis Issoire-Mx1,strain=Issoire-Mx1,,latest,Complete Genome,Major,Full,2013/06/03,ASM40422v1,Universite d'Auvergne,GCA_000404225.1,identical,ftp://ftp.ncbi.nlm.nih.gov/genomes/all/GCF_000404225.1_ASM40422v1,1.0,1.0,1804.0,1931651.0,GCF_000404225.1_Candidatus Methanomassiliicoccus intestinalis Issoire-Mx1_strain=Issoire-Mx1,0.379638206872,41.2554338232,162.0,@GCF_000404225.1_Candidatus_Methanomassiliicoccus_intestinalis_Issoire-Mx1_strain_Issoire-Mx1,103.0,0.111733,130.0
GCF_001488575.1,PRJNA224116,SAMEA3305703,,na,1407499,1407499,Halobacterium hubeiense,strain=JI20-1,,latest,Complete Genome,Major,Full,2015/12/17,Halobacterium hubeiense JI20-1,UH,GCA_001488575.1,identical,ftp://ftp.ncbi.nlm.nih.gov/genomes/all/GCF_001488575.1_Halobacterium_hubeiense_JI20-1,1.0,4.0,3100.0,3130345.0,GCF_001488575.1_Halobacterium hubeiense_strain=JI20-1,0.546968011832,61.0305290512,250.0,@GCF_001488575.1_Halobacterium_hubeiense_strain_JI20-1,136.0,0.00448157,1.0
GCF_000812185.1,PRJNA224116,SAMN03273964,,representative genome,1410606,1410606,Candidatus Nitrosopelagicus brevis,strain=V2,,latest,Complete Genome,Major,Full,2014/12/31,ASM81218v1,J. Craig Venter Institute,GCA_000812185.1,identical,ftp://ftp.ncbi.nlm.nih.gov/genomes/all/GCF_000812185.1_ASM81218v1,1.0,1.0,1403.0,1232128.0,GCF_000812185.1_Candidatus Nitrosopelagicus brevis_strain=V2,0.179641537346,33.157756337,35.0,@GCF_000812185.1_Candidatus_Nitrosopelagicus_brevis_strain_V2,87.0,0.0715214,40.0
GCF_000969945.1,PRJNA224116,SAMN03074590,,na,1434099,1434099,Methanosarcina sp. Kolksee,strain=Kolksee,,latest,Complete Genome,Major,Full,2015/04/07,ASM96994v1,University of Illinois at Urbana-Champaign,GCA_000969945.1,identical,ftp://ftp.ncbi.nlm.nih.gov/genomes/all/GCF_000969945.1_ASM96994v1,3.0,2.0,3521.0,4553495.0,GCF_000969945.1_Methanosarcina sp. Kolksee_strain=Kolksee,0.57434480662,37.1142317576,306.0,@GCF_000969945.1_Methanosarcina_sp._Kolksee_strain_Kolksee,118.0,1.48612e-06,116.0
GCF_000970045.1,PRJNA224116,SAMN03074591,,representative genome,1434100,1434100,Methanosarcina sp. MTP4,strain=MTP4,,latest,Complete Genome,Major,Full,2015/04/07,ASM97004v1,University of Illinois at Urbana-Champaign,GCA_000970045.1,identical,ftp://ftp.ncbi.nlm.nih.gov/genomes/all/GCF_000970045.1_ASM97004v1,3.0,1.0,3366.0,4211468.0,GCF_000970045.1_Methanosarcina sp. MTP4_strain=MTP4,0.573342629068,45.9302314537,290.0,@GCF_000970045.1_Methanosarcina_sp._MTP4_strain_MTP4,114.0,0.0457448,109.0
GCF_000970005.1,PRJNA224116,SAMN03074593,,na,1434102,1434102,Methanosarcina sp. WH1,strain=WH1,,latest,Complete Genome,Major,Full,2015/04/07,ASM97000v1,University of Illinois at Urbana-Champaign,GCA_000970005.1,identical,ftp://ftp.ncbi.nlm.nih.gov/genomes/all/GCF_000970005.1_ASM97000v1,3.0,1.0,3225.0,3914091.0,GCF_000970005.1_Methanosarcina sp. WH1_strain=WH1,0.563669735576,41.8192627611,291.0,@GCF_000970005.1_Methanosarcina_sp._WH1_strain_WH1,112.0,0.00911189,110.0
GCF_000969965.1,PRJNA224116,SAMN03074594,,representative genome,1434103,1434103,Methanosarcina sp. WWM596,strain=WWM596,,latest,Complete Genome,Major,Full,2015/04/07,ASM96996v1,University of Illinois at Urbana-Champaign,GCA_000969965.1,identical,ftp://ftp.ncbi.nlm.nih.gov/genomes/all/GCF_000969965.1_ASM96996v1,3.0,1.0,3375.0,4137337.0,,,41.6924944717,,,,,
GCF_000813245.1,PRJNA224116,SAMN03274240,,representative genome,697581,1483572,Thermofilum carboxyditrophus 1505,strain=1505,,latest,Complete Genome,Major,Full,2015/01/02,ASM81324v1,Centre Bioengineering RAS,GCA_000813245.1,identical,ftp://ftp.ncbi.nlm.nih.gov/genomes/all/GCF_000813245.1_ASM81324v1,1.0,1.0,1849.0,1754190.0,,,46.4039243183,,,,,
GCF_000769655.1,PRJNA224116,SAMN02838508,,representative genome,1505907,1505907,Thermococcus eurythermalis,strain=A501,,latest,Complete Genome,Major,Full,2014/10/28,ASM76965v1,Laboratory of Marine Oceanography,GCA_000769655.1,identical,ftp://ftp.ncbi.nlm.nih.gov/genomes/all/GCF_000769655.1_ASM76965v1,1.0,2.0,2181.0,2126164.0,GCF_000769655.1_Thermococcus eurythermalis_strain=A501,0.883203222784,50.0863392017,136.0,@GCF_000769655.1_Thermococcus_eurythermalis_strain_A501,97.0,0.00796887,80.0
GCF_000993805.1,PRJNA224116,SAMN03083278,,representative genome,1550241,1550241,Thermofilum sp. 1807-2,strain=1807-2,,latest,Complete Genome,Major,Full,2015/05/07,ASM99380v1,Immanuel Kant Baltic Federal University,GCA_000993805.1,identical,ftp://ftp.ncbi.nlm.nih.gov/genomes/all/GCF_000993805.1_ASM99380v1,1.0,1.0,1640.0,1611988.0,GCF_000993805.1_Thermofilum sp. 1807-2_strain=1807-2,0.85992907857,47.9401211423,103.0,@GCF_000993805.1_Thermofilum_sp._1807-2_strain_1807-2,37.0,0.0338647,30.0
GCF_000800805.1,PRJNA224116,SAMN03224143,,representative genome,1577791,1577791,Candidatus Methanoplasma termitum,strain=MpT1,,latest,Complete Genome,Major,Full,2014/12/11,ASM80080v1,"Georg-August-University Goettingen, Genomic and Applied Microbiology, Goettingen Genomics Laboratory",GCA_000800805.1,identical,ftp://ftp.ncbi.nlm.nih.gov/genomes/all/GCF_000800805.1_ASM80080v1,1.0,1.0,1359.0,1488669.0,GCF_000800805.1_Candidatus Methanoplasma termitum_strain=MpT1,0.463507559494,49.2056998567,163.0,@GCF_000800805.1_Candidatus_Methanoplasma_termitum_strain_MpT1,76.0,0.0367851,51.0
GCF_000956175.1,PRJNA224116,SAMN03253153,,representative genome,1580092,1580092,Candidatus Nitrosopumilus sp. NF5,strain=NF5,,latest,Complete Genome,Major,Full,2015/03/19,ASM95617v1,University of Vienna,GCA_000956175.1,identical,ftp://ftp.ncbi.nlm.nih.gov/genomes/all/GCF_000956175.1_ASM95617v1,1.0,1.0,2022.0,1803090.0,GCF_000956175.1_Candidatus Nitrosopumilus sp. NF5_strain=NF5,0.292911883084,33.4068737556,37.0,@GCF_000956175.1_Candidatus_Nitrosopumilus_sp._NF5_strain_NF5,87.0,0.00557734,41.0
GCF_000827835.1,PRJNA224116,SAMN03278120,,na,1592728,1592728,Haloarcula sp. CBA1115,strain=CBA1115,CBA1115,latest,Complete Genome,Major,Full,2015/01/23,ASM82783v1,Kyung Hee University,GCA_000827835.1,identical,ftp://ftp.ncbi.nlm.nih.gov/genomes/all/GCF_000827835.1_ASM82783v1,3.0,6.0,3948.0,4225046.0,GCF_000827835.1_Haloarcula sp. CBA1115_strain=CBA1115,0.308366598191,57.9968589778,240.0,@GCF_000827835.1_Haloarcula_sp._CBA1115_strain_CBA1115,151.0,0.00315566,233.0
GCF_000955905.1,PRJNA224116,SAMN03286947,,representative genome,1603555,1603555,Thaumarchaeota archaeon SAT1,strain=SAT1,,latest,Complete Genome,Major,Full,2015/04/20,ASM95590v3,Tsinghua University,GCA_000955905.3,identical,ftp://ftp.ncbi.nlm.nih.gov/genomes/all/GCF_000955905.1_ASM95590v3,1.0,1.0,1787.0,1620156.0,GCF_000955905.1_Thaumarchaeota archaeon SAT1_strain=SAT1,0.218876712203,40.9969163463,34.0,@GCF_000955905.1_Thaumarchaeota_archaeon_SAT1_strain_SAT1,89.0,0.0605759,41.0
GCF_001011115.1,PRJNA224116,SAMN02899090,,na,1604004,1604004,Halanaeroarchaeum sulfurireducens,strain=HSR2,,latest,Complete Genome,Major,Full,2015/05/21,ASM101111v1,C.N.R. - Institute for Coastal Marine Environment (IAMC),GCA_001011115.1,identical,ftp://ftp.ncbi.nlm.nih.gov/genomes/all/GCF_001011115.1_ASM101111v1,1.0,2.0,2129.0,2209738.0,GCF_001011115.1_Halanaeroarchaeum sulfurireducens_strain=HSR2,0.564848290106,59.3487321387,256.0,@GCF_001011115.1_Halanaeroarchaeum_sulfurireducens_strain_HSR2,109.0,1.48612e-06,67.0
GCF_001305655.1,PRJNA224116,SAMN03701450,,representative genome,1604004,1604004,Halanaeroarchaeum sulfurireducens,strain=M27-SA2,,latest,Complete Genome,Major,Full,2015/10/02,ASM130565v1,C.N.R. - Institute for Coastal Marine Environment (IAMC),GCA_001305655.1,identical,ftp://ftp.ncbi.nlm.nih.gov/genomes/all/GCF_001305655.1_ASM130565v1,1.0,2.0,2171.0,2253500.0,GCF_001305655.1_Halanaeroarchaeum sulfurireducens_strain=M27-SA2,0.521117511681,59.2933574593,255.0,@GCF_001305655.1_Halanaeroarchaeum_sulfurireducens_strain_M27-SA2,113.0,0.00666824,66.0
GCF_001484685.1,PRJNA224116,SAMN03892931,,na,1674923,1674923,Thermococcus sp. 2319x1,strain=2319x1,,latest,Complete Genome,Major,Full,2016/01/04,ASM148468v1,Hotzyme,GCA_001484685.1,identical,ftp://ftp.ncbi.nlm.nih.gov/genomes/all/GCF_001484685.1_ASM148468v1,1.0,1.0,2034.0,1961221.0,GCF_001484685.1_Thermococcus sp. 2319x1_strain=2319x1,0.890068674486,44.5968098445,123.0,@GCF_001484685.1_Thermococcus_sp._2319x1_strain_2319x1,104.0,0.00248581,0.0
