"tax_id","parent_id","rank","tax_name","root","below_root","superkingdom","below_superkingdom","below_below_superkingdom","phylum","below_phylum","below_below_phylum","class","below_class","order","below_order","below_below_order","family","genus","species","below_species"
"1","1","root","root","1","","","","","","","","","","","","","","","",""
"131567","1","below_root","cellular organisms","1","131567","","","","","","","","","","","","","","",""
"2157","131567","superkingdom","Archaea","1","131567","2157","","","","","","","","","","","","","",""
"1783275","2157","below_superkingdom","TACK group","1","131567","2157","1783275","","","","","","","","","","","","",""
"29294","2157","below_superkingdom","unclassified Archaea","1","131567","2157","29294","","","","","","","","","","","","",""
"93506","29294","below_below_superkingdom","unclassified Archaea (miscellaneous)","1","131567","2157","29294","93506","","","","","","","","","","","",""
"51967","1783275","phylum","Candidatus Korarchaeota","1","131567","2157","1783275","","51967","","","","","","","","","","",""
"28889","1783275","phylum","Crenarchaeota","1","131567","2157","1783275","","28889","","","","","","","","","","",""
"28890","2157","phylum","Euryarchaeota","1","131567","2157","","","28890","","","","","","","","","","",""
"651137","1783275","phylum","Thaumarchaeota","1","131567","2157","1783275","","651137","","","","","","","","","","",""
"33867","28890","below_phylum","unclassified Euryarchaeota","1","131567","2157","","","28890","33867","","","","","","","","","",""
"651142","651137","below_phylum","unclassified Thaumarchaeota","1","131567","2157","1783275","","651137","651142","","","","","","","","","",""
"1803510","33867","below_below_phylum","DHVE2 group","1","131567","2157","","","28890","33867","1803510","","","","","","","","",""
"183980","28890","class","Archaeoglobi","1","131567","2157","","","28890","","","183980","","","","","","","",""
"183963","28890","class","Halobacteria","1","131567","2157","","","28890","","","183963","","","","","","","",""
"183925","28890","class","Methanobacteria","1","131567","2157","","","28890","","","183925","","","","","","","",""
"183939","28890","class","Methanococci","1","131567","2157","","","28890","","","183939","","","","","","","",""
"224756","28890","class","Methanomicrobia","1","131567","2157","","","28890","","","224756","","","","","","","",""
"1643678","651137","class","Nitrososphaeria","1","131567","2157","1783275","","651137","","","1643678","","","","","","","",""
"183968","28890","class","Thermococci","1","131567","2157","","","28890","","","183968","","","","","","","",""
"183967","28890","class","Thermoplasmata","1","131567","2157","","","28890","","","183967","","","","","","","",""
"183924","28889","class","Thermoprotei","1","131567","2157","1783275","","28889","","","183924","","","","","","","",""
"1855410","183963","below_class","unclassified Halobacteria","1","131567","2157","","","28890","","","183963","1855410","","","","","","",""
"1234666","183967","below_class","unclassified Thermoplasmata","1","131567","2157","","","28890","","","183967","1234666","","","","","","",""
"871006","183924","order","Acidilobales","1","131567","2157","1783275","","28889","","","183924","","871006","","","","","",""
"2231","183980","order","Archaeoglobales","1","131567","2157","","","28890","","","183980","","2231","","","","","",""
"114380","183924","order","Desulfurococcales","1","131567","2157","1783275","","28889","","","183924","","114380","","","","","",""
"2235","183963","order","Halobacteriales","1","131567","2157","","","28890","","","183963","","2235","","","","","",""
"1644055","183963","order","Haloferacales","1","131567","2157","","","28890","","","183963","","1644055","","","","","",""
"2158","183925","order","Methanobacteriales","1","131567","2157","","","28890","","","183925","","2158","","","","","",""
"570264","224756","order","Methanocellales","1","131567","2157","","","28890","","","224756","","570264","","","","","",""
"2182","183939","order","Methanococcales","1","131567","2157","","","28890","","","183939","","2182","","","","","",""
"1235850","183967","order","Methanomassiliicoccales","1","131567","2157","","","28890","","","183967","","1235850","","","","","",""
"2191","224756","order","Methanomicrobiales","1","131567","2157","","","28890","","","224756","","2191","","","","","",""
"94695","224756","order","Methanosarcinales","1","131567","2157","","","28890","","","224756","","94695","","","","","",""
"1644060","183963","order","Natrialbales","1","131567","2157","","","28890","","","183963","","1644060","","","","","",""
"31932","651137","order","Nitrosopumilales","1","131567","2157","1783275","","651137","","","","","31932","","","","","",""
"1033996","1643678","order","Nitrososphaerales","1","131567","2157","1783275","","651137","","","1643678","","1033996","","","","","",""
"2281","183924","order","Sulfolobales","1","131567","2157","1783275","","28889","","","183924","","2281","","","","","",""
"2258","183968","order","Thermococcales","1","131567","2157","","","28890","","","183968","","2258","","","","","",""
"2301","183967","order","Thermoplasmatales","1","131567","2157","","","28890","","","183967","","2301","","","","","",""
"2266","183924","order","Thermoproteales","1","131567","2157","1783275","","28889","","","183924","","2266","","","","","",""
"74967","2301","below_order","unclassified Thermoplasmatales","1","131567","2157","","","28890","","","183967","","2301","74967","","","","",""
"1919231","74967","below_below_order","unclassified Thermoplasmatales (miscellaneous)","1","131567","2157","","","28890","","","183967","","2301","74967","1919231","","","",""
"871007","871006","family","Acidilobaceae","1","131567","2157","1783275","","28889","","","183924","","871006","","","871007","","",""
"2232","2231","family","Archaeoglobaceae","1","131567","2157","","","28890","","","183980","","2231","","","2232","","",""
"255472","871006","family","Caldisphaeraceae","1","131567","2157","1783275","","28889","","","183924","","871006","","","255472","","",""
"2272","114380","family","Desulfurococcaceae","1","131567","2157","1783275","","28889","","","183924","","114380","","","2272","","",""
"90142","2301","family","Ferroplasmaceae","1","131567","2157","","","28890","","","183967","","2301","","","90142","","",""
"2236","2235","family","Halobacteriaceae","1","131567","2157","","","28890","","","183963","","2235","","","2236","","",""
"1644056","1644055","family","Haloferacaceae","1","131567","2157","","","28890","","","183963","","1644055","","","1644056","","",""
"2159","2158","family","Methanobacteriaceae","1","131567","2157","","","28890","","","183925","","2158","","","2159","","",""
"196117","2182","family","Methanocaldococcaceae","1","131567","2157","","","28890","","","183939","","2182","","","196117","","",""
"570265","570264","family","Methanocellaceae","1","131567","2157","","","28890","","","224756","","570264","","","570265","","",""
"2183","2182","family","Methanococcaceae","1","131567","2157","","","28890","","","183939","","2182","","","2183","","",""
"88404","2191","family","Methanocorpusculaceae","1","131567","2157","","","28890","","","224756","","2191","","","88404","","",""
"1577788","1235850","family","Methanomassiliicoccaceae","1","131567","2157","","","28890","","","183967","","1235850","","","1577788","","",""
"2194","2191","family","Methanomicrobiaceae","1","131567","2157","","","28890","","","224756","","2191","","","2194","","",""
"1198451","2191","family","Methanoregulaceae","1","131567","2157","","","28890","","","224756","","2191","","","1198451","","",""
"143067","94695","family","Methanosaetaceae","1","131567","2157","","","28890","","","224756","","94695","","","143067","","",""
"2206","94695","family","Methanosarcinaceae","1","131567","2157","","","28890","","","224756","","94695","","","2206","","",""
"196137","2191","family","Methanospirillaceae","1","131567","2157","","","28890","","","224756","","2191","","","196137","","",""
"2178","2158","family","Methanothermaceae","1","131567","2157","","","28890","","","183925","","2158","","","2178","","",""
"1644061","1644060","family","Natrialbaceae","1","131567","2157","","","28890","","","183963","","1644060","","","1644061","","",""
"338190","31932","family","Nitrosopumilaceae","1","131567","2157","1783275","","651137","","","","","31932","","","338190","","",""
"1033997","1033996","family","Nitrososphaeraceae","1","131567","2157","1783275","","651137","","","1643678","","1033996","","","1033997","","",""
"46630","2301","family","Picrophilaceae","1","131567","2157","","","28890","","","183967","","2301","","","46630","","",""
"2307","114380","family","Pyrodictiaceae","1","131567","2157","1783275","","28889","","","183924","","114380","","","2307","","",""
"118883","2281","family","Sulfolobaceae","1","131567","2157","1783275","","28889","","","183924","","2281","","","118883","","",""
"2259","2258","family","Thermococcaceae","1","131567","2157","","","28890","","","183968","","2258","","","2259","","",""
"114378","2266","family","Thermofilaceae","1","131567","2157","1783275","","28889","","","183924","","2266","","","114378","","",""
"46659","2301","family","Thermoplasmataceae","1","131567","2157","","","28890","","","183967","","2301","","","46659","","",""
"2267","2266","family","Thermoproteaceae","1","131567","2157","1783275","","28889","","","183924","","2266","","","2267","","",""
"12914","118883","genus","Acidianus","1","131567","2157","1783275","","28889","","","183924","","2281","","","118883","12914","",""
"105850","871007","genus","Acidilobus","1","131567","2157","1783275","","28889","","","183924","","871006","","","871007","105850","",""
"379546","1803510","genus","Aciduliprofundum","1","131567","2157","","","28890","33867","1803510","","","","","","","379546","",""
"2233","2232","genus","Archaeoglobus","1","131567","2157","","","28890","","","183980","","2231","","","2232","2233","",""
"200414","255472","genus","Caldisphaera","1","131567","2157","1783275","","28889","","","183924","","871006","","","255472","200414","",""
"76886","2267","genus","Caldivirga","1","131567","2157","1783275","","28889","","","183924","","2266","","","2267","76886","",""
"498845","51967","genus","Candidatus Korarchaeum","1","131567","2157","1783275","","51967","","","","","","","","","498845","",""
"1291539","1577788","genus","Candidatus Methanomethylophilus","1","131567","2157","","","28890","","","183967","","1235850","","","1577788","1291539","",""
"1607807","1577788","genus","Candidatus Methanoplasma","1","131567","2157","","","28890","","","183967","","1235850","","","1577788","1607807","",""
"1593364","651142","genus","Candidatus Nitrosopelagicus","1","131567","2157","1783275","","651137","651142","","","","","","","","1593364","",""
"1825023","651142","genus","Candidatus Nitrosotenuis","1","131567","2157","1783275","","651137","651142","","","","","","","","1825023","",""
"2273","2272","genus","Desulfurococcus","1","131567","2157","1783275","","28889","","","183924","","114380","","","2272","2273","",""
"54260","2232","genus","Ferroglobus","1","131567","2157","","","28890","","","183980","","2231","","","2232","54260","",""
"74968","90142","genus","Ferroplasma","1","131567","2157","","","28890","","","183967","","2301","","","90142","74968","",""
"190818","2232","genus","Geoglobus","1","131567","2157","","","28890","","","183980","","2231","","","2232","190818","",""
"332246","2236","genus","Halalkalicoccus","1","131567","2157","","","28890","","","183963","","2235","","","2236","332246","",""
"1656823","2236","genus","Halanaeroarchaeum","1","131567","2157","","","28890","","","183963","","2235","","","2236","1656823","",""
"2237","2236","genus","Haloarcula","1","131567","2157","","","28890","","","183963","","2235","","","2236","2237","",""
"2239","2236","genus","Halobacterium","1","131567","2157","","","28890","","","183963","","2235","","","2236","2239","",""
"2251","1644056","genus","Haloferax","1","131567","2157","","","28890","","","183963","","1644055","","","1644056","2251","",""
"60846","1644056","genus","Halogeometricum","1","131567","2157","","","28890","","","183963","","1644055","","","1644056","60846","",""
"1075397","1644056","genus","Halolamina","1","131567","2157","","","28890","","","183963","","1644055","","","1644056","1075397","",""
"203135","2236","genus","Halomicrobium","1","131567","2157","","","28890","","","183963","","2235","","","2236","203135","",""
"387342","1644061","genus","Halopiger","1","131567","2157","","","28890","","","183963","","1644060","","","1644061","387342","",""
"293431","1644056","genus","Haloquadratum","1","131567","2157","","","28890","","","183963","","1644055","","","1644056","293431","",""
"146825","2236","genus","Halorhabdus","1","131567","2157","","","28890","","","183963","","2235","","","2236","146825","",""
"56688","1644056","genus","Halorubrum","1","131567","2157","","","28890","","","183963","","1644055","","","1644056","56688","",""
"353799","1644061","genus","Halostagnicola","1","131567","2157","","","28890","","","183963","","1644060","","","1644061","353799","",""
"121871","1644061","genus","Haloterrigena","1","131567","2157","","","28890","","","183963","","1644060","","","1644061","121871","",""
"54247","2307","genus","Hyperthermus","1","131567","2157","1783275","","28889","","","183924","","114380","","","2307","54247","",""
"54258","2272","genus","Ignicoccus","1","131567","2157","1783275","","28889","","","183924","","114380","","","2272","54258","",""
"41980","118883","genus","Metallosphaera","1","131567","2157","1783275","","28889","","","183924","","2281","","","118883","41980","",""
"2160","2159","genus","Methanobacterium","1","131567","2157","","","28890","","","183925","","2158","","","2159","2160","",""
"2172","2159","genus","Methanobrevibacter","1","131567","2157","","","28890","","","183925","","2158","","","2159","2172","",""
"196118","196117","genus","Methanocaldococcus","1","131567","2157","","","28890","","","183939","","2182","","","196117","196118","",""
"570266","570265","genus","Methanocella","1","131567","2157","","","28890","","","224756","","570264","","","570265","570266","",""
"2225","2206","genus","Methanococcoides","1","131567","2157","","","28890","","","224756","","94695","","","2206","2225","",""
"2184","2183","genus","Methanococcus","1","131567","2157","","","28890","","","183939","","2182","","","2183","2184","",""
"2192","88404","genus","Methanocorpusculum","1","131567","2157","","","28890","","","224756","","2191","","","88404","2192","",""
"45989","2194","genus","Methanoculleus","1","131567","2157","","","28890","","","224756","","2191","","","2194","45989","",""
"2321","2206","genus","Methanohalobium","1","131567","2157","","","28890","","","224756","","94695","","","2206","2321","",""
"2175","2206","genus","Methanohalophilus","1","131567","2157","","","28890","","","224756","","94695","","","2206","2175","",""
"230355","2194","genus","Methanolacinia","1","131567","2157","","","28890","","","224756","","2191","","","2194","230355","",""
"2220","2206","genus","Methanolobus","1","131567","2157","","","28890","","","224756","","94695","","","2206","2220","",""
"1080709","1577788","genus","Methanomassiliicoccus","1","131567","2157","","","28890","","","183967","","1235850","","","1577788","1080709","",""
"101191","2206","genus","Methanomethylovorans","1","131567","2157","","","28890","","","224756","","94695","","","2206","101191","",""
"395331","1198451","genus","Methanoregula","1","131567","2157","","","28890","","","224756","","2191","","","1198451","395331","",""
"2222","143067","genus","Methanosaeta","1","131567","2157","","","28890","","","224756","","94695","","","143067","2222","",""
"196136","2206","genus","Methanosalsum","1","131567","2157","","","28890","","","224756","","94695","","","2206","196136","",""
"2207","2206","genus","Methanosarcina","1","131567","2157","","","28890","","","224756","","94695","","","2206","2207","",""
"2316","2159","genus","Methanosphaera","1","131567","2157","","","28890","","","183925","","2158","","","2159","2316","",""
"475087","1198451","genus","Methanosphaerula","1","131567","2157","","","28890","","","224756","","2191","","","1198451","475087","",""
"2202","196137","genus","Methanospirillum","1","131567","2157","","","28890","","","224756","","2191","","","196137","2202","",""
"145260","2159","genus","Methanothermobacter","1","131567","2157","","","28890","","","183925","","2158","","","2159","145260","",""
"155862","2183","genus","Methanothermococcus","1","131567","2157","","","28890","","","183939","","2182","","","2183","155862","",""
"2179","2178","genus","Methanothermus","1","131567","2157","","","28890","","","183925","","2158","","","2178","2179","",""
"196119","196117","genus","Methanotorris","1","131567","2157","","","28890","","","183939","","2182","","","196117","196119","",""
"63742","1644061","genus","Natrialba","1","131567","2157","","","28890","","","183963","","1644060","","","1644061","63742","",""
"88723","1644061","genus","Natrinema","1","131567","2157","","","28890","","","183963","","1644060","","","1644061","88723","",""
"2256","1644061","genus","Natronobacterium","1","131567","2157","","","28890","","","183963","","1644060","","","1644061","2256","",""
"29287","1644061","genus","Natronococcus","1","131567","2157","","","28890","","","183963","","1644060","","","1644061","29287","",""
"63743","2236","genus","Natronomonas","1","131567","2157","","","28890","","","183963","","2235","","","2236","63743","",""
"338191","338190","genus","Nitrosopumilus","1","131567","2157","1783275","","651137","","","","","31932","","","338190","338191","",""
"497726","1033997","genus","Nitrososphaera","1","131567","2157","1783275","","651137","","","1643678","","1033996","","","1033997","497726","",""
"83867","2259","genus","Palaeococcus","1","131567","2157","","","28890","","","183968","","2258","","","2259","83867","",""
"46631","46630","genus","Picrophilus","1","131567","2157","","","28890","","","183967","","2301","","","46630","46631","",""
"2276","2267","genus","Pyrobaculum","1","131567","2157","1783275","","28889","","","183924","","2266","","","2267","2276","",""
"2260","2259","genus","Pyrococcus","1","131567","2157","","","28890","","","183968","","2258","","","2259","2260","",""
"2308","2307","genus","Pyrodictium","1","131567","2157","1783275","","28889","","","183924","","114380","","","2307","2308","",""
"54251","2307","genus","Pyrolobus","1","131567","2157","1783275","","28889","","","183924","","114380","","","2307","54251","",""
"1269201","1644061","genus","Salinarchaeum","1","131567","2157","","","28890","","","183963","","1644060","","","1644061","1269201","",""
"2279","2272","genus","Staphylothermus","1","131567","2157","1783275","","28889","","","183924","","114380","","","2272","2279","",""
"2284","118883","genus","Sulfolobus","1","131567","2157","1783275","","28889","","","183924","","2281","","","118883","2284","",""
"2263","2259","genus","Thermococcus","1","131567","2157","","","28890","","","183968","","2258","","","2259","2263","",""
"2268","114378","genus","Thermofilum","1","131567","2157","1783275","","28889","","","183924","","2266","","","114378","2268","",""
"477695","2272","genus","Thermogladius","1","131567","2157","1783275","","28889","","","183924","","114380","","","2272","477695","",""
"2302","46659","genus","Thermoplasma","1","131567","2157","","","28890","","","183967","","2301","","","46659","2302","",""
"2270","2267","genus","Thermoproteus","1","131567","2157","1783275","","28889","","","183924","","2266","","","2267","2270","",""
"54253","2272","genus","Thermosphaera","1","131567","2157","1783275","","28889","","","183924","","114380","","","2272","54253","",""
"164450","2267","genus","Vulcanisaeta","1","131567","2157","1783275","","28889","","","183924","","2266","","","2267","164450","",""
"563177","12914","species","Acidianus hospitalis","1","131567","2157","1783275","","28889","","","183924","","2281","","","118883","12914","563177",""
"242703","105850","species","Acidilobus saccharovorans","1","131567","2157","1783275","","28889","","","183924","","871006","","","871007","105850","242703",""
"379547","379546","species","Aciduliprofundum boonei","1","131567","2157","","","28890","33867","1803510","","","","","","","379546","379547",""
"673860","379546","species","Aciduliprofundum sp. MAR08-339","1","131567","2157","","","28890","33867","1803510","","","","","","","379546","673860",""
"2234","2233","species","Archaeoglobus fulgidus","1","131567","2157","","","28890","","","183980","","2231","","","2232","2233","2234",""
"84156","2233","species","Archaeoglobus profundus","1","131567","2157","","","28890","","","183980","","2231","","","2232","2233","84156",""
"1316941","2233","species","Archaeoglobus sulfaticallidus","1","131567","2157","","","28890","","","183980","","2231","","","2232","2233","1316941",""
"58290","2233","species","Archaeoglobus veneficus","1","131567","2157","","","28890","","","183980","","2231","","","2232","2233","58290",""
"200415","200414","species","Caldisphaera lagunensis","1","131567","2157","1783275","","28889","","","183924","","871006","","","255472","200414","200415",""
"76887","76886","species","Caldivirga maquilingensis","1","131567","2157","1783275","","28889","","","183924","","2266","","","2267","76886","76887",""
"498846","498845","species","Candidatus Korarchaeum cryptofilum","1","131567","2157","1783275","","51967","","","","","","","","","498845","498846",""
"1406512","1080709","species","Candidatus Methanomassiliicoccus intestinalis","1","131567","2157","","","28890","","","183967","","1235850","","","1577788","1080709","1406512",""
"1291540","1291539","species","Candidatus Methanomethylophilus alvus","1","131567","2157","","","28890","","","183967","","1235850","","","1577788","1291539","1291540",""
"1577791","1607807","species","Candidatus Methanoplasma termitum","1","131567","2157","","","28890","","","183967","","1235850","","","1577788","1607807","1577791",""
"1410606","1593364","species","Candidatus Nitrosopelagicus brevis","1","131567","2157","1783275","","651137","651142","","","","","","","","1593364","1410606",""
"1580092","338191","species","Candidatus Nitrosopumilus adriaticus","1","131567","2157","1783275","","651137","","","","","31932","","","338190","338191","1580092",""
"1229909","338191","species","Candidatus Nitrosopumilus sp. AR2","1","131567","2157","1783275","","651137","","","","","31932","","","338190","338191","1229909",""
"1603555","1825023","species","Candidatus Nitrosotenuis cloacae","1","131567","2157","1783275","","651137","651142","","","","","","","","1825023","1603555",""
"228748","2273","species","Desulfurococcus fermentans","1","131567","2157","1783275","","28889","","","183924","","114380","","","2272","2273","228748",""
"477693","2273","species","Desulfurococcus kamchatkensis","1","131567","2157","1783275","","28889","","","183924","","114380","","","2272","2273","477693",""
"2275","2273","species","Desulfurococcus mucosus","1","131567","2157","1783275","","28889","","","183924","","114380","","","2272","2273","2275",""
"54261","54260","species","Ferroglobus placidus","1","131567","2157","","","28890","","","183980","","2231","","","2232","54260","54261",""
"97393","74968","species","Ferroplasma acidarmanus","1","131567","2157","","","28890","","","183967","","2301","","","90142","74968","97393",""
"565033","190818","species","Geoglobus acetivorans","1","131567","2157","","","28890","","","183980","","2231","","","2232","190818","565033",""
"113653","190818","species","Geoglobus ahangari","1","131567","2157","","","28890","","","183980","","2231","","","2232","190818","113653",""
"413810","332246","species","Halalkalicoccus jeotgali","1","131567","2157","","","28890","","","183963","","2235","","","2236","332246","413810",""
"1604004","1656823","species","Halanaeroarchaeum sulfurireducens","1","131567","2157","","","28890","","","183963","","2235","","","2236","1656823","1604004",""
"51589","2237","species","Haloarcula hispanica","1","131567","2157","","","28890","","","183963","","2235","","","2236","2237","51589",""
"2238","2237","species","Haloarcula marismortui","1","131567","2157","","","28890","","","183963","","2235","","","2236","2237","2238",""
"1592728","2237","species","Haloarcula sp. CBA1115","1","131567","2157","","","28890","","","183963","","2235","","","2236","2237","1592728",""
"1407499","2239","species","Halobacterium hubeiense","1","131567","2157","","","28890","","","183963","","2235","","","2236","2239","1407499",""
"2242","2239","species","Halobacterium salinarum","1","131567","2157","","","28890","","","183963","","2235","","","2236","2239","2242",""
"751944","2239","species","Halobacterium sp. DL1","1","131567","2157","","","28890","","","183963","","2235","","","2236","2239","751944",""
"35746","2251","species","Haloferax gibbonsii","1","131567","2157","","","28890","","","183963","","1644055","","","1644056","2251","35746",""
"2252","2251","species","Haloferax mediterranei","1","131567","2157","","","28890","","","183963","","1644055","","","1644056","2251","2252",""
"2246","2251","species","Haloferax volcanii","1","131567","2157","","","28890","","","183963","","1644055","","","1644056","2251","2246",""
"60847","60846","species","Halogeometricum borinquense","1","131567","2157","","","28890","","","183963","","1644055","","","1644056","60846","60847",""
"1480675","1075397","species","Halolamina sediminis","1","131567","2157","","","28890","","","183963","","1644055","","","1644056","1075397","1480675",""
"57705","203135","species","Halomicrobium mukohataei","1","131567","2157","","","28890","","","183963","","2235","","","2236","203135","57705",""
"387343","387342","species","Halopiger xanaduensis","1","131567","2157","","","28890","","","183963","","1644060","","","1644061","387342","387343",""
"293091","293431","species","Haloquadratum walsbyi","1","131567","2157","","","28890","","","183963","","1644055","","","1644056","293431","293091",""
"430914","146825","species","Halorhabdus tiamatea","1","131567","2157","","","28890","","","183963","","2235","","","2236","146825","430914",""
"146826","146825","species","Halorhabdus utahensis","1","131567","2157","","","28890","","","183963","","2235","","","2236","146825","146826",""
"2247","56688","species","Halorubrum lacusprofundi","1","131567","2157","","","28890","","","183963","","1644055","","","1644056","56688","2247",""
"353800","353799","species","Halostagnicola larsenii","1","131567","2157","","","28890","","","183963","","1644060","","","1644061","353799","353800",""
"62320","121871","species","Haloterrigena turkmenica","1","131567","2157","","","28890","","","183963","","1644060","","","1644061","121871","62320",""
"54248","54247","species","Hyperthermus butylicus","1","131567","2157","1783275","","28889","","","183924","","114380","","","2307","54247","54248",""
"160233","54258","species","Ignicoccus hospitalis","1","131567","2157","1783275","","28889","","","183924","","114380","","","2272","54258","160233",""
"54259","54258","species","Ignicoccus islandicus","1","131567","2157","1783275","","28889","","","183924","","114380","","","2272","54258","54259",""
"1006005","41980","species","Metallosphaera cuprina","1","131567","2157","1783275","","28889","","","183924","","2281","","","118883","41980","1006005",""
"43687","41980","species","Metallosphaera sedula","1","131567","2157","1783275","","28889","","","183924","","2281","","","118883","41980","43687",""
"118062","2160","species","Methanobacterium congolense","1","131567","2157","","","28890","","","183925","","2158","","","2159","2160","118062",""
"2162","2160","species","Methanobacterium formicicum","1","131567","2157","","","28890","","","183925","","2158","","","2159","2160","2162",""
"877455","2160","species","Methanobacterium lacus","1","131567","2157","","","28890","","","183925","","2158","","","2159","2160","877455",""
"868131","2160","species","Methanobacterium paludis","1","131567","2157","","","28890","","","183925","","2158","","","2159","2160","868131",""
"1379702","2160","species","Methanobacterium sp. MB1","1","131567","2157","","","28890","","","183925","","2158","","","2159","2160","1379702",""
"230361","2172","species","Methanobrevibacter millerae","1","131567","2157","","","28890","","","183925","","2158","","","2159","2172","230361",""
"294671","2172","species","Methanobrevibacter olleyae","1","131567","2157","","","28890","","","183925","","2158","","","2159","2172","294671",""
"83816","2172","species","Methanobrevibacter ruminantium","1","131567","2157","","","28890","","","183925","","2158","","","2159","2172","83816",""
"2173","2172","species","Methanobrevibacter smithii","1","131567","2157","","","28890","","","183925","","2158","","","2159","2172","2173",""
"224719","2172","species","Methanobrevibacter sp. AbM4","1","131567","2157","","","28890","","","183925","","2158","","","2159","2172","224719",""
"1609968","2172","species","Methanobrevibacter sp. YE315","1","131567","2157","","","28890","","","183925","","2158","","","2159","2172","1609968",""
"1301915","196118","species","Methanocaldococcus bathoardescens","1","131567","2157","","","28890","","","183939","","2182","","","196117","196118","1301915",""
"83171","196118","species","Methanocaldococcus fervens","1","131567","2157","","","28890","","","183939","","2182","","","196117","196118","83171",""
"67760","196118","species","Methanocaldococcus infernus","1","131567","2157","","","28890","","","183939","","2182","","","196117","196118","67760",""
"2190","196118","species","Methanocaldococcus jannaschii","1","131567","2157","","","28890","","","183939","","2182","","","196117","196118","2190",""
"644281","196118","species","Methanocaldococcus sp. FS406-22","1","131567","2157","","","28890","","","183939","","2182","","","196117","196118","644281",""
"73913","196118","species","Methanocaldococcus vulcanius","1","131567","2157","","","28890","","","183939","","2182","","","196117","196118","73913",""
"1175445","570266","species","Methanocella arvoryzae","1","131567","2157","","","28890","","","224756","","570264","","","570265","570266","1175445",""
"1175444","570266","species","Methanocella conradii","1","131567","2157","","","28890","","","224756","","570264","","","570265","570266","1175444",""
"29291","2225","species","Methanococcoides burtonii","1","131567","2157","","","28890","","","224756","","94695","","","2206","2225","29291",""
"2226","2225","species","Methanococcoides methylutens","1","131567","2157","","","28890","","","224756","","94695","","","2206","2225","2226",""
"42879","2184","species","Methanococcus aeolicus","1","131567","2157","","","28890","","","183939","","2182","","","2183","2184","42879",""
"39152","2184","species","Methanococcus maripaludis","1","131567","2157","","","28890","","","183939","","2182","","","2183","2184","39152",""
"2187","2184","species","Methanococcus vannielii","1","131567","2157","","","28890","","","183939","","2182","","","2183","2184","2187",""
"2188","2184","species","Methanococcus voltae","1","131567","2157","","","28890","","","183939","","2182","","","2183","2184","2188",""
"83984","2192","species","Methanocorpusculum labreanum","1","131567","2157","","","28890","","","224756","","2191","","","88404","2192","83984",""
"83986","45989","species","Methanoculleus bourgensis","1","131567","2157","","","28890","","","224756","","2191","","","2194","45989","83986",""
"2198","45989","species","Methanoculleus marisnigri","1","131567","2157","","","28890","","","224756","","2191","","","2194","45989","2198",""
"2322","2321","species","Methanohalobium evestigatum","1","131567","2157","","","28890","","","224756","","94695","","","2206","2321","2322",""
"2177","2175","species","Methanohalophilus halophilus","1","131567","2157","","","28890","","","224756","","94695","","","2206","2175","2177",""
"2176","2175","species","Methanohalophilus mahii","1","131567","2157","","","28890","","","224756","","94695","","","2206","2175","2176",""
"54120","230355","species","Methanolacinia petrolearia","1","131567","2157","","","28890","","","224756","","2191","","","2194","230355","54120",""
"420950","2220","species","Methanolobus psychrophilus","1","131567","2157","","","28890","","","224756","","94695","","","2206","2220","420950",""
"101192","101191","species","Methanomethylovorans hollandica","1","131567","2157","","","28890","","","224756","","94695","","","2206","101191","101192",""
"358766","395331","species","Methanoregula boonei","1","131567","2157","","","28890","","","224756","","2191","","","1198451","395331","358766",""
"882104","395331","species","Methanoregula formicica","1","131567","2157","","","28890","","","224756","","2191","","","1198451","395331","882104",""
"2223","2222","species","Methanosaeta concilii","1","131567","2157","","","28890","","","224756","","94695","","","143067","2222","2223",""
"301375","2222","species","Methanosaeta harundinacea","1","131567","2157","","","28890","","","224756","","94695","","","143067","2222","301375",""
"39669","196136","species","Methanosalsum zhilinae","1","131567","2157","","","28890","","","224756","","94695","","","2206","196136","39669",""
"2214","2207","species","Methanosarcina acetivorans","1","131567","2157","","","28890","","","224756","","94695","","","2206","2207","2214",""
"2208","2207","species","Methanosarcina barkeri","1","131567","2157","","","28890","","","224756","","94695","","","2206","2207","2208",""
"418008","2207","species","Methanosarcina horonobensis","1","131567","2157","","","28890","","","224756","","94695","","","2206","2207","418008",""
"170861","2207","species","Methanosarcina lacustris","1","131567","2157","","","28890","","","224756","","94695","","","2206","2207","170861",""
"2209","2207","species","Methanosarcina mazei","1","131567","2157","","","28890","","","224756","","94695","","","2206","2207","2209",""
"38027","2207","species","Methanosarcina siciliae","1","131567","2157","","","28890","","","224756","","94695","","","2206","2207","38027",""
"1434099","2207","species","Methanosarcina sp. Kolksee","1","131567","2157","","","28890","","","224756","","94695","","","2206","2207","1434099",""
"1434100","2207","species","Methanosarcina sp. MTP4","1","131567","2157","","","28890","","","224756","","94695","","","2206","2207","1434100",""
"1434102","2207","species","Methanosarcina sp. WH1","1","131567","2157","","","28890","","","224756","","94695","","","2206","2207","1434102",""
"2210","2207","species","Methanosarcina thermophila","1","131567","2157","","","28890","","","224756","","94695","","","2206","2207","2210",""
"2215","2207","species","Methanosarcina vacuolata","1","131567","2157","","","28890","","","224756","","94695","","","2206","2207","2215",""
"2317","2316","species","Methanosphaera stadtmanae","1","131567","2157","","","28890","","","183925","","2158","","","2159","2316","2317",""
"475088","475087","species","Methanosphaerula palustris","1","131567","2157","","","28890","","","224756","","2191","","","1198451","475087","475088",""
"2203","2202","species","Methanospirillum hungatei","1","131567","2157","","","28890","","","224756","","2191","","","196137","2202","2203",""
"145263","145260","species","Methanothermobacter marburgensis","1","131567","2157","","","28890","","","183925","","2158","","","2159","145260","145263",""
"866790","145260","species","Methanothermobacter sp. CaT2","1","131567","2157","","","28890","","","183925","","2158","","","2159","145260","866790",""
"145262","145260","species","Methanothermobacter thermautotrophicus","1","131567","2157","","","28890","","","183925","","2158","","","2159","145260","145262",""
"145261","145260","species","Methanothermobacter wolfeii","1","131567","2157","","","28890","","","183925","","2158","","","2159","145260","145261",""
"155863","155862","species","Methanothermococcus okinawensis","1","131567","2157","","","28890","","","183939","","2182","","","2183","155862","155863",""
"2180","2179","species","Methanothermus fervidus","1","131567","2157","","","28890","","","183925","","2158","","","2178","2179","2180",""
"2189","196119","species","Methanotorris igneus","1","131567","2157","","","28890","","","183939","","2182","","","196117","196119","2189",""
"13769","63742","species","Natrialba magadii","1","131567","2157","","","28890","","","183963","","1644060","","","1644061","63742","13769",""
"69525","88723","species","Natrinema pellirubrum","1","131567","2157","","","28890","","","183963","","1644060","","","1644061","88723","69525",""
"406552","88723","species","Natrinema sp. J7-2","1","131567","2157","","","28890","","","183963","","1644060","","","1644061","88723","406552",""
"44930","2256","species","Natronobacterium gregoryi","1","131567","2157","","","28890","","","183963","","1644060","","","1644061","2256","44930",""
"29288","29287","species","Natronococcus occultus","1","131567","2157","","","28890","","","183963","","1644060","","","1644061","29287","29288",""
"416273","63743","species","Natronomonas moolapensis","1","131567","2157","","","28890","","","183963","","2235","","","2236","63743","416273",""
"2257","63743","species","Natronomonas pharaonis","1","131567","2157","","","28890","","","183963","","2235","","","2236","63743","2257",""
"1034015","497726","species","Nitrososphaera viennensis","1","131567","2157","1783275","","651137","","","1643678","","1033996","","","1033997","497726","1034015",""
"971279","83867","species","Palaeococcus pacificus","1","131567","2157","","","28890","","","183968","","2258","","","2259","83867","971279",""
"82076","46631","species","Picrophilus torridus","1","131567","2157","","","28890","","","183967","","2301","","","46630","46631","82076",""
"2277","2276","species","Pyrobaculum islandicum","1","131567","2157","1783275","","28889","","","183924","","2266","","","2267","2276","2277",""
"29292","2260","species","Pyrococcus abyssi","1","131567","2157","","","28890","","","183968","","2258","","","2259","2260","29292",""
"2261","2260","species","Pyrococcus furiosus","1","131567","2157","","","28890","","","183968","","2258","","","2259","2260","2261",""
"1609559","2260","species","Pyrococcus kukulkanii","1","131567","2157","","","28890","","","183968","","2258","","","2259","2260","1609559",""
"342949","2260","species","Pyrococcus sp. NA2","1","131567","2157","","","28890","","","183968","","2258","","","2259","2260","342949",""
"1183377","2260","species","Pyrococcus sp. ST04","1","131567","2157","","","28890","","","183968","","2258","","","2259","2260","1183377",""
"1008460","2260","species","Pyrococcus yayanosii","1","131567","2157","","","28890","","","183968","","2258","","","2259","2260","1008460",""
"1273541","2308","species","Pyrodictium delaneyi","1","131567","2157","1783275","","28889","","","183924","","114380","","","2307","2308","1273541",""
"54252","54251","species","Pyrolobus fumarii","1","131567","2157","1783275","","28889","","","183924","","114380","","","2307","54251","54252",""
"1333523","1269201","species","Salinarchaeum sp. Harcht-Bsk1","1","131567","2157","","","28890","","","183963","","1644060","","","1644061","1269201","1333523",""
"84599","2279","species","Staphylothermus hellenicus","1","131567","2157","1783275","","28889","","","183924","","114380","","","2272","2279","84599",""
"2280","2279","species","Staphylothermus marinus","1","131567","2157","1783275","","28889","","","183924","","114380","","","2272","2279","2280",""
"2285","2284","species","Sulfolobus acidocaldarius","1","131567","2157","1783275","","28889","","","183924","","2281","","","118883","2284","2285",""
"43080","2284","species","Sulfolobus islandicus","1","131567","2157","1783275","","28889","","","183924","","2281","","","118883","2284","43080",""
"2287","2284","species","Sulfolobus solfataricus","1","131567","2157","1783275","","28889","","","183924","","2281","","","118883","2284","2287",""
"1891280","2284","species","Sulfolobus sp. A20","1","131567","2157","1783275","","28889","","","183924","","2281","","","118883","2284","1891280",""
"111955","2284","species","Sulfolobus tokodaii","1","131567","2157","1783275","","28889","","","183924","","2281","","","118883","2284","111955",""
"55802","2263","species","Thermococcus barophilus","1","131567","2157","","","28890","","","183968","","2258","","","2259","2263","55802",""
"54262","2263","species","Thermococcus chitonophagus","1","131567","2157","","","28890","","","183968","","2258","","","2259","2263","54262",""
"163003","2263","species","Thermococcus cleftensis","1","131567","2157","","","28890","","","183968","","2258","","","2259","2263","163003",""
"1505907","2263","species","Thermococcus eurythermalis","1","131567","2157","","","28890","","","183968","","2258","","","2259","2263","1505907",""
"187878","2263","species","Thermococcus gammatolerans","1","131567","2157","","","28890","","","183968","","2258","","","2259","2263","187878",""
"110164","2263","species","Thermococcus guaymasensis","1","131567","2157","","","28890","","","183968","","2258","","","2259","2263","110164",""
"2265","2263","species","Thermococcus litoralis","1","131567","2157","","","28890","","","183968","","2258","","","2259","2263","2265",""
"195522","2263","species","Thermococcus nautili","1","131567","2157","","","28890","","","183968","","2258","","","2259","2263","195522",""
"342948","2263","species","Thermococcus onnurineus","1","131567","2157","","","28890","","","183968","","2258","","","2259","2263","342948",""
"582419","2263","species","Thermococcus paralvinellae","1","131567","2157","","","28890","","","183968","","2258","","","2259","2263","582419",""
"53952","2263","species","Thermococcus peptonophilus","1","131567","2157","","","28890","","","183968","","2258","","","2259","2263","53952",""
"1712654","2263","species","Thermococcus piezophilus","1","131567","2157","","","28890","","","183968","","2258","","","2259","2263","1712654",""
"172049","2263","species","Thermococcus sibiricus","1","131567","2157","","","28890","","","183968","","2258","","","2259","2263","172049",""
"1674923","2263","species","Thermococcus sp. 2319x1","1","131567","2157","","","28890","","","183968","","2258","","","2259","2263","1674923",""
"1042877","2263","species","Thermococcus sp. 4557","1","131567","2157","","","28890","","","183968","","2258","","","2259","2263","1042877",""
"246969","2263","species","Thermococcus sp. AM4","1","131567","2157","","","28890","","","183968","","2258","","","2259","2263","246969",""
"2269","2268","species","Thermofilum pendens","1","131567","2157","1783275","","28889","","","183924","","2266","","","114378","2268","2269",""
"1550241","2268","species","Thermofilum sp. 1807-2","1","131567","2157","1783275","","28889","","","183924","","2266","","","114378","2268","1550241",""
"1365176","2268","species","Thermofilum sp. 1910b","1","131567","2157","1783275","","28889","","","183924","","2266","","","114378","2268","1365176",""
"1200300","477695","species","Thermogladius cellulolyticus","1","131567","2157","1783275","","28889","","","183924","","114380","","","2272","477695","1200300",""
"2303","2302","species","Thermoplasma acidophilum","1","131567","2157","","","28890","","","183967","","2301","","","46659","2302","2303",""
"50339","2302","species","Thermoplasma volcanium","1","131567","2157","","","28890","","","183967","","2301","","","46659","2302","50339",""
"1054217","1919231","species","Thermoplasmatales archaeon BRNA1","1","131567","2157","","","28890","","","183967","","2301","74967","1919231","","","1054217",""
"2271","2270","species","Thermoproteus tenax","1","131567","2157","1783275","","28889","","","183924","","2266","","","2267","2270","2271",""
"184117","2270","species","Thermoproteus uzoniensis","1","131567","2157","1783275","","28889","","","183924","","2266","","","2267","2270","184117",""
"54254","54253","species","Thermosphaera aggregans","1","131567","2157","1783275","","28889","","","183924","","114380","","","2272","54253","54254",""
"164451","164450","species","Vulcanisaeta distributa","1","131567","2157","1783275","","28889","","","183924","","2266","","","2267","164450","164451",""
"985052","164450","species","Vulcanisaeta moutnovskia","1","131567","2157","1783275","","28889","","","183924","","2266","","","2267","164450","985052",""
"1855411","1855410","species","haloarchaeon HTSR1","1","131567","2157","","","28890","","","183963","1855410","","","","","","1855411",""
"756883","93506","species","halophilic archaeon DL31","1","131567","2157","29294","93506","","","","","","","","","","","756883",""
"1495144","1234666","species","methanogenic archaeon ISO4-H5","1","131567","2157","","","28890","","","183967","1234666","","","","","","1495144",""
"933801","563177","below_species","Acidianus hospitalis W1","1","131567","2157","1783275","","28889","","","183924","","2281","","","118883","12914","563177","933801"
"666510","242703","below_species","Acidilobus saccharovorans 345-15","1","131567","2157","1783275","","28889","","","183924","","871006","","","871007","105850","242703","666510"
"439481","379547","below_species","Aciduliprofundum boonei T469","1","131567","2157","","","28890","33867","1803510","","","","","","","379546","379547","439481"
"224325","2234","below_species","Archaeoglobus fulgidus DSM 4304","1","131567","2157","","","28890","","","183980","","2231","","","2232","2233","2234","224325"
"1344584","2234","below_species","Archaeoglobus fulgidus DSM 8774","1","131567","2157","","","28890","","","183980","","2231","","","2232","2233","2234","1344584"
"572546","84156","below_species","Archaeoglobus profundus DSM 5631","1","131567","2157","","","28890","","","183980","","2231","","","2232","2233","84156","572546"
"387631","1316941","below_species","Archaeoglobus sulfaticallidus PM70-1","1","131567","2157","","","28890","","","183980","","2231","","","2232","2233","1316941","387631"
"693661","58290","below_species","Archaeoglobus veneficus SNP6","1","131567","2157","","","28890","","","183980","","2231","","","2232","2233","58290","693661"
"1056495","200415","below_species","Caldisphaera lagunensis DSM 15908","1","131567","2157","1783275","","28889","","","183924","","871006","","","255472","200414","200415","1056495"
"397948","76887","below_species","Caldivirga maquilingensis IC-167","1","131567","2157","1783275","","28889","","","183924","","2266","","","2267","76886","76887","397948"
"374847","498846","below_species","Candidatus Korarchaeum cryptofilum OPF8","1","131567","2157","1783275","","51967","","","","","","","","","498845","498846","374847"
"1295009","1406512","below_species","Candidatus Methanomassiliicoccus intestinalis Issoire-Mx1","1","131567","2157","","","28890","","","183967","","1235850","","","1577788","1080709","1406512","1295009"
"1236689","1291540","below_species","Candidatus Methanomethylophilus alvus Mx1201","1","131567","2157","","","28890","","","183967","","1235850","","","1577788","1291539","1291540","1236689"
"768672","228748","below_species","Desulfurococcus fermentans DSM 16532","1","131567","2157","1783275","","28889","","","183924","","114380","","","2272","2273","228748","768672"
"490899","477693","below_species","Desulfurococcus kamchatkensis 1221n","1","131567","2157","1783275","","28889","","","183924","","114380","","","2272","2273","477693","490899"
"765177","2275","below_species","Desulfurococcus mucosus DSM 2162","1","131567","2157","1783275","","28889","","","183924","","114380","","","2272","2273","2275","765177"
"589924","54261","below_species","Ferroglobus placidus DSM 10642","1","131567","2157","","","28890","","","183980","","2231","","","2232","54260","54261","589924"
"333146","97393","below_species","Ferroplasma acidarmanus fer1","1","131567","2157","","","28890","","","183967","","2301","","","90142","74968","97393","333146"
"795797","413810","below_species","Halalkalicoccus jeotgali B3","1","131567","2157","","","28890","","","183963","","2235","","","2236","332246","413810","795797"
"634497","51589","below_species","Haloarcula hispanica ATCC 33960","1","131567","2157","","","28890","","","183963","","2235","","","2236","2237","51589","634497"
"272569","2238","below_species","Haloarcula marismortui ATCC 43049","1","131567","2157","","","28890","","","183963","","2235","","","2236","2237","2238","272569"
"64091","2242","below_species","Halobacterium salinarum NRC-1","1","131567","2157","","","28890","","","183963","","2235","","","2236","2239","2242","64091"
"523841","2252","below_species","Haloferax mediterranei ATCC 33500","1","131567","2157","","","28890","","","183963","","1644055","","","1644056","2251","2252","523841"
"309800","2246","below_species","Haloferax volcanii DS2","1","131567","2157","","","28890","","","183963","","1644055","","","1644056","2251","2246","309800"
"469382","60847","below_species","Halogeometricum borinquense DSM 11551","1","131567","2157","","","28890","","","183963","","1644055","","","1644056","60846","60847","469382"
"485914","57705","below_species","Halomicrobium mukohataei DSM 12286","1","131567","2157","","","28890","","","183963","","2235","","","2236","203135","57705","485914"
"797210","387343","below_species","Halopiger xanaduensis SH-6","1","131567","2157","","","28890","","","183963","","1644060","","","1644061","387342","387343","797210"
"768065","293091","below_species","Haloquadratum walsbyi C23","1","131567","2157","","","28890","","","183963","","1644055","","","1644056","293431","293091","768065"
"362976","293091","below_species","Haloquadratum walsbyi DSM 16790","1","131567","2157","","","28890","","","183963","","1644055","","","1644056","293431","293091","362976"
"1033806","430914","below_species","Halorhabdus tiamatea SARL4B","1","131567","2157","","","28890","","","183963","","2235","","","2236","146825","430914","1033806"
"519442","146826","below_species","Halorhabdus utahensis DSM 12940","1","131567","2157","","","28890","","","183963","","2235","","","2236","146825","146826","519442"
"416348","2247","below_species","Halorubrum lacusprofundi ATCC 49239","1","131567","2157","","","28890","","","183963","","1644055","","","1644056","56688","2247","416348"
"797299","353800","below_species","Halostagnicola larsenii XH-48","1","131567","2157","","","28890","","","183963","","1644060","","","1644061","353799","353800","797299"
"543526","62320","below_species","Haloterrigena turkmenica DSM 5511","1","131567","2157","","","28890","","","183963","","1644060","","","1644061","121871","62320","543526"
"415426","54248","below_species","Hyperthermus butylicus DSM 5456","1","131567","2157","1783275","","28889","","","183924","","114380","","","2307","54247","54248","415426"
"453591","160233","below_species","Ignicoccus hospitalis KIN4/I","1","131567","2157","1783275","","28889","","","183924","","114380","","","2272","54258","160233","453591"
"940295","54259","below_species","Ignicoccus islandicus DSM 13165","1","131567","2157","1783275","","28889","","","183924","","114380","","","2272","54258","54259","940295"
"1006006","1006005","below_species","Metallosphaera cuprina Ar-4","1","131567","2157","1783275","","28889","","","183924","","2281","","","118883","41980","1006005","1006006"
"399549","43687","below_species","Metallosphaera sedula DSM 5348","1","131567","2157","1783275","","28889","","","183924","","2281","","","118883","41980","43687","399549"
"634498","83816","below_species","Methanobrevibacter ruminantium M1","1","131567","2157","","","28890","","","183925","","2158","","","2159","2172","83816","634498"
"420247","2173","below_species","Methanobrevibacter smithii ATCC 35061","1","131567","2157","","","28890","","","183925","","2158","","","2159","2172","2173","420247"
"573064","83171","below_species","Methanocaldococcus fervens AG86","1","131567","2157","","","28890","","","183939","","2182","","","196117","196118","83171","573064"
"573063","67760","below_species","Methanocaldococcus infernus ME","1","131567","2157","","","28890","","","183939","","2182","","","196117","196118","67760","573063"
"243232","2190","below_species","Methanocaldococcus jannaschii DSM 2661","1","131567","2157","","","28890","","","183939","","2182","","","196117","196118","2190","243232"
"579137","73913","below_species","Methanocaldococcus vulcanius M7","1","131567","2157","","","28890","","","183939","","2182","","","196117","196118","73913","579137"
"351160","1175445","below_species","Methanocella arvoryzae MRE50","1","131567","2157","","","28890","","","224756","","570264","","","570265","570266","1175445","351160"
"1041930","1175444","below_species","Methanocella conradii HZ254","1","131567","2157","","","28890","","","224756","","570264","","","570265","570266","1175444","1041930"
"259564","29291","below_species","Methanococcoides burtonii DSM 6242","1","131567","2157","","","28890","","","224756","","94695","","","2206","2225","29291","259564"
"1434104","2226","below_species","Methanococcoides methylutens MM1","1","131567","2157","","","28890","","","224756","","94695","","","2206","2225","2226","1434104"
"419665","42879","below_species","Methanococcus aeolicus Nankai-3","1","131567","2157","","","28890","","","183939","","2182","","","2183","2184","42879","419665"
"402880","39152","below_species","Methanococcus maripaludis C5","1","131567","2157","","","28890","","","183939","","2182","","","2183","2184","39152","402880"
"444158","39152","below_species","Methanococcus maripaludis C6","1","131567","2157","","","28890","","","183939","","2182","","","2183","2184","39152","444158"
"426368","39152","below_species","Methanococcus maripaludis C7","1","131567","2157","","","28890","","","183939","","2182","","","2183","2184","39152","426368"
"267377","39152","below_species","Methanococcus maripaludis S2","1","131567","2157","","","28890","","","183939","","2182","","","2183","2184","39152","267377"
"406327","2187","below_species","Methanococcus vannielii SB","1","131567","2157","","","28890","","","183939","","2182","","","2183","2184","2187","406327"
"456320","2188","below_species","Methanococcus voltae A3","1","131567","2157","","","28890","","","183939","","2182","","","2183","2184","2188","456320"
"410358","83984","below_species","Methanocorpusculum labreanum Z","1","131567","2157","","","28890","","","224756","","2191","","","88404","2192","83984","410358"
"1201294","83986","below_species","Methanoculleus bourgensis MS2","1","131567","2157","","","28890","","","224756","","2191","","","2194","45989","83986","1201294"
"368407","2198","below_species","Methanoculleus marisnigri JR1","1","131567","2157","","","28890","","","224756","","2191","","","2194","45989","2198","368407"
"644295","2322","below_species","Methanohalobium evestigatum Z-7303","1","131567","2157","","","28890","","","224756","","94695","","","2206","2321","2322","644295"
"547558","2176","below_species","Methanohalophilus mahii DSM 5219","1","131567","2157","","","28890","","","224756","","94695","","","2206","2175","2176","547558"
"679926","54120","below_species","Methanolacinia petrolearia DSM 11571","1","131567","2157","","","28890","","","224756","","2191","","","2194","230355","54120","679926"
"1094980","420950","below_species","Methanolobus psychrophilus R15","1","131567","2157","","","28890","","","224756","","94695","","","2206","2220","420950","1094980"
"867904","101192","below_species","Methanomethylovorans hollandica DSM 15978","1","131567","2157","","","28890","","","224756","","94695","","","2206","101191","101192","867904"
"456442","358766","below_species","Methanoregula boonei 6A8","1","131567","2157","","","28890","","","224756","","2191","","","1198451","395331","358766","456442"
"593750","882104","below_species","Methanoregula formicica SMSP","1","131567","2157","","","28890","","","224756","","2191","","","1198451","395331","882104","593750"
"990316","2223","below_species","Methanosaeta concilii GP6","1","131567","2157","","","28890","","","224756","","94695","","","143067","2222","2223","990316"
"1110509","301375","below_species","Methanosaeta harundinacea 6Ac","1","131567","2157","","","28890","","","224756","","94695","","","143067","2222","301375","1110509"
"679901","39669","below_species","Methanosalsum zhilinae DSM 4017","1","131567","2157","","","28890","","","224756","","94695","","","2206","196136","39669","679901"
"188937","2214","below_species","Methanosarcina acetivorans C2A","1","131567","2157","","","28890","","","224756","","94695","","","2206","2207","2214","188937"
"1434106","2208","below_species","Methanosarcina barkeri 227","1","131567","2157","","","28890","","","224756","","94695","","","2206","2207","2208","1434106"
"1434107","2208","below_species","Methanosarcina barkeri 3","1","131567","2157","","","28890","","","224756","","94695","","","2206","2207","2208","1434107"
"1434108","2208","below_species","Methanosarcina barkeri MS","1","131567","2157","","","28890","","","224756","","94695","","","2206","2207","2208","1434108"
"269797","2208","below_species","Methanosarcina barkeri str. Fusaro","1","131567","2157","","","28890","","","224756","","94695","","","2206","2207","2208","269797"
"1434110","418008","below_species","Methanosarcina horonobensis HB-1 = JCM 15518","1","131567","2157","","","28890","","","224756","","94695","","","2206","2207","418008","1434110"
"1434111","170861","below_species","Methanosarcina lacustris Z-7289","1","131567","2157","","","28890","","","224756","","94695","","","2206","2207","170861","1434111"
"192952","2209","below_species","Methanosarcina mazei Go1","1","131567","2157","","","28890","","","224756","","94695","","","2206","2207","2209","192952"
"1434117","2209","below_species","Methanosarcina mazei WWM610","1","131567","2157","","","28890","","","224756","","94695","","","2206","2207","2209","1434117"
"1434118","38027","below_species","Methanosarcina siciliae C2J","1","131567","2157","","","28890","","","224756","","94695","","","2206","2207","38027","1434118"
"1434120","38027","below_species","Methanosarcina siciliae T4/M","1","131567","2157","","","28890","","","224756","","94695","","","2206","2207","38027","1434120"
"523844","2210","below_species","Methanosarcina thermophila TM-1","1","131567","2157","","","28890","","","224756","","94695","","","2206","2207","2210","523844"
"1434123","2215","below_species","Methanosarcina vacuolata Z-761","1","131567","2157","","","28890","","","224756","","94695","","","2206","2207","2215","1434123"
"339860","2317","below_species","Methanosphaera stadtmanae DSM 3091","1","131567","2157","","","28890","","","183925","","2158","","","2159","2316","2317","339860"
"521011","475088","below_species","Methanosphaerula palustris E1-9c","1","131567","2157","","","28890","","","224756","","2191","","","1198451","475087","475088","521011"
"323259","2203","below_species","Methanospirillum hungatei JF-1","1","131567","2157","","","28890","","","224756","","2191","","","196137","2202","2203","323259"
"79929","145263","below_species","Methanothermobacter marburgensis str. Marburg","1","131567","2157","","","28890","","","183925","","2158","","","2159","145260","145263","79929"
"187420","145262","below_species","Methanothermobacter thermautotrophicus str. Delta H","1","131567","2157","","","28890","","","183925","","2158","","","2159","145260","145262","187420"
"647113","155863","below_species","Methanothermococcus okinawensis IH1","1","131567","2157","","","28890","","","183939","","2182","","","2183","155862","155863","647113"
"523846","2180","below_species","Methanothermus fervidus DSM 2088","1","131567","2157","","","28890","","","183925","","2158","","","2178","2179","2180","523846"
"880724","2189","below_species","Methanotorris igneus Kol 5","1","131567","2157","","","28890","","","183939","","2182","","","196117","196119","2189","880724"
"547559","13769","below_species","Natrialba magadii ATCC 43099","1","131567","2157","","","28890","","","183963","","1644060","","","1644061","63742","13769","547559"
"797303","69525","below_species","Natrinema pellirubrum DSM 15624","1","131567","2157","","","28890","","","183963","","1644060","","","1644061","88723","69525","797303"
"797304","44930","below_species","Natronobacterium gregoryi SP2","1","131567","2157","","","28890","","","183963","","1644060","","","1644061","2256","44930","797304"
"694430","29288","below_species","Natronococcus occultus SP4","1","131567","2157","","","28890","","","183963","","1644060","","","1644061","29287","29288","694430"
"268739","416273","below_species","Natronomonas moolapensis 8.8.11","1","131567","2157","","","28890","","","183963","","2235","","","2236","63743","416273","268739"
"348780","2257","below_species","Natronomonas pharaonis DSM 2160","1","131567","2157","","","28890","","","183963","","2235","","","2236","63743","2257","348780"
"926571","1034015","below_species","Nitrososphaera viennensis EN76","1","131567","2157","1783275","","651137","","","1643678","","1033996","","","1033997","497726","1034015","926571"
"1343739","971279","below_species","Palaeococcus pacificus DY20341","1","131567","2157","","","28890","","","183968","","2258","","","2259","83867","971279","1343739"
"263820","82076","below_species","Picrophilus torridus DSM 9790","1","131567","2157","","","28890","","","183967","","2301","","","46630","46631","82076","263820"
"384616","2277","below_species","Pyrobaculum islandicum DSM 4184","1","131567","2157","1783275","","28889","","","183924","","2266","","","2267","2276","2277","384616"
"272844","29292","below_species","Pyrococcus abyssi GE5","1","131567","2157","","","28890","","","183968","","2258","","","2259","2260","29292","272844"
"186497","2261","below_species","Pyrococcus furiosus DSM 3638","1","131567","2157","","","28890","","","183968","","2258","","","2259","2260","2261","186497"
"529709","1008460","below_species","Pyrococcus yayanosii CH1","1","131567","2157","","","28890","","","183968","","2258","","","2259","2260","1008460","529709"
"694429","54252","below_species","Pyrolobus fumarii 1A","1","131567","2157","1783275","","28889","","","183924","","114380","","","2307","54251","54252","694429"
"591019","84599","below_species","Staphylothermus hellenicus DSM 12710","1","131567","2157","1783275","","28889","","","183924","","114380","","","2272","2279","84599","591019"
"399550","2280","below_species","Staphylothermus marinus F1","1","131567","2157","1783275","","28889","","","183924","","114380","","","2272","2279","2280","399550"
"330779","2285","below_species","Sulfolobus acidocaldarius DSM 639","1","131567","2157","1783275","","28889","","","183924","","2281","","","118883","2284","2285","330779"
"429572","43080","below_species","Sulfolobus islandicus L.S.2.15","1","131567","2157","1783275","","28889","","","183924","","2281","","","118883","2284","43080","429572"
"427317","43080","below_species","Sulfolobus islandicus M.14.25","1","131567","2157","1783275","","28889","","","183924","","2281","","","118883","2284","43080","427317"
"427318","43080","below_species","Sulfolobus islandicus M.16.27","1","131567","2157","1783275","","28889","","","183924","","2281","","","118883","2284","43080","427318"
"426118","43080","below_species","Sulfolobus islandicus M.16.4","1","131567","2157","1783275","","28889","","","183924","","2281","","","118883","2284","43080","426118"
"419942","43080","below_species","Sulfolobus islandicus Y.N.15.51","1","131567","2157","1783275","","28889","","","183924","","2281","","","118883","2284","43080","419942"
"555311","2287","below_species","Sulfolobus solfataricus 98/2","1","131567","2157","1783275","","28889","","","183924","","2281","","","118883","2284","2287","555311"
"273057","2287","below_species","Sulfolobus solfataricus P2","1","131567","2157","1783275","","28889","","","183924","","2281","","","118883","2284","2287","273057"
"273063","111955","below_species","Sulfolobus tokodaii str. 7","1","131567","2157","1783275","","28889","","","183924","","2281","","","118883","2284","111955","273063"
"391623","55802","below_species","Thermococcus barophilus MP","1","131567","2157","","","28890","","","183968","","2258","","","2259","2263","55802","391623"
"593117","187878","below_species","Thermococcus gammatolerans EJ3","1","131567","2157","","","28890","","","183968","","2258","","","2259","2263","187878","593117"
"1432656","110164","below_species","Thermococcus guaymasensis DSM 11113","1","131567","2157","","","28890","","","183968","","2258","","","2259","2263","110164","1432656"
"523849","2265","below_species","Thermococcus litoralis DSM 5473","1","131567","2157","","","28890","","","183968","","2258","","","2259","2263","2265","523849"
"523850","342948","below_species","Thermococcus onnurineus NA1","1","131567","2157","","","28890","","","183968","","2258","","","2259","2263","342948","523850"
"604354","172049","below_species","Thermococcus sibiricus MM 739","1","131567","2157","","","28890","","","183968","","2258","","","2259","2263","172049","604354"
"368408","2269","below_species","Thermofilum pendens Hrk 5","1","131567","2157","1783275","","28889","","","183924","","2266","","","114378","2268","2269","368408"
"1184251","1200300","below_species","Thermogladius cellulolyticus 1633","1","131567","2157","1783275","","28889","","","183924","","114380","","","2272","477695","1200300","1184251"
"273075","2303","below_species","Thermoplasma acidophilum DSM 1728","1","131567","2157","","","28890","","","183967","","2301","","","46659","2302","2303","273075"
"273116","50339","below_species","Thermoplasma volcanium GSS1","1","131567","2157","","","28890","","","183967","","2301","","","46659","2302","50339","273116"
"768679","2271","below_species","Thermoproteus tenax Kra 1","1","131567","2157","1783275","","28889","","","183924","","2266","","","2267","2270","2271","768679"
"999630","184117","below_species","Thermoproteus uzoniensis 768-20","1","131567","2157","1783275","","28889","","","183924","","2266","","","2267","2270","184117","999630"
"633148","54254","below_species","Thermosphaera aggregans DSM 11486","1","131567","2157","1783275","","28889","","","183924","","114380","","","2272","54253","54254","633148"
"572478","164451","below_species","Vulcanisaeta distributa DSM 14429","1","131567","2157","1783275","","28889","","","183924","","2266","","","2267","164450","164451","572478"
"985053","985052","below_species","Vulcanisaeta moutnovskia 768-28","1","131567","2157","1783275","","28889","","","183924","","2266","","","2267","164450","985052","985053"
